mouse,proto,start,rel,nT,dur,nRew,nErrEntries,has_LightOnTrials,nLightOn_inrange,note,n_dupes,dupes_identical
Mouse163,LinearTrack,2024-05-21 15:45:36,Mouse163/LinearTrack/Session Data/Mouse163_LinearTrack_20240521_154536.mat,1,884.2916,1,0,False,,,0,
Mouse163,LinearTrack,2024-05-23 18:50:41,Mouse163/LinearTrack/Session Data/Mouse163_LinearTrack_20240523_185041.mat,4,1552.4952999999998,4,0,False,,,0,
Mouse163,LinearTrack,2024-05-24 18:18:24,Mouse163/LinearTrack/Session Data/Mouse163_LinearTrack_20240524_181824.mat,12,1114.9077,12,0,False,,,0,
Mouse163,LinearTrack,2024-05-26 14:14:01,Mouse163/LinearTrack/Session Data/Mouse163_LinearTrack_20240526_141401.mat,30,1261.9905999999999,30,0,False,,,0,
Mouse163,LinearTrack,2024-05-27 15:17:36,Mouse163/LinearTrack/Session Data/Mouse163_LinearTrack_20240527_151736.mat,36,1219.7277,36,0,False,,,0,
Mouse163,LinearTrack,2024-05-28 12:08:11,Mouse163/LinearTrack/Session Data/Mouse163_LinearTrack_20240528_120811.mat,33,1371.5965,33,0,False,,,0,
Mouse163,LinearTrack,2024-05-29 16:14:51,Mouse163/LinearTrack/Session Data/Mouse163_LinearTrack_20240529_161451.mat,-1,,,,,,LOADFAIL,0,
Mouse163,LinearTrack,2024-05-29 18:51:05,Mouse163/LinearTrack/Session Data/Mouse163_LinearTrack_20240529_185105.mat,42,1276.0737,42,0,False,,,0,
Mouse163,LinearTrack,2024-05-30 13:38:31,Mouse163/LinearTrack/Session Data/Mouse163_LinearTrack_20240530_133831.mat,26,1239.8503,26,0,False,,,0,
Mouse163,LinearTrack,2024-05-31 12:39:23,Mouse163/LinearTrack/Session Data/Mouse163_LinearTrack_20240531_123923.mat,34,1272.7026,34,0,False,,,0,
Mouse163,LinearTrack,2024-06-01 16:01:34,Mouse163/LinearTrack/Session Data/Mouse163_LinearTrack_20240601_160134.mat,36,1150.8636,36,0,False,,,0,
Mouse163,LinearTrack,2024-06-02 15:15:46,Mouse163/LinearTrack/Session Data/Mouse163_LinearTrack_20240602_151546.mat,50,1382.1438,50,0,False,,,0,
Mouse163,LinearTrack,2024-06-03 12:32:49,Mouse163/LinearTrack/Session Data/Mouse163_LinearTrack_20240603_123249.mat,51,1581.479,51,0,False,,,0,
Mouse163,LinearTrack,2024-06-04 10:09:40,Mouse163/LinearTrack/Session Data/Mouse163_LinearTrack_20240604_100940.mat,49,1389.0964,49,0,False,,,0,
Mouse163,LinearTrack,2024-06-05 10:16:55,Mouse163/LinearTrack/Session Data/Mouse163_LinearTrack_20240605_101655.mat,50,1189.2915999999998,50,0,False,,,0,
Mouse163,LinearTrack,2024-06-06 14:11:50,Mouse163/LinearTrack/Session Data/Mouse163_LinearTrack_20240606_141150.mat,55,1220.1671,55,0,False,,,0,
Mouse163,LinearTrack,2024-06-07 12:30:26,Mouse163/LinearTrack/Session Data/Mouse163_LinearTrack_20240607_123026.mat,62,1195.6916999999999,62,0,False,,,0,
Mouse163,LinearTrack,2024-06-08 17:00:00,Mouse163/LinearTrack/Session Data/Mouse163_LinearTrack_20240608_170000.mat,64,1209.0498,64,0,False,,,0,
Mouse163,LinearTrack,2024-06-09 13:56:21,Mouse163/LinearTrack/Session Data/Mouse163_LinearTrack_20240609_135621.mat,64,1191.426,64,0,False,,,0,
Mouse163,LinearTrack,2024-06-10 15:27:22,Mouse163/LinearTrack/Session Data/Mouse163_LinearTrack_20240610_152722.mat,40,972.6469,40,0,False,,,0,
Mouse163,LinearTrack,2024-06-11 13:40:22,Mouse163/LinearTrack/Session Data/Mouse163_LinearTrack_20240611_134022.mat,34,994.6927,34,0,False,,,0,
Mouse163,LinearTrack,2024-06-12 16:18:16,Mouse163/LinearTrack/Session Data/Mouse163_LinearTrack_20240612_161816.mat,33,952.1841000000001,33,0,False,,,0,
Mouse163,LinearTrack,2024-06-13 17:08:14,Mouse163/LinearTrack/Session Data/Mouse163_LinearTrack_20240613_170814.mat,28,787.9986,28,0,False,,,0,
Mouse163,LinearTrack,2024-06-14 16:50:52,Mouse163/LinearTrack/Session Data/Mouse163_LinearTrack_20240614_165052.mat,1,3.9352000000000005,1,0,False,,,0,
Mouse163,LinearTrack,2024-06-14 16:51:38,Mouse163/LinearTrack/Session Data/Mouse163_LinearTrack_20240614_165138.mat,31,769.0201999999999,31,0,False,,,0,
Mouse163,LinearTrack,2024-06-15 17:23:36,Mouse163/LinearTrack/Session Data/Mouse163_LinearTrack_20240615_172336.mat,32,873.2984,32,0,False,,,0,
Mouse163,LinearTrack,2024-06-16 09:21:21,Mouse163/LinearTrack/Session Data/Mouse163_LinearTrack_20240616_092121.mat,28,923.2894,28,0,False,,,0,
Mouse163,LinearTrack,2024-06-17 16:53:20,Mouse163/LinearTrack/Session Data/Mouse163_LinearTrack_20240617_165320.mat,34,776.8068999999999,34,0,False,,,0,
Mouse163,LinearTrack,2024-06-18 13:51:12,Mouse163/LinearTrack/Session Data/Mouse163_LinearTrack_20240618_135112.mat,35,912.099,35,0,False,,,0,
Mouse163,LinearTrack,2024-06-19 09:50:16,Mouse163/LinearTrack/Session Data/Mouse163_LinearTrack_20240619_095016.mat,27,941.2384999999999,27,0,False,,,0,
Mouse163,LinearTrack,2024-06-20 15:05:42,Mouse163/LinearTrack/Session Data/Mouse163_LinearTrack_20240620_150542.mat,29,908.7052,29,0,False,,,0,
Mouse163,LinearTrack,2024-06-21 12:28:31,Mouse163/LinearTrack/Session Data/Mouse163_LinearTrack_20240621_122831.mat,42,914.5602,42,0,False,,,0,
Mouse163,LinearTrack,2024-06-22 16:18:26,Mouse163/LinearTrack/Session Data/Mouse163_LinearTrack_20240622_161826.mat,34,906.928,34,0,False,,,0,
Mouse163,LinearTrack,2024-06-23 11:34:12,Mouse163/LinearTrack/Session Data/Mouse163_LinearTrack_20240623_113412.mat,25,922.7576,25,0,False,,,0,
Mouse163,LinearTrack,2024-06-24 13:28:34,Mouse163/LinearTrack/Session Data/Mouse163_LinearTrack_20240624_132834.mat,40,649.4463,40,0,False,,,0,
Mouse163,LinearTrack,2024-06-25 16:28:56,Mouse163/LinearTrack/Session Data/Mouse163_LinearTrack_20240625_162856.mat,34,1047.0353,34,0,False,,,0,
Mouse163,LinearTrack,2024-06-26 16:20:48,Mouse163/LinearTrack/Session Data/Mouse163_LinearTrack_20240626_162048.mat,28,611.5639,28,0,False,,,0,
Mouse163,LinearTrack,2024-06-27 15:04:13,Mouse163/LinearTrack/Session Data/Mouse163_LinearTrack_20240627_150413.mat,31,888.1545,31,0,False,,,0,
Mouse163,LinearTrack,2024-06-28 15:55:54,Mouse163/LinearTrack/Session Data/Mouse163_LinearTrack_20240628_155554.mat,41,442.4288,41,0,False,,,0,
Mouse163,LinearTrack,2024-06-29 18:48:12,Mouse163/LinearTrack/Session Data/Mouse163_LinearTrack_20240629_184812.mat,40,580.9717,40,0,False,,,0,
Mouse163,LinearTrack,2024-07-18 17:18:18,Mouse163/LinearTrack/Session Data/Mouse163_LinearTrack_20240718_171818.mat,32,945.0604999999999,32,0,False,,,0,
Mouse163,LinearTrack,2024-07-19 14:12:01,Mouse163/LinearTrack/Session Data/Mouse163_LinearTrack_20240719_141201.mat,31,966.736,31,0,False,,,0,
Mouse163,TMaze2,2024-06-10 15:09:09,Mouse163/TMaze2/Session Data/Mouse163_TMaze2_20240610_150909.mat,5,416.9658,5,4,False,,,1,True
Mouse163,TMaze2,2024-06-11 13:14:57,Mouse163/TMaze2/Session Data/Mouse163_TMaze2_20240611_131457.mat,13,749.3564,13,9,False,,,1,True
Mouse163,TMaze2,2024-06-12 15:54:15,Mouse163/TMaze2/Session Data/Mouse163_TMaze2_20240612_155415.mat,8,958.5866,8,14,False,,,1,True
Mouse163,TMaze2,2024-06-13 16:44:14,Mouse163/TMaze2/Session Data/Mouse163_TMaze2_20240613_164414.mat,30,960.0826000000001,30,19,False,,,1,True
Mouse163,TMaze2,2024-06-14 16:26:12,Mouse163/TMaze2/Session Data/Mouse163_TMaze2_20240614_162612.mat,25,936.6378,25,22,False,,,1,True
Mouse163,TMaze2,2024-06-15 16:59:26,Mouse163/TMaze2/Session Data/Mouse163_TMaze2_20240615_165926.mat,27,975.1756,27,20,False,,,1,True
Mouse163,TMaze2,2024-06-16 08:54:06,Mouse163/TMaze2/Session Data/Mouse163_TMaze2_20240616_085406.mat,24,920.6202,24,16,False,,,1,True
Mouse163,TMaze2,2024-06-17 16:29:01,Mouse163/TMaze2/Session Data/Mouse163_TMaze2_20240617_162901.mat,34,917.7777000000001,34,24,False,,,1,True
Mouse163,TMaze2,2024-06-18 13:27:20,Mouse163/TMaze2/Session Data/Mouse163_TMaze2_20240618_132720.mat,17,965.9748,17,21,False,,,1,True
Mouse163,TMaze2,2024-06-19 09:25:38,Mouse163/TMaze2/Session Data/Mouse163_TMaze2_20240619_092538.mat,39,922.6252000000001,39,18,False,,,1,True
Mouse163,TMaze2,2024-06-20 14:34:47,Mouse163/TMaze2/Session Data/Mouse163_TMaze2_20240620_143447.mat,33,907.866,33,14,False,,,1,True
Mouse163,TMaze2,2024-06-21 12:52:23,Mouse163/TMaze2/Session Data/Mouse163_TMaze2_20240621_125223.mat,24,840.5214,24,12,False,,,1,True
Mouse163,TMaze2,2024-06-22 15:55:15,Mouse163/TMaze2/Session Data/Mouse163_TMaze2_20240622_155515.mat,39,897.4057,39,23,False,,,1,True
Mouse163,TMaze2,2024-06-23 11:10:40,Mouse163/TMaze2/Session Data/Mouse163_TMaze2_20240623_111040.mat,38,907.2985,38,16,False,,,1,True
Mouse163,TMaze2,2024-06-24 13:47:10,Mouse163/TMaze2/Session Data/Mouse163_TMaze2_20240624_134710.mat,24,872.8281999999999,24,6,False,,,1,True
Mouse163,TMaze2,2024-06-25 16:05:08,Mouse163/TMaze2/Session Data/Mouse163_TMaze2_20240625_160508.mat,41,928.4317,41,18,False,,,1,True
Mouse163,TMaze2,2024-06-26 15:57:32,Mouse163/TMaze2/Session Data/Mouse163_TMaze2_20240626_155732.mat,44,944.674,44,15,False,,,1,True
Mouse163,TMaze2,2024-06-27 14:39:38,Mouse163/TMaze2/Session Data/Mouse163_TMaze2_20240627_143938.mat,36,917.5909,36,13,False,,,1,True
Mouse163,TMaze2,2024-06-28 16:13:30,Mouse163/TMaze2/Session Data/Mouse163_TMaze2_20240628_161330.mat,41,895.0177,41,14,False,,,1,True
Mouse163,TMaze2,2024-06-29 19:07:18,Mouse163/TMaze2/Session Data/Mouse163_TMaze2_20240629_190718.mat,34,915.6752,34,12,False,,,1,True
Mouse163,TMaze2,2024-07-18 17:41:52,Mouse163/TMaze2/Session Data/Mouse163_TMaze2_20240718_174152.mat,9,636.609,9,2,False,,,1,True
Mouse163,TMaze2,2024-07-19 14:40:35,Mouse163/TMaze2/Session Data/Mouse163_TMaze2_20240719_144035.mat,8,579.5587,8,3,False,,,1,True
Mouse1636,LinearTrack,2024-05-22 18:17:14,Mouse1636/LinearTrack/Session Data/Mouse1636_LinearTrack_20240522_181714.mat,1,52.6583,1,0,False,,,0,
Mouse1636,LinearTrack,2024-05-23 17:41:37,Mouse1636/LinearTrack/Session Data/Mouse1636_LinearTrack_20240523_174137.mat,4,961.9008,4,0,False,,,0,
Mouse1636,LinearTrack,2024-05-24 17:42:06,Mouse1636/LinearTrack/Session Data/Mouse1636_LinearTrack_20240524_174206.mat,6,992.7989,6,0,False,,,0,
Mouse1636,LinearTrack,2024-05-25 17:56:41,Mouse1636/LinearTrack/Session Data/Mouse1636_LinearTrack_20240525_175641.mat,12,1322.194,12,0,False,,,0,
Mouse1636,LinearTrack,2024-05-26 15:16:03,Mouse1636/LinearTrack/Session Data/Mouse1636_LinearTrack_20240526_151603.mat,18,1076.33,18,0,False,,,0,
Mouse1636,LinearTrack,2024-05-27 13:33:44,Mouse1636/LinearTrack/Session Data/Mouse1636_LinearTrack_20240527_133344.mat,36,1496.6476,36,0,False,,,0,
Mouse1636,LinearTrack,2024-05-28 13:20:38,Mouse1636/LinearTrack/Session Data/Mouse1636_LinearTrack_20240528_132038.mat,1,28.2333,1,0,False,,,0,
Mouse1636,LinearTrack,2024-05-28 13:29:35,Mouse1636/LinearTrack/Session Data/Mouse1636_LinearTrack_20240528_132935.mat,63,1290.4973,63,0,False,,,0,
Mouse1636,LinearTrack,2024-05-29 18:15:17,Mouse1636/LinearTrack/Session Data/Mouse1636_LinearTrack_20240529_181517.mat,68,1281.8072,68,0,False,,,0,
Mouse1636,LinearTrack,2024-05-30 13:08:52,Mouse1636/LinearTrack/Session Data/Mouse1636_LinearTrack_20240530_130852.mat,50,1218.0421000000001,50,0,False,,,0,
Mouse1636,LinearTrack,2024-05-31 14:14:28,Mouse1636/LinearTrack/Session Data/Mouse1636_LinearTrack_20240531_141428.mat,54,1270.9132000000002,54,0,False,,,0,
Mouse1636,LinearTrack,2024-06-01 15:28:26,Mouse1636/LinearTrack/Session Data/Mouse1636_LinearTrack_20240601_152826.mat,52,1285.924,52,0,False,,,0,
Mouse1636,LinearTrack,2024-06-02 14:43:59,Mouse1636/LinearTrack/Session Data/Mouse1636_LinearTrack_20240602_144359.mat,57,1124.4397,57,0,False,,,0,
Mouse1636,LinearTrack,2024-06-03 13:08:26,Mouse1636/LinearTrack/Session Data/Mouse1636_LinearTrack_20240603_130826.mat,55,1162.2838,55,0,False,,,0,
Mouse1636,LinearTrack,2024-06-04 09:32:51,Mouse1636/LinearTrack/Session Data/Mouse1636_LinearTrack_20240604_093251.mat,59,1423.27,59,0,False,,,0,
Mouse1636,LinearTrack,2024-06-05 08:57:50,Mouse1636/LinearTrack/Session Data/Mouse1636_LinearTrack_20240605_085750.mat,64,1240.5971,64,0,False,,,0,
Mouse1636,LinearTrack,2024-06-06 13:10:26,Mouse1636/LinearTrack/Session Data/Mouse1636_LinearTrack_20240606_131026.mat,59,1259.0368999999998,59,0,False,,,0,
Mouse1636,LinearTrack,2024-06-07 13:32:18,Mouse1636/LinearTrack/Session Data/Mouse1636_LinearTrack_20240607_133218.mat,65,1090.5087,65,0,False,,,0,
Mouse1636,LinearTrack,2024-06-08 16:31:29,Mouse1636/LinearTrack/Session Data/Mouse1636_LinearTrack_20240608_163129.mat,72,1140.136,72,0,False,,,0,
Mouse1636,LinearTrack,2024-06-09 14:28:19,Mouse1636/LinearTrack/Session Data/Mouse1636_LinearTrack_20240609_142819.mat,62,1051.9954,62,0,False,,,0,
Mouse1636,LinearTrack,2024-06-10 17:19:19,Mouse1636/LinearTrack/Session Data/Mouse1636_LinearTrack_20240610_171919.mat,47,808.9453,47,0,False,,,0,
Mouse1636,LinearTrack,2024-06-11 15:28:31,Mouse1636/LinearTrack/Session Data/Mouse1636_LinearTrack_20240611_152831.mat,27,904.5287999999999,27,0,False,,,0,
Mouse1636,LinearTrack,2024-06-12 14:29:31,Mouse1636/LinearTrack/Session Data/Mouse1636_LinearTrack_20240612_142931.mat,25,827.6256,25,0,False,,,0,
Mouse1636,LinearTrack,2024-06-13 14:48:13,Mouse1636/LinearTrack/Session Data/Mouse1636_LinearTrack_20240613_144813.mat,21,687.8571000000001,21,0,False,,,0,
Mouse1636,LinearTrack,2024-06-14 13:48:15,Mouse1636/LinearTrack/Session Data/Mouse1636_LinearTrack_20240614_134815.mat,8,743.0627,8,0,False,,,0,
Mouse1636,LinearTrack,2024-06-15 18:20:17,Mouse1636/LinearTrack/Session Data/Mouse1636_LinearTrack_20240615_182017.mat,38,761.8566000000001,38,0,False,,,0,
Mouse1636,LinearTrack,2024-06-16 12:06:51,Mouse1636/LinearTrack/Session Data/Mouse1636_LinearTrack_20240616_120651.mat,24,840.6632999999999,24,0,False,,,0,
Mouse1636,LinearTrack,2024-06-17 11:34:17,Mouse1636/LinearTrack/Session Data/Mouse1636_LinearTrack_20240617_113417.mat,15,238.7003,15,0,False,,,0,
Mouse1636,LinearTrack,2024-06-18 12:55:40,Mouse1636/LinearTrack/Session Data/Mouse1636_LinearTrack_20240618_125540.mat,18,581.3138,18,0,False,,,0,
Mouse1636,LinearTrack,2024-06-19 13:09:51,Mouse1636/LinearTrack/Session Data/Mouse1636_LinearTrack_20240619_130951.mat,33,918.5916,33,0,False,,,0,
Mouse1636,LinearTrack,2024-06-20 15:49:21,Mouse1636/LinearTrack/Session Data/Mouse1636_LinearTrack_20240620_154921.mat,7,249.6859,7,0,False,,,0,
Mouse1636,LinearTrack,2024-06-25 15:06:28,Mouse1636/LinearTrack/Session Data/Mouse1636_LinearTrack_20240625_150628.mat,39,908.8725000000001,39,0,False,,,0,
Mouse1636,LinearTrack,2024-06-26 13:22:23,Mouse1636/LinearTrack/Session Data/Mouse1636_LinearTrack_20240626_132223.mat,37,606.9945,37,0,False,,,0,
Mouse1636,LinearTrack,2024-06-28 18:08:42,Mouse1636/LinearTrack/Session Data/Mouse1636_LinearTrack_20240628_180842.mat,74,951.9973,74,0,False,,,0,
Mouse1636,LinearTrack,2024-06-29 18:03:04,Mouse1636/LinearTrack/Session Data/Mouse1636_LinearTrack_20240629_180304.mat,41,422.4841,41,0,False,,,0,
Mouse1636,LinearTrack,2024-07-18 13:19:15,Mouse1636/LinearTrack/Session Data/Mouse1636_LinearTrack_20240718_131915.mat,56,922.9409,56,0,False,,,0,
Mouse1636,TMaze2,2024-06-10 16:49:42,Mouse1636/TMaze2/Session Data/Mouse1636_TMaze2_20240610_164942.mat,9,1033.3248,9,14,False,,,1,True
Mouse1636,TMaze2,2024-06-11 15:03:35,Mouse1636/TMaze2/Session Data/Mouse1636_TMaze2_20240611_150335.mat,31,945.1946,31,19,False,,,1,True
Mouse1636,TMaze2,2024-06-12 14:05:40,Mouse1636/TMaze2/Session Data/Mouse1636_TMaze2_20240612_140540.mat,23,935.8648000000001,23,22,False,,,1,True
Mouse1636,TMaze2,2024-06-13 14:19:36,Mouse1636/TMaze2/Session Data/Mouse1636_TMaze2_20240613_141936.mat,34,954.7152,34,23,False,,,1,True
Mouse1636,TMaze2,2024-06-15 17:55:24,Mouse1636/TMaze2/Session Data/Mouse1636_TMaze2_20240615_175524.mat,26,917.4751,26,22,False,,,1,True
Mouse1636,TMaze2,2024-06-16 11:42:21,Mouse1636/TMaze2/Session Data/Mouse1636_TMaze2_20240616_114221.mat,39,926.634,39,18,False,,,1,True
Mouse1636,TMaze2,2024-06-17 11:07:25,Mouse1636/TMaze2/Session Data/Mouse1636_TMaze2_20240617_110725.mat,37,914.0285,37,18,False,,,1,True
Mouse1636,TMaze2,2024-06-18 12:29:55,Mouse1636/TMaze2/Session Data/Mouse1636_TMaze2_20240618_122955.mat,45,948.5139,45,14,False,,,1,True
Mouse1636,TMaze2,2024-06-25 15:31:01,Mouse1636/TMaze2/Session Data/Mouse1636_TMaze2_20240625_153101.mat,26,930.6768999999999,26,14,False,,,1,True
Mouse1636,TMaze2,2024-06-26 13:40:59,Mouse1636/TMaze2/Session Data/Mouse1636_TMaze2_20240626_134059.mat,20,979.7551,20,15,False,,,1,True
Mouse1636,TMaze2,2024-06-29 18:18:18,Mouse1636/TMaze2/Session Data/Mouse1636_TMaze2_20240629_181818.mat,35,897.1193,35,15,False,,,1,True
Mouse1639,TMaze2,2024-06-14 13:24:27,Mouse1636/TMaze2/Session Data/Mouse1639_TMaze2_20240614_132427.mat,36,910.5284999999999,36,18,False,,,1,True
Mouse1636,TMaze2,2024-06-27 14:09:29,Mouse1636/TMaze4/Session Data/Mouse1636_TMaze2_20240627_140929.mat,39,907.6588999999999,39,10,False,,,0,
Mouse1636,TMaze4,2024-06-19 12:46:20,Mouse1636/TMaze4/Session Data/Mouse1636_TMaze4_20240619_124620.mat,21,843.0070999999999,21,9,True,15,,0,
Mouse1637,LinearTrack,2024-05-21 16:42:40,Mouse1637/LinearTrack/Session Data/Mouse1637_LinearTrack_20240521_164240.mat,1,552.9499999999999,1,0,False,,,0,
Mouse1637,LinearTrack,2024-05-24 18:48:58,Mouse1637/LinearTrack/Session Data/Mouse1637_LinearTrack_20240524_184858.mat,5,1179.176,5,0,False,,,0,
Mouse1637,LinearTrack,2024-05-25 18:33:55,Mouse1637/LinearTrack/Session Data/Mouse1637_LinearTrack_20240525_183355.mat,10,881.5919,10,0,False,,,0,
Mouse1637,LinearTrack,2024-05-26 14:44:37,Mouse1637/LinearTrack/Session Data/Mouse1637_LinearTrack_20240526_144437.mat,31,1279.3184999999999,31,0,False,,,0,
Mouse1637,LinearTrack,2024-05-27 14:08:59,Mouse1637/LinearTrack/Session Data/Mouse1637_LinearTrack_20240527_140859.mat,32,1279.5177,32,0,False,,,0,
Mouse1637,LinearTrack,2024-05-28 12:42:54,Mouse1637/LinearTrack/Session Data/Mouse1637_LinearTrack_20240528_124254.mat,45,1528.2481,45,0,False,,,0,
Mouse1637,LinearTrack,2024-05-29 16:57:01,Mouse1637/LinearTrack/Session Data/Mouse1637_LinearTrack_20240529_165701.mat,50,1238.0666,50,0,False,,,0,
Mouse1637,LinearTrack,2024-05-30 14:43:40,Mouse1637/LinearTrack/Session Data/Mouse1637_LinearTrack_20240530_144340.mat,49,1152.0845000000002,49,0,False,,,0,
Mouse1637,LinearTrack,2024-05-31 13:42:30,Mouse1637/LinearTrack/Session Data/Mouse1637_LinearTrack_20240531_134230.mat,50,1209.4116000000001,50,0,False,,,0,
Mouse1637,LinearTrack,2024-06-01 17:02:47,Mouse1637/LinearTrack/Session Data/Mouse1637_LinearTrack_20240601_170247.mat,57,1267.073,57,0,False,,,0,
Mouse1637,LinearTrack,2024-06-02 13:42:42,Mouse1637/LinearTrack/Session Data/Mouse1637_LinearTrack_20240602_134242.mat,51,1179.6301,51,0,False,,,0,
Mouse1637,LinearTrack,2024-06-03 11:55:43,Mouse1637/LinearTrack/Session Data/Mouse1637_LinearTrack_20240603_115543.mat,60,1218.8744000000002,60,0,False,,,0,
Mouse1637,LinearTrack,2024-06-04 10:43:41,Mouse1637/LinearTrack/Session Data/Mouse1637_LinearTrack_20240604_104341.mat,58,1225.7595000000001,58,0,False,,,0,
Mouse1637,LinearTrack,2024-06-05 09:28:21,Mouse1637/LinearTrack/Session Data/Mouse1637_LinearTrack_20240605_092821.mat,53,1474.8155,53,0,False,,,0,
Mouse1637,LinearTrack,2024-06-06 14:41:43,Mouse1637/LinearTrack/Session Data/Mouse1637_LinearTrack_20240606_144143.mat,56,1216.8202999999999,56,0,False,,,0,
Mouse1637,LinearTrack,2024-06-07 13:01:01,Mouse1637/LinearTrack/Session Data/Mouse1637_LinearTrack_20240607_130101.mat,56,1086.0148,56,0,False,,,0,
Mouse1637,LinearTrack,2024-06-08 16:02:47,Mouse1637/LinearTrack/Session Data/Mouse1637_LinearTrack_20240608_160247.mat,64,1205.8752,64,0,False,,,0,
Mouse1637,LinearTrack,2024-06-09 14:57:49,Mouse1637/LinearTrack/Session Data/Mouse1637_LinearTrack_20240609_145749.mat,60,1209.2498,60,0,False,,,0,
Mouse1637,LinearTrack,2024-06-10 18:33:37,Mouse1637/LinearTrack/Session Data/Mouse1637_LinearTrack_20240610_183337.mat,62,884.2338000000001,62,0,False,,,0,
Mouse1637,LinearTrack,2024-06-11 14:35:24,Mouse1637/LinearTrack/Session Data/Mouse1637_LinearTrack_20240611_143524.mat,49,861.7912,49,0,False,,,0,
Mouse1637,LinearTrack,2024-06-12 13:37:53,Mouse1637/LinearTrack/Session Data/Mouse1637_LinearTrack_20240612_133753.mat,36,983.7017,36,0,False,,,0,
Mouse1637,LinearTrack,2024-06-13 16:01:37,Mouse1637/LinearTrack/Session Data/Mouse1637_LinearTrack_20240613_160137.mat,53,914.7837,53,0,False,,,0,
Mouse1637,LinearTrack,2024-06-14 17:49:45,Mouse1637/LinearTrack/Session Data/Mouse1637_LinearTrack_20240614_174945.mat,26,470.3705,26,0,False,,,0,
Mouse1637,LinearTrack,2024-06-15 15:29:27,Mouse1637/LinearTrack/Session Data/Mouse1637_LinearTrack_20240615_152927.mat,42,965.2356,42,0,False,,,0,
Mouse1637,LinearTrack,2024-06-16 10:16:10,Mouse1637/LinearTrack/Session Data/Mouse1637_LinearTrack_20240616_101610.mat,47,921.6219000000001,47,0,False,,,0,
Mouse1637,LinearTrack,2024-06-17 17:49:11,Mouse1637/LinearTrack/Session Data/Mouse1637_LinearTrack_20240617_174911.mat,52,895.9388,52,0,False,,,0,
Mouse1637,LinearTrack,2024-06-18 16:01:15,Mouse1637/LinearTrack/Session Data/Mouse1637_LinearTrack_20240618_160115.mat,32,500.8993,32,0,False,,,0,
Mouse1637,LinearTrack,2024-06-19 10:45:25,Mouse1637/LinearTrack/Session Data/Mouse1637_LinearTrack_20240619_104525.mat,38,607.6885,38,0,False,,,0,
Mouse1637,LinearTrack,2024-06-20 14:04:26,Mouse1637/LinearTrack/Session Data/Mouse1637_LinearTrack_20240620_140426.mat,36,899.2121000000001,36,0,False,,,0,
Mouse1637,LinearTrack,2024-06-21 13:28:13,Mouse1637/LinearTrack/Session Data/Mouse1637_LinearTrack_20240621_132813.mat,39,629.4017,39,0,False,,,0,
Mouse1637,LinearTrack,2024-06-22 17:15:10,Mouse1637/LinearTrack/Session Data/Mouse1637_LinearTrack_20240622_171510.mat,28,412.8491,28,0,False,,,0,
Mouse1637,LinearTrack,2024-06-23 09:40:57,Mouse1637/LinearTrack/Session Data/Mouse1637_LinearTrack_20240623_094057.mat,34,677.6199,34,0,False,,,0,
Mouse1637,LinearTrack,2024-06-24 15:16:12,Mouse1637/LinearTrack/Session Data/Mouse1637_LinearTrack_20240624_151612.mat,45,623.875,45,0,False,,,0,
Mouse1637,LinearTrack,2024-06-25 18:05:07,Mouse1637/LinearTrack/Session Data/Mouse1637_LinearTrack_20240625_180507.mat,33,793.3276000000001,33,0,False,,,0,
Mouse1637,LinearTrack,2024-06-26 14:40:14,Mouse1637/LinearTrack/Session Data/Mouse1637_LinearTrack_20240626_144014.mat,17,724.1069,17,0,False,,,0,
Mouse1637,LinearTrack,2024-06-27 16:44:09,Mouse1637/LinearTrack/Session Data/Mouse1637_LinearTrack_20240627_164409.mat,30,704.1776,30,0,False,,,0,
Mouse1637,LinearTrack,2024-06-28 14:06:17,Mouse1637/LinearTrack/Session Data/Mouse1637_LinearTrack_20240628_140617.mat,40,770.0243,40,0,False,,,0,
Mouse1637,LinearTrack,2024-06-29 17:15:38,Mouse1637/LinearTrack/Session Data/Mouse1637_LinearTrack_20240629_171538.mat,43,501.15479999999997,43,0,False,,,0,
Mouse1637,LinearTrack,2024-07-18 16:16:44,Mouse1637/LinearTrack/Session Data/Mouse1637_LinearTrack_20240718_161644.mat,23,803.2452,23,0,False,,,0,
Mouse1637,LinearTrack,2024-07-19 15:13:18,Mouse1637/LinearTrack/Session Data/Mouse1637_LinearTrack_20240719_151318.mat,26,1054.6176,26,0,False,,,0,
Mouse1637,LinearTrack,2024-10-02 13:38:37,Mouse1637/LinearTrack/Session Data/Mouse1637_LinearTrack_20241002_133837.mat,9,828.8956,9,0,False,,,0,
Mouse1637,LinearTrack,2024-10-03 14:21:42,Mouse1637/LinearTrack/Session Data/Mouse1637_LinearTrack_20241003_142142.mat,32,976.7944,32,0,False,,,0,
Mouse1637,LinearTrack,2024-10-04 13:18:44,Mouse1637/LinearTrack/Session Data/Mouse1637_LinearTrack_20241004_131844.mat,47,837.6414,47,0,False,,,0,
Mouse1637,LinearTrack,2024-10-05 15:02:39,Mouse1637/LinearTrack/Session Data/Mouse1637_LinearTrack_20241005_150239.mat,23,766.6732000000001,23,0,False,,,0,
Mouse1637,LinearTrack,2024-10-06 12:48:52,Mouse1637/LinearTrack/Session Data/Mouse1637_LinearTrack_20241006_124852.mat,27,537.7548,27,0,False,,,0,
Mouse1637,LinearTrack,2024-10-07 14:02:53,Mouse1637/LinearTrack/Session Data/Mouse1637_LinearTrack_20241007_140253.mat,26,909.2676,26,0,False,,,0,
Mouse1637,LinearTrack,2024-10-08 13:45:06,Mouse1637/LinearTrack/Session Data/Mouse1637_LinearTrack_20241008_134506.mat,22,889.1989000000001,22,0,False,,,0,
Mouse1637,LinearTrack,2024-10-09 14:12:52,Mouse1637/LinearTrack/Session Data/Mouse1637_LinearTrack_20241009_141252.mat,29,915.4286000000001,29,0,False,,,0,
Mouse1637,LinearTrack,2024-10-10 12:59:01,Mouse1637/LinearTrack/Session Data/Mouse1637_LinearTrack_20241010_125901.mat,17,340.8249,17,0,False,,,0,
Mouse1637,LinearTrack,2024-10-11 15:17:35,Mouse1637/LinearTrack/Session Data/Mouse1637_LinearTrack_20241011_151735.mat,31,445.3323,31,0,False,,,0,
Mouse1637,LinearTrack,2024-10-12 14:56:25,Mouse1637/LinearTrack/Session Data/Mouse1637_LinearTrack_20241012_145625.mat,30,472.8364,30,0,False,,,0,
Mouse1637,LinearTrack,2024-10-13 14:31:05,Mouse1637/LinearTrack/Session Data/Mouse1637_LinearTrack_20241013_143105.mat,18,303.58570000000003,18,0,False,,,0,
Mouse1637,LinearTrack,2024-10-14 13:05:54,Mouse1637/LinearTrack/Session Data/Mouse1637_LinearTrack_20241014_130554.mat,16,676.9712999999999,16,0,False,,,0,
Mouse1637,LinearTrack,2024-10-15 14:43:10,Mouse1637/LinearTrack/Session Data/Mouse1637_LinearTrack_20241015_144310.mat,23,266.2394,23,0,False,,,0,
Mouse1637,LinearTrack,2024-10-16 13:39:05,Mouse1637/LinearTrack/Session Data/Mouse1637_LinearTrack_20241016_133905.mat,29,774.0452,29,0,False,,,0,
Mouse1637,LinearTrack,2024-10-17 15:03:01,Mouse1637/LinearTrack/Session Data/Mouse1637_LinearTrack_20241017_150301.mat,53,904.0418999999999,53,0,False,,,0,
Mouse1637,LinearTrack,2024-10-18 13:46:36,Mouse1637/LinearTrack/Session Data/Mouse1637_LinearTrack_20241018_134636.mat,22,542.4997000000001,22,0,False,,,0,
Mouse1637,LinearTrack,2024-10-19 16:09:09,Mouse1637/LinearTrack/Session Data/Mouse1637_LinearTrack_20241019_160909.mat,34,840.2817,34,0,False,,,0,
Mouse1637,LinearTrack,2024-10-20 14:33:11,Mouse1637/LinearTrack/Session Data/Mouse1637_LinearTrack_20241020_143311.mat,14,245.9391,14,0,False,,,0,
Mouse1637,LinearTrack,2024-10-21 15:00:51,Mouse1637/LinearTrack/Session Data/Mouse1637_LinearTrack_20241021_150051.mat,21,334.496,21,0,False,,,0,
Mouse1637,LinearTrack,2024-10-22 12:51:48,Mouse1637/LinearTrack/Session Data/Mouse1637_LinearTrack_20241022_125148.mat,18,746.7354,18,0,False,,,0,
Mouse1637,LinearTrack,2024-10-23 13:53:24,Mouse1637/LinearTrack/Session Data/Mouse1637_LinearTrack_20241023_135324.mat,11,900.3458,11,0,False,,,0,
Mouse1637,LinearTrack,2024-10-25 13:40:28,Mouse1637/LinearTrack/Session Data/Mouse1637_LinearTrack_20241025_134028.mat,16,182.46980000000002,16,0,False,,,0,
Mouse1637,LinearTrack,2024-10-26 13:13:11,Mouse1637/LinearTrack/Session Data/Mouse1637_LinearTrack_20241026_131311.mat,22,1800.8857,21,0,False,,,0,
Mouse1637,LinearTrack,2024-10-27 15:22:19,Mouse1637/LinearTrack/Session Data/Mouse1637_LinearTrack_20241027_152219.mat,21,248.2123,21,0,False,,,0,
Mouse1637,LinearTrack,2024-10-28 14:54:31,Mouse1637/LinearTrack/Session Data/Mouse1637_LinearTrack_20241028_145431.mat,11,168.179,11,0,False,,,0,
Mouse1637,LinearTrack,2024-10-29 15:19:04,Mouse1637/LinearTrack/Session Data/Mouse1637_LinearTrack_20241029_151904.mat,26,273.147,26,0,False,,,0,
Mouse1637,LinearTrack,2024-10-30 14:35:04,Mouse1637/LinearTrack/Session Data/Mouse1637_LinearTrack_20241030_143504.mat,27,358.0493,27,0,False,,,0,
Mouse1637,LinearTrack,2024-10-31 13:45:57,Mouse1637/LinearTrack/Session Data/Mouse1637_LinearTrack_20241031_134557.mat,57,663.4243,57,0,False,,,0,
Mouse1637,LinearTrack,2024-11-01 13:13:49,Mouse1637/LinearTrack/Session Data/Mouse1637_LinearTrack_20241101_131349.mat,70,727.4107,70,0,False,,,0,
Mouse1637,LinearTrack,2024-11-02 13:11:39,Mouse1637/LinearTrack/Session Data/Mouse1637_LinearTrack_20241102_131139.mat,55,598.7942,55,0,False,,,0,
Mouse1637,LinearTrack,2024-11-03 13:18:01,Mouse1637/LinearTrack/Session Data/Mouse1637_LinearTrack_20241103_131801.mat,74,684.7563,74,0,False,,,0,
Mouse1637,LinearTrack,2024-11-04 14:03:57,Mouse1637/LinearTrack/Session Data/Mouse1637_LinearTrack_20241104_140357.mat,9,135.7854,9,0,False,,,0,
Mouse1637,LinearTrack,2024-11-04 14:25:12,Mouse1637/LinearTrack/Session Data/Mouse1637_LinearTrack_20241104_142512.mat,56,662.8732,56,0,False,,,0,
Mouse1637,LinearTrack,2024-11-05 14:38:09,Mouse1637/LinearTrack/Session Data/Mouse1637_LinearTrack_20241105_143809.mat,75,816.3399,75,0,False,,,0,
Mouse1637,LinearTrack,2024-11-06 14:58:37,Mouse1637/LinearTrack/Session Data/Mouse1637_LinearTrack_20241106_145837.mat,52,451.4312,52,0,False,,,0,
Mouse1637,LinearTrack,2024-11-07 14:10:41,Mouse1637/LinearTrack/Session Data/Mouse1637_LinearTrack_20241107_141041.mat,62,725.1686,62,0,False,,,0,
Mouse1637,LinearTrack,2024-11-08 14:17:47,Mouse1637/LinearTrack/Session Data/Mouse1637_LinearTrack_20241108_141747.mat,69,750.6948,69,0,False,,,0,
Mouse1637,LinearTrack,2024-11-09 14:31:25,Mouse1637/LinearTrack/Session Data/Mouse1637_LinearTrack_20241109_143125.mat,75,839.6986999999999,75,0,False,,,0,
Mouse1637,LinearTrack,2024-11-10 15:03:11,Mouse1637/LinearTrack/Session Data/Mouse1637_LinearTrack_20241110_150311.mat,78,827.6803,78,0,False,,,0,
Mouse1637,LinearTrack,2024-11-11 14:15:25,Mouse1637/LinearTrack/Session Data/Mouse1637_LinearTrack_20241111_141525.mat,59,631.8466999999999,59,0,False,,,0,
Mouse1637,LinearTrack,2024-11-12 11:58:10,Mouse1637/LinearTrack/Session Data/Mouse1637_LinearTrack_20241112_115810.mat,70,848.1065,70,0,False,,,0,
Mouse1637,LinearTrack,2024-11-13 13:20:23,Mouse1637/LinearTrack/Session Data/Mouse1637_LinearTrack_20241113_132023.mat,67,799.4649,67,0,False,,,0,
Mouse1637,TMaze2,2024-06-10 17:59:50,Mouse1637/TMaze2/Session Data/Mouse1637_TMaze2_20240610_175950.mat,10,961.9681999999999,10,8,False,,,1,True
Mouse1637,TMaze2,2024-06-11 14:11:12,Mouse1637/TMaze2/Session Data/Mouse1637_TMaze2_20240611_141112.mat,13,788.8298,13,9,False,,,1,True
Mouse1637,TMaze2,2024-06-12 13:11:51,Mouse1637/TMaze2/Session Data/Mouse1637_TMaze2_20240612_131151.mat,17,1028.2533,17,14,False,,,1,True
Mouse1637,TMaze2,2024-06-13 15:39:45,Mouse1637/TMaze2/Session Data/Mouse1637_TMaze2_20240613_153945.mat,14,917.2897,14,15,False,,,1,True
Mouse1637,TMaze2,2024-06-14 17:25:09,Mouse1637/TMaze2/Session Data/Mouse1637_TMaze2_20240614_172509.mat,33,992.4584000000001,33,22,False,,,1,True
Mouse1637,TMaze2,2024-06-15 15:06:22,Mouse1637/TMaze2/Session Data/Mouse1637_TMaze2_20240615_150622.mat,27,870.2805,27,15,False,,,1,True
Mouse1637,TMaze2,2024-06-16 09:52:33,Mouse1637/TMaze2/Session Data/Mouse1637_TMaze2_20240616_095233.mat,10,916.4951,10,10,False,,,1,True
Mouse1637,TMaze2,2024-06-17 17:25:25,Mouse1637/TMaze2/Session Data/Mouse1637_TMaze2_20240617_172525.mat,31,781.6184,31,17,False,,,1,True
Mouse1637,TMaze2,2024-06-18 15:38:26,Mouse1637/TMaze2/Session Data/Mouse1637_TMaze2_20240618_153826.mat,27,903.2135000000001,27,14,False,,,1,True
Mouse1637,TMaze2,2024-06-19 10:22:35,Mouse1637/TMaze2/Session Data/Mouse1637_TMaze2_20240619_102235.mat,21,902.1175999999999,21,9,False,,,1,True
Mouse1637,TMaze2,2024-06-20 13:39:32,Mouse1637/TMaze2/Session Data/Mouse1637_TMaze2_20240620_133932.mat,27,937.3964,27,11,False,,,1,True
Mouse1637,TMaze2,2024-06-21 13:48:01,Mouse1637/TMaze2/Session Data/Mouse1637_TMaze2_20240621_134801.mat,26,916.0006,26,11,False,,,1,True
Mouse1637,TMaze2,2024-06-22 16:50:56,Mouse1637/TMaze2/Session Data/Mouse1637_TMaze2_20240622_165056.mat,41,946.6026,41,13,False,,,1,True
Mouse1637,TMaze2,2024-06-23 09:14:41,Mouse1637/TMaze2/Session Data/Mouse1637_TMaze2_20240623_091441.mat,23,924.3430000000001,23,5,False,,,1,True
Mouse1637,TMaze2,2024-06-24 15:34:36,Mouse1637/TMaze2/Session Data/Mouse1637_TMaze2_20240624_153436.mat,18,882.556,18,6,False,,,1,True
Mouse1637,TMaze2,2024-06-25 17:42:43,Mouse1637/TMaze2/Session Data/Mouse1637_TMaze2_20240625_174243.mat,27,906.3222,27,15,False,,,1,True
Mouse1637,TMaze2,2024-06-26 14:14:20,Mouse1637/TMaze2/Session Data/Mouse1637_TMaze2_20240626_141420.mat,35,990.9436000000001,35,14,False,,,1,True
Mouse1637,TMaze2,2024-06-27 16:20:40,Mouse1637/TMaze2/Session Data/Mouse1637_TMaze2_20240627_162040.mat,31,914.7743999999999,31,14,False,,,1,True
Mouse1637,TMaze2,2024-06-28 14:40:19,Mouse1637/TMaze2/Session Data/Mouse1637_TMaze2_20240628_144019.mat,12,834.8787,12,5,False,,,1,True
Mouse1637,TMaze2,2024-06-29 17:32:29,Mouse1637/TMaze2/Session Data/Mouse1637_TMaze2_20240629_173229.mat,11,627.6234000000001,11,3,False,,,1,True
Mouse1637,TMaze2,2024-07-18 16:46:10,Mouse1637/TMaze2/Session Data/Mouse1637_TMaze2_20240718_164610.mat,7,966.5051,7,2,False,,,1,True
Mouse1637,TMaze2,2024-07-19 15:39:14,Mouse1637/TMaze2/Session Data/Mouse1637_TMaze2_20240719_153914.mat,12,861.7531,12,8,False,,,1,True
Mouse1637,TMaze2,2024-10-02 13:11:03,Mouse1637/TMaze2/Session Data/Mouse1637_TMaze2_20241002_131103.mat,12,938.7144000000001,12,6,False,,,1,True
Mouse1637,TMaze2,2024-10-03 14:47:48,Mouse1637/TMaze2/Session Data/Mouse1637_TMaze2_20241003_144748.mat,7,826.3032000000001,7,4,False,,,1,True
Mouse1637,TMaze2,2024-10-04 13:46:34,Mouse1637/TMaze2/Session Data/Mouse1637_TMaze2_20241004_134634.mat,2,384.75059999999996,2,0,False,,,1,True
Mouse1637,TMaze2,2024-10-05 14:37:43,Mouse1637/TMaze2/Session Data/Mouse1637_TMaze2_20241005_143743.mat,23,888.7475000000001,23,13,False,,,1,True
Mouse1637,TMaze2,2024-10-06 12:24:21,Mouse1637/TMaze2/Session Data/Mouse1637_TMaze2_20241006_122421.mat,15,891.6181,15,15,False,,,1,True
Mouse1637,TMaze2,2024-10-07 13:38:14,Mouse1637/TMaze2/Session Data/Mouse1637_TMaze2_20241007_133814.mat,26,945.9778,26,16,False,,,1,True
Mouse1637,TMaze2,2024-10-08 13:17:28,Mouse1637/TMaze2/Session Data/Mouse1637_TMaze2_20241008_131728.mat,36,1056.3164,36,12,False,,,1,True
Mouse1637,TMaze2,2024-10-09 13:50:09,Mouse1637/TMaze2/Session Data/Mouse1637_TMaze2_20241009_135009.mat,32,917.3901000000001,32,10,False,,,1,True
Mouse1637,TMaze2,2024-10-10 12:31:58,Mouse1637/TMaze2/Session Data/Mouse1637_TMaze2_20241010_123158.mat,45,1099.6384,45,12,False,,,1,True
Mouse1637,TMaze2,2024-10-11 14:53:41,Mouse1637/TMaze2/Session Data/Mouse1637_TMaze2_20241011_145341.mat,45,931.9483,45,12,False,,,1,True
Mouse1637,TMaze2,2024-10-12 14:33:02,Mouse1637/TMaze2/Session Data/Mouse1637_TMaze2_20241012_143302.mat,44,935.9517999999999,44,12,False,,,1,True
Mouse1637,TMaze2,2024-10-13 14:06:42,Mouse1637/TMaze2/Session Data/Mouse1637_TMaze2_20241013_140642.mat,48,926.1209,48,11,False,,,1,True
Mouse1637,TMaze2,2024-10-14 12:30:48,Mouse1637/TMaze2/Session Data/Mouse1637_TMaze2_20241014_123048.mat,40,930.9835,40,12,False,,,1,True
Mouse1637,TMaze2,2024-10-15 14:20:29,Mouse1637/TMaze2/Session Data/Mouse1637_TMaze2_20241015_142029.mat,47,905.6761,47,11,False,,,1,True
Mouse1637,TMaze4,2024-10-16 13:10:49,Mouse1637/TMaze4/Session Data/Mouse1637_TMaze4_20241016_131049.mat,28,928.7651000000001,28,14,True,7,,1,True
Mouse1637,TMaze4,2024-10-18 13:21:55,Mouse1637/TMaze4/Session Data/Mouse1637_TMaze4_20241018_132155.mat,32,1001.2158999999999,32,23,True,5,,1,True
Mouse1637,TMaze4,2024-10-19 15:45:11,Mouse1637/TMaze4/Session Data/Mouse1637_TMaze4_20241019_154511.mat,36,898.3779,36,23,True,9,,1,True
Mouse1637,TMaze4,2024-10-20 14:08:36,Mouse1637/TMaze4/Session Data/Mouse1637_TMaze4_20241020_140836.mat,41,926.0154,41,17,True,9,,1,True
Mouse1637,TMaze4,2024-10-21 14:37:52,Mouse1637/TMaze4/Session Data/Mouse1637_TMaze4_20241021_143752.mat,41,888.4541,41,22,True,9,,1,True
Mouse1637,TMaze4,2024-10-22 12:27:40,Mouse1637/TMaze4/Session Data/Mouse1637_TMaze4_20241022_122740.mat,41,812.2701,41,16,True,11,,1,True
Mouse1637,TMaze4,2024-10-23 13:30:29,Mouse1637/TMaze4/Session Data/Mouse1637_TMaze4_20241023_133029.mat,40,891.0647,40,20,True,8,,1,True
Mouse1637,TMaze4,2024-10-24 13:30:16,Mouse1637/TMaze4/Session Data/Mouse1637_TMaze4_20241024_133016.mat,11,207.3628,11,5,True,3,,1,True
Mouse1637,TMaze4,2024-10-24 13:44:42,Mouse1637/TMaze4/Session Data/Mouse1637_TMaze4_20241024_134442.mat,37,926.9471,37,15,True,9,,1,True
Mouse1637,TMaze4,2024-10-25 13:18:05,Mouse1637/TMaze4/Session Data/Mouse1637_TMaze4_20241025_131805.mat,41,863.6773,41,22,True,6,,1,True
Mouse1637,TMaze4,2024-10-26 12:50:40,Mouse1637/TMaze4/Session Data/Mouse1637_TMaze4_20241026_125040.mat,33,870.7983,33,24,True,6,,1,True
Mouse1637,TMaze4,2024-10-27 14:59:43,Mouse1637/TMaze4/Session Data/Mouse1637_TMaze4_20241027_145943.mat,39,937.3107,39,22,True,6,,1,True
Mouse1637,TMaze4,2024-10-28 14:27:28,Mouse1637/TMaze4/Session Data/Mouse1637_TMaze4_20241028_142728.mat,46,872.4074,46,16,True,5,,1,True
Mouse1637,TMaze4,2024-10-29 14:51:25,Mouse1637/TMaze4/Session Data/Mouse1637_TMaze4_20241029_145125.mat,30,900.8384,30,25,True,4,,1,True
Mouse1637,TMaze4,2024-10-30 14:13:18,Mouse1637/TMaze4/Session Data/Mouse1637_TMaze4_20241030_141318.mat,45,910.5523,45,23,True,7,,1,True
Mouse1639,LinearTrack,2024-05-23 16:44:44,Mouse1639/LinearTrack/Session Data/Mouse1639_LinearTrack_20240523_164444.mat,4,778.0106999999999,4,0,False,,,0,
Mouse1639,LinearTrack,2024-05-23 17:12:38,Mouse1639/LinearTrack/Session Data/Mouse1639_LinearTrack_20240523_171238.mat,6,955.0705,6,0,False,,,0,
Mouse1639,LinearTrack,2024-05-24 17:08:48,Mouse1639/LinearTrack/Session Data/Mouse1639_LinearTrack_20240524_170848.mat,9,1212.1594,9,0,False,,,0,
Mouse1639,LinearTrack,2024-05-25 19:01:43,Mouse1639/LinearTrack/Session Data/Mouse1639_LinearTrack_20240525_190143.mat,26,1348.4495,26,0,False,,,0,
Mouse1639,LinearTrack,2024-05-26 13:40:03,Mouse1639/LinearTrack/Session Data/Mouse1639_LinearTrack_20240526_134003.mat,50,1268.27,50,0,False,,,0,
Mouse1639,LinearTrack,2024-05-27 14:44:57,Mouse1639/LinearTrack/Session Data/Mouse1639_LinearTrack_20240527_144457.mat,36,1207.2636000000002,36,0,False,,,0,
Mouse1639,LinearTrack,2024-05-28 14:03:18,Mouse1639/LinearTrack/Session Data/Mouse1639_LinearTrack_20240528_140318.mat,54,1302.8041999999998,54,0,False,,,0,
Mouse1639,LinearTrack,2024-05-29 17:30:15,Mouse1639/LinearTrack/Session Data/Mouse1639_LinearTrack_20240529_173015.mat,65,1168.4323,65,0,False,,,0,
Mouse1639,LinearTrack,2024-05-30 14:12:50,Mouse1639/LinearTrack/Session Data/Mouse1639_LinearTrack_20240530_141250.mat,64,1243.9025,64,0,False,,,0,
Mouse1639,LinearTrack,2024-05-31 13:11:43,Mouse1639/LinearTrack/Session Data/Mouse1639_LinearTrack_20240531_131143.mat,60,1064.1323,60,0,False,,,0,
Mouse1639,LinearTrack,2024-06-01 16:33:27,Mouse1639/LinearTrack/Session Data/Mouse1639_LinearTrack_20240601_163327.mat,66,1223.2704,66,0,False,,,0,
Mouse1639,LinearTrack,2024-06-02 14:13:19,Mouse1639/LinearTrack/Session Data/Mouse1639_LinearTrack_20240602_141319.mat,67,1104.3849,67,0,False,,,0,
Mouse1639,LinearTrack,2024-06-03 13:38:52,Mouse1639/LinearTrack/Session Data/Mouse1639_LinearTrack_20240603_133852.mat,64,1073.598,64,0,False,,,0,
Mouse1639,LinearTrack,2024-06-04 08:58:31,Mouse1639/LinearTrack/Session Data/Mouse1639_LinearTrack_20240604_085831.mat,56,1019.4896,56,0,False,,,0,
Mouse1639,LinearTrack,2024-06-05 10:49:27,Mouse1639/LinearTrack/Session Data/Mouse1639_LinearTrack_20240605_104927.mat,66,1119.0999,66,0,False,,,0,
Mouse1639,LinearTrack,2024-06-06 13:40:20,Mouse1639/LinearTrack/Session Data/Mouse1639_LinearTrack_20240606_134020.mat,70,1136.9615000000001,70,0,False,,,0,
Mouse1639,LinearTrack,2024-06-07 14:04:11,Mouse1639/LinearTrack/Session Data/Mouse1639_LinearTrack_20240607_140411.mat,70,1343.036,70,0,False,,,0,
Mouse1639,LinearTrack,2024-06-08 17:28:26,Mouse1639/LinearTrack/Session Data/Mouse1639_LinearTrack_20240608_172826.mat,67,1077.6697,67,0,False,,,0,
Mouse1639,LinearTrack,2024-06-09 13:26:48,Mouse1639/LinearTrack/Session Data/Mouse1639_LinearTrack_20240609_132648.mat,78,653.1025,78,0,False,,,0,
Mouse1639,LinearTrack,2024-06-10 14:25:16,Mouse1639/LinearTrack/Session Data/Mouse1639_LinearTrack_20240610_142516.mat,38,937.779,38,0,False,,,0,
Mouse1639,LinearTrack,2024-06-11 12:44:09,Mouse1639/LinearTrack/Session Data/Mouse1639_LinearTrack_20240611_124409.mat,65,487.831,65,0,False,,,0,
Mouse1639,LinearTrack,2024-06-12 16:43:58,Mouse1639/LinearTrack/Session Data/Mouse1639_LinearTrack_20240612_164358.mat,78,753.3001999999999,78,0,False,,,0,
Mouse1639,LinearTrack,2024-06-12 16:57:25,Mouse1639/LinearTrack/Session Data/Mouse1639_LinearTrack_20240612_165725.mat,8,225.44140000000002,8,0,False,,,0,
Mouse1639,LinearTrack,2024-06-13 13:53:01,Mouse1639/LinearTrack/Session Data/Mouse1639_LinearTrack_20240613_135301.mat,52,573.6599,52,0,False,,,0,
Mouse1639,LinearTrack,2024-06-14 18:45:44,Mouse1639/LinearTrack/Session Data/Mouse1639_LinearTrack_20240614_184544.mat,59,637.2699,59,0,False,,,0,
Mouse1639,LinearTrack,2024-06-15 16:27:57,Mouse1639/LinearTrack/Session Data/Mouse1639_LinearTrack_20240615_162757.mat,21,824.2411,21,0,False,,,0,
Mouse1639,LinearTrack,2024-06-16 11:12:33,Mouse1639/LinearTrack/Session Data/Mouse1639_LinearTrack_20240616_111233.mat,36,557.8615,36,0,False,,,0,
Mouse1639,LinearTrack,2024-06-17 12:29:10,Mouse1639/LinearTrack/Session Data/Mouse1639_LinearTrack_20240617_122910.mat,25,289.5267,25,0,False,,,0,
Mouse1639,LinearTrack,2024-06-18 15:06:46,Mouse1639/LinearTrack/Session Data/Mouse1639_LinearTrack_20240618_150646.mat,45,490.3114,45,0,False,,,0,
Mouse1639,LinearTrack,2024-06-19 12:12:51,Mouse1639/LinearTrack/Session Data/Mouse1639_LinearTrack_20240619_121251.mat,33,896.438,33,0,False,,,0,
Mouse1639,LinearTrack,2024-06-20 16:07:38,Mouse1639/LinearTrack/Session Data/Mouse1639_LinearTrack_20240620_160738.mat,66,575.7931,66,0,False,,,0,
Mouse1639,LinearTrack,2024-06-21 14:59:12,Mouse1639/LinearTrack/Session Data/Mouse1639_LinearTrack_20240621_145912.mat,49,432.1769,49,0,False,,,0,
Mouse1639,LinearTrack,2024-06-22 15:07:15,Mouse1639/LinearTrack/Session Data/Mouse1639_LinearTrack_20240622_150715.mat,52,404.3428,52,0,False,,,0,
Mouse1639,LinearTrack,2024-06-23 10:13:26,Mouse1639/LinearTrack/Session Data/Mouse1639_LinearTrack_20240623_101326.mat,38,674.5091,38,0,False,,,0,
Mouse1639,LinearTrack,2024-06-24 14:44:55,Mouse1639/LinearTrack/Session Data/Mouse1639_LinearTrack_20240624_144455.mat,39,362.9524,39,0,False,,,0,
Mouse1639,LinearTrack,2024-06-25 17:00:35,Mouse1639/LinearTrack/Session Data/Mouse1639_LinearTrack_20240625_170035.mat,44,332.7812,44,0,False,,,0,
Mouse1639,LinearTrack,2024-06-26 15:12:40,Mouse1639/LinearTrack/Session Data/Mouse1639_LinearTrack_20240626_151240.mat,44,324.7099,44,0,False,,,0,
Mouse1639,LinearTrack,2024-06-27 13:53:29,Mouse1639/LinearTrack/Session Data/Mouse1639_LinearTrack_20240627_135329.mat,40,409.16979999999995,40,0,False,,,0,
Mouse1639,LinearTrack,2024-06-27 15:34:42,Mouse1639/LinearTrack/Session Data/Mouse1639_LinearTrack_20240627_153442.mat,43,344.6653,43,0,False,,,0,
Mouse1639,LinearTrack,2024-06-28 15:31:49,Mouse1639/LinearTrack/Session Data/Mouse1639_LinearTrack_20240628_153149.mat,29,278.8698,29,0,False,,,0,
Mouse1639,LinearTrack,2024-06-29 19:37:20,Mouse1639/LinearTrack/Session Data/Mouse1639_LinearTrack_20240629_193720.mat,43,335.601,43,0,False,,,0,
Mouse1639,LinearTrack,2024-07-18 14:20:14,Mouse1639/LinearTrack/Session Data/Mouse1639_LinearTrack_20240718_142014.mat,22,910.5974,22,0,False,,,0,
Mouse1639,LinearTrack,2024-10-02 14:15:12,Mouse1639/LinearTrack/Session Data/Mouse1639_LinearTrack_20241002_141512.mat,13,918.1493,13,0,False,,,0,
Mouse1639,LinearTrack,2024-10-03 13:47:37,Mouse1639/LinearTrack/Session Data/Mouse1639_LinearTrack_20241003_134737.mat,27,988.3846,27,0,False,,,0,
Mouse1639,LinearTrack,2024-10-04 12:50:54,Mouse1639/LinearTrack/Session Data/Mouse1639_LinearTrack_20241004_125054.mat,21,902.2216000000001,21,0,False,,,0,
Mouse1639,LinearTrack,2024-10-05 16:06:42,Mouse1639/LinearTrack/Session Data/Mouse1639_LinearTrack_20241005_160642.mat,42,915.8268,42,0,False,,,0,
Mouse1639,LinearTrack,2024-10-06 13:27:50,Mouse1639/LinearTrack/Session Data/Mouse1639_LinearTrack_20241006_132750.mat,1,19.1386,1,0,False,,,0,
Mouse1639,LinearTrack,2024-10-09 13:15:31,Mouse1639/LinearTrack/Session Data/Mouse1639_LinearTrack_20241009_131531.mat,30,885.1639,30,0,False,,,0,
Mouse1639,LinearTrack,2024-10-10 13:55:40,Mouse1639/LinearTrack/Session Data/Mouse1639_LinearTrack_20241010_135540.mat,45,897.4603,45,0,False,,,0,
Mouse1639,LinearTrack,2024-10-11 14:21:24,Mouse1639/LinearTrack/Session Data/Mouse1639_LinearTrack_20241011_142124.mat,30,523.1896,30,0,False,,,0,
Mouse1639,LinearTrack,2024-10-12 15:53:34,Mouse1639/LinearTrack/Session Data/Mouse1639_LinearTrack_20241012_155334.mat,19,456.27110000000005,19,0,False,,,0,
Mouse1639,LinearTrack,2024-10-13 13:34:40,Mouse1639/LinearTrack/Session Data/Mouse1639_LinearTrack_20241013_133440.mat,10,378.89410000000004,10,0,False,,,0,
Mouse1639,LinearTrack,2024-10-14 13:59:06,Mouse1639/LinearTrack/Session Data/Mouse1639_LinearTrack_20241014_135906.mat,11,677.5603,11,0,False,,,0,
Mouse1639,LinearTrack,2024-10-15 13:49:48,Mouse1639/LinearTrack/Session Data/Mouse1639_LinearTrack_20241015_134948.mat,7,686.7750000000001,7,0,False,,,0,
Mouse1639,LinearTrack,2024-10-16 14:31:16,Mouse1639/LinearTrack/Session Data/Mouse1639_LinearTrack_20241016_143116.mat,10,120.9056,10,0,False,,,0,
Mouse1639,LinearTrack,2024-10-17 14:06:12,Mouse1639/LinearTrack/Session Data/Mouse1639_LinearTrack_20241017_140612.mat,37,772.3191999999999,37,0,False,,,0,
Mouse1639,LinearTrack,2024-10-18 14:42:49,Mouse1639/LinearTrack/Session Data/Mouse1639_LinearTrack_20241018_144249.mat,33,591.1006,33,0,False,,,0,
Mouse1639,LinearTrack,2024-10-19 15:14:54,Mouse1639/LinearTrack/Session Data/Mouse1639_LinearTrack_20241019_151454.mat,32,642.1182,32,0,False,,,0,
Mouse1639,LinearTrack,2024-10-21 14:04:35,Mouse1639/LinearTrack/Session Data/Mouse1639_LinearTrack_20241021_140435.mat,34,878.2825,34,0,False,,,0,
Mouse1639,LinearTrack,2024-10-22 13:49:02,Mouse1639/LinearTrack/Session Data/Mouse1639_LinearTrack_20241022_134902.mat,39,716.9843,39,0,False,,,0,
Mouse1639,LinearTrack,2024-10-23 13:01:57,Mouse1639/LinearTrack/Session Data/Mouse1639_LinearTrack_20241023_130157.mat,45,888.8267,45,0,False,,,0,
Mouse1639,LinearTrack,2024-10-24 15:05:43,Mouse1639/LinearTrack/Session Data/Mouse1639_LinearTrack_20241024_150543.mat,32,849.0743,32,0,False,,,0,
Mouse1639,LinearTrack,2024-10-25 12:48:23,Mouse1639/LinearTrack/Session Data/Mouse1639_LinearTrack_20241025_124823.mat,27,693.1743,27,0,False,,,0,
Mouse1639,LinearTrack,2024-10-26 14:12:28,Mouse1639/LinearTrack/Session Data/Mouse1639_LinearTrack_20241026_141228.mat,29,379.14230000000003,29,0,False,,,0,
Mouse1639,LinearTrack,2024-10-27 14:31:00,Mouse1639/LinearTrack/Session Data/Mouse1639_LinearTrack_20241027_143100.mat,34,545.9971,34,0,False,,,0,
Mouse1639,LinearTrack,2024-10-28 15:48:06,Mouse1639/LinearTrack/Session Data/Mouse1639_LinearTrack_20241028_154806.mat,36,918.1389,36,0,False,,,0,
Mouse1639,LinearTrack,2024-10-29 14:25:51,Mouse1639/LinearTrack/Session Data/Mouse1639_LinearTrack_20241029_142551.mat,28,523.7357,28,0,False,,,0,
Mouse1639,LinearTrack,2024-10-30 15:30:39,Mouse1639/LinearTrack/Session Data/Mouse1639_LinearTrack_20241030_153039.mat,42,896.4247999999999,42,0,False,,,0,
Mouse1639,LinearTrack,2024-10-31 13:13:25,Mouse1639/LinearTrack/Session Data/Mouse1639_LinearTrack_20241031_131325.mat,51,899.0911,51,0,False,,,0,
Mouse1639,LinearTrack,2024-11-01 12:44:25,Mouse1639/LinearTrack/Session Data/Mouse1639_LinearTrack_20241101_124425.mat,27,897.0289,27,0,False,,,0,
Mouse1639,LinearTrack,2024-11-02 13:42:31,Mouse1639/LinearTrack/Session Data/Mouse1639_LinearTrack_20241102_134231.mat,1,60.2943,1,0,False,,,0,
Mouse1639,TMaze2,2024-06-13 13:29:17,Mouse1639/TMaze2/Session Data/Mouse1639_TMaze2_20240613_132917.mat,9,909.9502,9,7,False,,,1,True
Mouse1639,TMaze2,2024-06-14 18:21:58,Mouse1639/TMaze2/Session Data/Mouse1639_TMaze2_20240614_182158.mat,25,952.0313,25,19,False,,,1,True
Mouse1639,TMaze2,2024-06-15 16:03:11,Mouse1639/TMaze2/Session Data/Mouse1639_TMaze2_20240615_160311.mat,39,977.5459,39,21,False,,,1,True
Mouse1639,TMaze2,2024-06-16 10:47:02,Mouse1639/TMaze2/Session Data/Mouse1639_TMaze2_20240616_104702.mat,35,886.0638,35,17,False,,,1,True
Mouse1639,TMaze2,2024-06-17 12:05:22,Mouse1639/TMaze2/Session Data/Mouse1639_TMaze2_20240617_120522.mat,46,910.8796,46,17,False,,,1,True
Mouse1639,TMaze2,2024-06-18 14:24:51,Mouse1639/TMaze2/Session Data/Mouse1639_TMaze2_20240618_142451.mat,4,52.5424,4,1,False,,,0,
Mouse1639,TMaze2,2024-06-18 14:39:18,Mouse1639/TMaze2/Session Data/Mouse1639_TMaze2_20240618_143918.mat,53,917.1402,53,13,False,,,1,True
Mouse1639,TMaze2,2024-06-24 14:21:44,Mouse1639/TMaze2/Session Data/Mouse1639_TMaze2_20240624_142144.mat,36,918.0094,36,27,False,,,1,True
Mouse1639,TMaze2,2024-06-25 17:14:26,Mouse1639/TMaze2/Session Data/Mouse1639_TMaze2_20240625_171426.mat,46,770.6503,46,18,False,,,1,True
Mouse1639,TMaze2,2024-06-26 15:26:37,Mouse1639/TMaze2/Session Data/Mouse1639_TMaze2_20240626_152637.mat,17,839.4667000000001,17,6,False,,,1,True
Mouse1639,TMaze2,2024-06-27 14:09:29,Mouse1639/TMaze2/Session Data/Mouse1639_TMaze2_20240627_140929.mat,39,907.6588999999999,39,10,False,,,0,
Mouse1639,TMaze2,2024-06-27 15:49:23,Mouse1639/TMaze2/Session Data/Mouse1639_TMaze2_20240627_154923.mat,38,899.9931,38,16,False,,,1,True
Mouse1639,TMaze2,2024-06-28 15:13:48,Mouse1639/TMaze2/Session Data/Mouse1639_TMaze2_20240628_151348.mat,42,568.0676000000001,42,16,False,,,1,True
Mouse1639,TMaze2,2024-06-28 17:43:24,Mouse1639/TMaze2/Session Data/Mouse1639_TMaze2_20240628_174324.mat,40,883.4195,40,15,False,,,1,True
Mouse1639,TMaze2,2024-06-29 19:50:53,Mouse1639/TMaze2/Session Data/Mouse1639_TMaze2_20240629_195053.mat,40,733.0507,40,15,False,,,1,True
Mouse1639,TMaze2,2024-07-18 14:49:31,Mouse1639/TMaze2/Session Data/Mouse1639_TMaze2_20240718_144931.mat,11,840.3938,11,6,False,,,1,True
Mouse1639,TMaze2,2024-10-02 14:41:25,Mouse1639/TMaze2/Session Data/Mouse1639_TMaze2_20241002_144125.mat,1,40.0751,1,1,False,,,1,True
Mouse1639,TMaze2,2024-10-03 13:21:21,Mouse1639/TMaze2/Session Data/Mouse1639_TMaze2_20241003_132121.mat,6,842.2243,6,5,False,,,1,True
Mouse1639,TMaze2,2024-10-04 12:19:01,Mouse1639/TMaze2/Session Data/Mouse1639_TMaze2_20241004_121901.mat,17,848.3766,17,8,False,,,1,True
Mouse1639,TMaze2,2024-10-05 15:37:15,Mouse1639/TMaze2/Session Data/Mouse1639_TMaze2_20241005_153715.mat,13,1026.3383000000001,13,14,False,,,1,True
Mouse1639,TMaze2,2024-10-06 13:22:48,Mouse1639/TMaze2/Session Data/Mouse1639_TMaze2_20241006_132248.mat,1,4.8629,1,0,False,,,1,True
Mouse1639,TMaze2,2024-10-06 13:24:41,Mouse1639/TMaze2/Session Data/Mouse1639_TMaze2_20241006_132441.mat,1,34.9563,1,0,False,,,1,True
Mouse1639,TMaze2,2024-10-09 12:50:17,Mouse1639/TMaze2/Session Data/Mouse1639_TMaze2_20241009_125017.mat,25,857.4824,25,9,False,,,1,True
Mouse1639,TMaze2,2024-10-10 13:30:35,Mouse1639/TMaze2/Session Data/Mouse1639_TMaze2_20241010_133035.mat,17,840.41,17,16,False,,,1,True
Mouse1639,TMaze2,2024-10-11 13:55:14,Mouse1639/TMaze2/Session Data/Mouse1639_TMaze2_20241011_135514.mat,35,876.5262,35,13,False,,,1,True
Mouse1639,TMaze2,2024-10-12 15:29:42,Mouse1639/TMaze2/Session Data/Mouse1639_TMaze2_20241012_152942.mat,48,914.6632,48,10,False,,,1,True
Mouse1639,TMaze2,2024-10-13 13:09:31,Mouse1639/TMaze2/Session Data/Mouse1639_TMaze2_20241013_130931.mat,48,929.3199,48,12,False,,,1,True
Mouse1639,TMaze2,2024-10-14 13:36:10,Mouse1639/TMaze2/Session Data/Mouse1639_TMaze2_20241014_133610.mat,55,867.5506,55,12,False,,,1,True
Mouse1639,TMaze2,2024-10-15 13:23:26,Mouse1639/TMaze2/Session Data/Mouse1639_TMaze2_20241015_132326.mat,49,891.1091,49,14,False,,,1,True
Mouse1639,TMaze2,2024-10-16 14:08:53,Mouse1639/TMaze2/Session Data/Mouse1639_TMaze2_20241016_140853.mat,59,896.1698,59,14,False,,,1,True
Mouse1639,TMaze4,2024-06-19 11:47:17,Mouse1639/TMaze4/Session Data/Mouse1639_TMaze4_20240619_114717.mat,37,969.3318,37,25,True,17,,1,True
Mouse1639,TMaze4,2024-06-20 16:25:35,Mouse1639/TMaze4/Session Data/Mouse1639_TMaze4_20240620_162535.mat,23,627.7944,23,17,True,12,,1,True
Mouse1639,TMaze4,2024-06-21 14:37:39,Mouse1639/TMaze4/Session Data/Mouse1639_TMaze4_20240621_143739.mat,28,633.412,28,21,True,14,,1,True
Mouse1639,TMaze4,2024-06-22 15:22:32,Mouse1639/TMaze4/Session Data/Mouse1639_TMaze4_20240622_152232.mat,6,424.0949,6,1,True,4,,1,True
Mouse1639,TMaze4,2024-06-23 10:37:16,Mouse1639/TMaze4/Session Data/Mouse1639_TMaze4_20240623_103716.mat,22,840.1211999999999,22,15,True,12,,1,True
Mouse1639,TMaze4,2024-10-17 13:40:36,Mouse1639/TMaze4/Session Data/Mouse1639_TMaze4_20241017_134036.mat,27,932.9423,27,21,True,4,,1,True
Mouse1639,TMaze4,2024-10-18 14:16:46,Mouse1639/TMaze4/Session Data/Mouse1639_TMaze4_20241018_141646.mat,35,855.2600000000001,35,17,True,7,,1,True
Mouse1639,TMaze4,2024-10-19 14:48:49,Mouse1639/TMaze4/Session Data/Mouse1639_TMaze4_20241019_144849.mat,27,838.3833,27,17,True,5,,1,True
Mouse1639,TMaze4,2024-10-21 13:40:27,Mouse1639/TMaze4/Session Data/Mouse1639_TMaze4_20241021_134027.mat,25,886.1914,25,22,True,6,,1,True
Mouse1639,TMaze4,2024-10-22 13:21:57,Mouse1639/TMaze4/Session Data/Mouse1639_TMaze4_20241022_132157.mat,27,897.0402,27,23,True,8,,1,True
Mouse1639,TMaze4,2024-10-23 12:18:48,Mouse1639/TMaze4/Session Data/Mouse1639_TMaze4_20241023_121848.mat,3,91.6801,3,0,True,1,,1,True
Mouse1639,TMaze4,2024-10-23 12:39:18,Mouse1639/TMaze4/Session Data/Mouse1639_TMaze4_20241023_123918.mat,24,893.0827,24,19,True,4,,1,True
Mouse1639,TMaze4,2024-10-24 14:41:10,Mouse1639/TMaze4/Session Data/Mouse1639_TMaze4_20241024_144110.mat,27,938.8911,27,22,True,4,,1,True
Mouse1639,TMaze4,2024-10-25 12:23:22,Mouse1639/TMaze4/Session Data/Mouse1639_TMaze4_20241025_122322.mat,36,893.0677,36,24,True,7,,1,True
Mouse1639,TMaze4,2024-10-26 13:45:59,Mouse1639/TMaze4/Session Data/Mouse1639_TMaze4_20241026_134559.mat,37,856.2251,37,17,True,7,,1,True
Mouse1639,TMaze4,2024-10-27 14:06:00,Mouse1639/TMaze4/Session Data/Mouse1639_TMaze4_20241027_140600.mat,29,897.5327,29,20,True,4,,1,True
Mouse1639,TMaze4,2024-10-28 15:25:23,Mouse1639/TMaze4/Session Data/Mouse1639_TMaze4_20241028_152523.mat,19,859.6177,19,20,True,6,,1,True
Mouse1639,TMaze4,2024-10-29 13:59:31,Mouse1639/TMaze4/Session Data/Mouse1639_TMaze4_20241029_135931.mat,29,915.1927,29,15,True,6,,1,True
Mouse1639,TMaze4,2024-10-30 15:07:30,Mouse1639/TMaze4/Session Data/Mouse1639_TMaze4_20241030_150730.mat,18,882.3661000000001,18,16,True,3,,1,True
Mouse847,LinearTrack,2025-11-11 16:35:40,Mouse847/LinearTrack/Session Data/Mouse847_LinearTrack_20251111_163540.mat,10,785.12,10,0,False,,,0,
Mouse847,LinearTrack,2025-11-12 17:14:36,Mouse847/LinearTrack/Session Data/Mouse847_LinearTrack_20251112_171436.mat,24,929.793,24,0,False,,,0,
Mouse847,LinearTrack,2025-11-13 16:34:16,Mouse847/LinearTrack/Session Data/Mouse847_LinearTrack_20251113_163416.mat,22,1025.5283,22,0,False,,,0,
Mouse847,LinearTrack,2025-11-14 16:24:36,Mouse847/LinearTrack/Session Data/Mouse847_LinearTrack_20251114_162436.mat,30,908.3758999999999,30,0,False,,,0,
Mouse847,LinearTrack,2025-11-15 17:05:23,Mouse847/LinearTrack/Session Data/Mouse847_LinearTrack_20251115_170523.mat,51,1108.6189,51,0,False,,,0,
Mouse847,LinearTrack,2025-11-16 16:56:50,Mouse847/LinearTrack/Session Data/Mouse847_LinearTrack_20251116_165650.mat,46,1001.9805,46,0,False,,,0,
Mouse847,LinearTrack,2025-11-17 17:53:36,Mouse847/LinearTrack/Session Data/Mouse847_LinearTrack_20251117_175336.mat,46,964.5075,46,0,False,,,0,
Mouse847,LinearTrack,2025-11-18 18:23:56,Mouse847/LinearTrack/Session Data/Mouse847_LinearTrack_20251118_182356.mat,40,946.1701,40,0,False,,,0,
Mouse847,LinearTrack,2025-11-19 17:30:00,Mouse847/LinearTrack/Session Data/Mouse847_LinearTrack_20251119_173000.mat,14,1095.9739,14,0,False,,,0,
Mouse847,LinearTrack,2025-11-19 18:04:41,Mouse847/LinearTrack/Session Data/Mouse847_LinearTrack_20251119_180441.mat,44,951.5068,44,0,False,,,0,
Mouse847,LinearTrack,2025-11-20 17:39:19,Mouse847/LinearTrack/Session Data/Mouse847_LinearTrack_20251120_173919.mat,50,1244.7175,50,0,False,,,0,
Mouse847,LinearTrack,2025-11-21 18:27:43,Mouse847/LinearTrack/Session Data/Mouse847_LinearTrack_20251121_182743.mat,38,1012.5858000000001,38,0,False,,,0,
Mouse847,LinearTrack,2025-11-22 17:58:14,Mouse847/LinearTrack/Session Data/Mouse847_LinearTrack_20251122_175814.mat,50,1111.3171,50,0,False,,,0,
Mouse847,LinearTrack,2025-11-23 17:42:52,Mouse847/LinearTrack/Session Data/Mouse847_LinearTrack_20251123_174252.mat,38,851.5762,38,0,False,,,0,
Mouse847,LinearTrack,2025-11-23 17:59:01,Mouse847/LinearTrack/Session Data/Mouse847_LinearTrack_20251123_175901.mat,2,60.9636,2,0,False,,,0,
Mouse847,LinearTrack,2025-11-24 18:18:21,Mouse847/LinearTrack/Session Data/Mouse847_LinearTrack_20251124_181821.mat,34,856.2547000000001,34,0,False,,,0,
Mouse847,LinearTrack,2025-11-25 18:12:13,Mouse847/LinearTrack/Session Data/Mouse847_LinearTrack_20251125_181213.mat,36,905.0532000000001,36,0,False,,,0,
Mouse847,LinearTrack,2025-11-26 17:40:21,Mouse847/LinearTrack/Session Data/Mouse847_LinearTrack_20251126_174021.mat,29,894.0183000000001,29,0,False,,,0,
Mouse847,LinearTrack,2025-11-27 17:56:19,Mouse847/LinearTrack/Session Data/Mouse847_LinearTrack_20251127_175619.mat,48,877.8342,48,0,False,,,0,
Mouse847,LinearTrack,2025-11-29 18:22:26,Mouse847/LinearTrack/Session Data/Mouse847_LinearTrack_20251129_182226.mat,34,924.9778,34,0,False,,,0,
Mouse847,LinearTrack,2025-11-30 18:11:05,Mouse847/LinearTrack/Session Data/Mouse847_LinearTrack_20251130_181105.mat,40,860.2228,40,0,False,,,0,
Mouse847,LinearTrack,2025-12-01 19:36:52,Mouse847/LinearTrack/Session Data/Mouse847_LinearTrack_20251201_193652.mat,34,952.8794,34,0,False,,,1,True
Mouse847,LinearTrack,2025-12-02 19:20:22,Mouse847/LinearTrack/Session Data/Mouse847_LinearTrack_20251202_192022.mat,21,700.3257,21,0,False,,,1,True
Mouse847,LinearTrack,2025-12-03 18:40:29,Mouse847/LinearTrack/Session Data/Mouse847_LinearTrack_20251203_184029.mat,46,1067.4193,46,0,False,,,1,True
Mouse847,LinearTrack,2025-12-04 18:39:14,Mouse847/LinearTrack/Session Data/Mouse847_LinearTrack_20251204_183914.mat,19,794.0101000000001,19,0,False,,,1,True
Mouse847,LinearTrack,2025-12-05 18:21:18,Mouse847/LinearTrack/Session Data/Mouse847_LinearTrack_20251205_182118.mat,24,1801.0610000000001,23,0,False,,,1,True
Mouse847,LinearTrack,2025-12-06 19:02:20,Mouse847/LinearTrack/Session Data/Mouse847_LinearTrack_20251206_190220.mat,56,1803.2852,55,0,False,,,1,True
Mouse847,LinearTrack,2025-12-07 19:26:24,Mouse847/LinearTrack/Session Data/Mouse847_LinearTrack_20251207_192624.mat,21,968.4086,21,0,False,,,1,True
Mouse847,LinearTrack,2025-12-08 16:52:01,Mouse847/LinearTrack/Session Data/Mouse847_LinearTrack_20251208_165201.mat,40,909.3022,40,0,False,,,1,True
Mouse847,LinearTrack,2025-12-09 18:55:09,Mouse847/LinearTrack/Session Data/Mouse847_LinearTrack_20251209_185509.mat,56,1175.552,56,0,False,,,1,True
Mouse847,LinearTrack,2025-12-10 17:53:05,Mouse847/LinearTrack/Session Data/Mouse847_LinearTrack_20251210_175305.mat,13,933.3466999999999,13,0,False,,,1,True
Mouse847,LinearTrack,2025-12-11 18:03:24,Mouse847/LinearTrack/Session Data/Mouse847_LinearTrack_20251211_180324.mat,56,749.6049,56,0,False,,,1,True
Mouse847,LinearTrack,2025-12-12 19:01:57,Mouse847/LinearTrack/Session Data/Mouse847_LinearTrack_20251212_190157.mat,41,655.9078,41,0,False,,,1,True
Mouse847,LinearTrack,2025-12-13 17:51:53,Mouse847/LinearTrack/Session Data/Mouse847_LinearTrack_20251213_175153.mat,20,536.7940000000001,20,0,False,,,1,True
Mouse847,LinearTrack,2025-12-14 19:05:44,Mouse847/LinearTrack/Session Data/Mouse847_LinearTrack_20251214_190544.mat,32,380.3406,32,0,False,,,1,True
Mouse847,LinearTrack,2025-12-15 18:07:00,Mouse847/LinearTrack/Session Data/Mouse847_LinearTrack_20251215_180700.mat,33,509.9419,33,0,False,,,1,True
Mouse847,LinearTrack,2025-12-16 17:00:15,Mouse847/LinearTrack/Session Data/Mouse847_LinearTrack_20251216_170015.mat,21,1800.9879999999998,20,0,False,,,1,True
Mouse847,LinearTrack,2025-12-17 18:10:26,Mouse847/LinearTrack/Session Data/Mouse847_LinearTrack_20251217_181026.mat,39,385.1113,39,0,False,,,1,True
Mouse847,LinearTrack,2025-12-18 10:50:01,Mouse847/LinearTrack/Session Data/Mouse847_LinearTrack_20251218_105001.mat,24,502.0989,24,0,False,,,1,True
Mouse847,TMaze4,2025-12-01 19:05:31,Mouse847/TMaze4/Session Data/Mouse847_TMaze4_20251201_190531.mat,8,1461.2817,8,6,True,8,,0,
Mouse847,TMaze4,2025-12-02 18:45:40,Mouse847/TMaze4/Session Data/Mouse847_TMaze4_20251202_184540.mat,1,78.477,1,0,True,1,,0,
Mouse847,TMaze4,2025-12-02 18:52:41,Mouse847/TMaze4/Session Data/Mouse847_TMaze4_20251202_185241.mat,1,4.1791,1,0,True,1,,0,
Mouse847,TMaze4,2025-12-02 18:55:55,Mouse847/TMaze4/Session Data/Mouse847_TMaze4_20251202_185555.mat,16,993.2693,16,7,True,16,,0,
Mouse847,TMaze4,2025-12-04 18:16:48,Mouse847/TMaze4/Session Data/Mouse847_TMaze4_20251204_181648.mat,28,1010.0106,28,23,True,28,,0,
Mouse847,TMaze4,2025-12-05 17:58:11,Mouse847/TMaze4/Session Data/Mouse847_TMaze4_20251205_175811.mat,34,1038.942,34,23,True,34,,0,
Mouse847,TMaze4,2025-12-06 18:27:51,Mouse847/TMaze4/Session Data/Mouse847_TMaze4_20251206_182751.mat,4,1383.4793,4,2,True,4,,0,
Mouse847,TMaze4,2025-12-07 18:57:08,Mouse847/TMaze4/Session Data/Mouse847_TMaze4_20251207_185708.mat,37,1332.3060999999998,37,13,True,37,,0,
Mouse847,TMaze4,2025-12-08 17:15:40,Mouse847/TMaze4/Session Data/Mouse847_TMaze4_20251208_171540.mat,21,1398.0589,21,9,True,21,,0,
Mouse847,TMaze4,2025-12-09 19:23:04,Mouse847/TMaze4/Session Data/Mouse847_TMaze4_20251209_192304.mat,8,421.5021,8,3,True,8,,0,
Mouse847,TMaze4,2025-12-10 17:29:22,Mouse847/TMaze4/Session Data/Mouse847_TMaze4_20251210_172922.mat,52,1113.0871000000002,52,18,True,52,,0,
Mouse847,TMaze4,2025-12-11 18:26:06,Mouse847/TMaze4/Session Data/Mouse847_TMaze4_20251211_182606.mat,4,1175.9249,4,2,True,4,,0,
Mouse847,TMaze4,2025-12-12 19:20:14,Mouse847/TMaze4/Session Data/Mouse847_TMaze4_20251212_192014.mat,11,1231.9896,11,9,True,3,,0,
Mouse847,TMaze4,2025-12-13 17:26:55,Mouse847/TMaze4/Session Data/Mouse847_TMaze4_20251213_172655.mat,36,1062.2023,36,26,True,17,,0,
Mouse847,TMaze4,2025-12-14 19:19:52,Mouse847/TMaze4/Session Data/Mouse847_TMaze4_20251214_191952.mat,17,474.9205,17,6,True,12,,0,
Mouse847,TMaze4,2025-12-15 18:23:18,Mouse847/TMaze4/Session Data/Mouse847_TMaze4_20251215_182318.mat,18,1140.8555999999999,18,12,True,10,,0,
Mouse847,TMaze4,2025-12-16 16:28:50,Mouse847/TMaze4/Session Data/Mouse847_TMaze4_20251216_162850.mat,46,1286.9473,46,40,True,21,,0,
Mouse847,TMaze4,2025-12-17 18:22:11,Mouse847/TMaze4/Session Data/Mouse847_TMaze4_20251217_182211.mat,15,951.3671,15,21,True,9,,0,
Mouse847,TMaze4,2025-12-18 10:30:20,Mouse847/TMaze4/Session Data/Mouse847_TMaze4_20251218_103020.mat,23,1032.3743,23,19,True,9,,0,
Mouse905,LinearTrack,2026-06-26 17:04:33,Mouse905/LinearTrack/Session Data/Mouse905_LinearTrack_20260626_170433.mat,13,1800.5167,12,0,False,,,0,
Mouse905,LinearTrack,2026-06-27 15:55:20,Mouse905/LinearTrack/Session Data/Mouse905_LinearTrack_20260627_155520.mat,12,1800.532,11,0,False,,,0,
Mouse905,LinearTrack,2026-06-28 14:09:32,Mouse905/LinearTrack/Session Data/Mouse905_LinearTrack_20260628_140932.mat,15,1800.7256,13,0,False,,,0,
Mouse905,LinearTrack,2026-06-29 14:14:52,Mouse905/LinearTrack/Session Data/Mouse905_LinearTrack_20260629_141452.mat,10,980.7984,10,0,False,,,0,
Mouse905,LinearTrack,2026-06-30 14:20:39,Mouse905/LinearTrack/Session Data/Mouse905_LinearTrack_20260630_142039.mat,14,1374.81,14,0,False,,,0,
Mouse905,LinearTrack,2026-07-01 15:15:55,Mouse905/LinearTrack/Session Data/Mouse905_LinearTrack_20260701_151555.mat,12,1800.4531,11,0,False,,,0,
Mouse905,LinearTrack,2026-07-02 14:14:51,Mouse905/LinearTrack/Session Data/Mouse905_LinearTrack_20260702_141451.mat,11,1283.1378,11,0,False,,,0,
Mouse905,LinearTrack,2026-07-03 14:27:02,Mouse905/LinearTrack/Session Data/Mouse905_LinearTrack_20260703_142702.mat,7,1027.8836000000001,7,0,False,,,0,
Mouse905,LinearTrack,2026-07-04 14:30:29,Mouse905/LinearTrack/Session Data/Mouse905_LinearTrack_20260704_143029.mat,8,1105.5511000000001,8,0,False,,,0,
Mouse905,LinearTrack,2026-07-05 14:51:16,Mouse905/LinearTrack/Session Data/Mouse905_LinearTrack_20260705_145116.mat,11,975.6107000000001,11,0,False,,,0,
Mouse905,LinearTrack,2026-07-06 14:15:37,Mouse905/LinearTrack/Session Data/Mouse905_LinearTrack_20260706_141537.mat,36,1801.9321,35,0,False,,,0,
Mouse905,LinearTrack,2026-07-07 16:32:23,Mouse905/LinearTrack/Session Data/Mouse905_LinearTrack_20260707_163223.mat,29,1003.7449,29,0,False,,,0,
Mouse905,LinearTrack,2026-07-08 14:21:23,Mouse905/LinearTrack/Session Data/Mouse905_LinearTrack_20260708_142123.mat,37,1801.8556,35,0,False,,,0,
Mouse905,LinearTrack,2026-07-09 14:27:04,Mouse905/LinearTrack/Session Data/Mouse905_LinearTrack_20260709_142704.mat,1,250.596,1,0,False,,,0,
Mouse905,LinearTrack,2026-07-09 14:40:09,Mouse905/LinearTrack/Session Data/Mouse905_LinearTrack_20260709_144009.mat,31,832.6265,31,0,False,,,0,
Mouse905,LinearTrack,2026-07-10 14:51:20,Mouse905/LinearTrack/Session Data/Mouse905_LinearTrack_20260710_145120.mat,33,974.3720999999999,33,0,False,,,0,
Mouse943,LinearTrack,2025-11-18 17:49:38,Mouse943/LinearTrack/Session Data/Mouse943_LinearTrack_20251118_174938.mat,6,888.3772,6,0,False,,,0,
Mouse943,LinearTrack,2025-11-19 17:30:00,Mouse943/LinearTrack/Session Data/Mouse943_LinearTrack_20251119_173000.mat,14,1095.9739,14,0,False,,,0,
Mouse943,LinearTrack,2025-11-20 17:00:51,Mouse943/LinearTrack/Session Data/Mouse943_LinearTrack_20251120_170051.mat,23,1328.2115999999999,23,0,False,,,0,
Mouse943,LinearTrack,2025-11-21 17:40:50,Mouse943/LinearTrack/Session Data/Mouse943_LinearTrack_20251121_174050.mat,30,1809.2495,28,0,False,,,0,
Mouse943,LinearTrack,2025-11-22 17:23:54,Mouse943/LinearTrack/Session Data/Mouse943_LinearTrack_20251122_172354.mat,31,1093.2349,31,0,False,,,0,
Mouse943,LinearTrack,2025-11-23 17:09:41,Mouse943/LinearTrack/Session Data/Mouse943_LinearTrack_20251123_170941.mat,43,1020.0847,43,0,False,,,0,
Mouse943,LinearTrack,2025-11-24 17:39:27,Mouse943/LinearTrack/Session Data/Mouse943_LinearTrack_20251124_173927.mat,45,1410.4165,45,0,False,,,0,
Mouse943,LinearTrack,2025-11-25 17:38:20,Mouse943/LinearTrack/Session Data/Mouse943_LinearTrack_20251125_173820.mat,47,924.5998,47,0,False,,,0,
Mouse943,LinearTrack,2025-11-26 17:06:53,Mouse943/LinearTrack/Session Data/Mouse943_LinearTrack_20251126_170653.mat,37,928.5879,37,0,False,,,0,
Mouse943,LinearTrack,2025-11-27 17:19:56,Mouse943/LinearTrack/Session Data/Mouse943_LinearTrack_20251127_171956.mat,44,910.5418999999999,44,0,False,,,0,
Mouse943,LinearTrack,2025-11-29 17:50:52,Mouse943/LinearTrack/Session Data/Mouse943_LinearTrack_20251129_175052.mat,42,884.0778,42,0,False,,,0,
Mouse943,LinearTrack,2025-11-30 17:40:12,Mouse943/LinearTrack/Session Data/Mouse943_LinearTrack_20251130_174012.mat,38,947.0015999999999,38,0,False,,,0,
Mouse943,LinearTrack,2025-12-01 17:55:19,Mouse943/LinearTrack/Session Data/Mouse943_LinearTrack_20251201_175519.mat,48,990.0762,48,0,False,,,0,
Mouse943,LinearTrack,2025-12-02 18:04:54,Mouse943/LinearTrack/Session Data/Mouse943_LinearTrack_20251202_180454.mat,46,1004.7823999999999,46,0,False,,,0,
Mouse943,LinearTrack,2025-12-03 18:04:38,Mouse943/LinearTrack/Session Data/Mouse943_LinearTrack_20251203_180438.mat,50,1080.4265,50,0,False,,,0,
Mouse943,LinearTrack,2025-12-04 17:41:06,Mouse943/LinearTrack/Session Data/Mouse943_LinearTrack_20251204_174106.mat,21,1120.7398,21,0,False,,,1,True
Mouse943,LinearTrack,2025-12-05 17:13:26,Mouse943/LinearTrack/Session Data/Mouse943_LinearTrack_20251205_171326.mat,17,1800.8193,16,0,False,,,1,True
Mouse943,LinearTrack,2025-12-06 17:50:34,Mouse943/LinearTrack/Session Data/Mouse943_LinearTrack_20251206_175034.mat,24,800.4883,24,0,False,,,1,True
Mouse943,LinearTrack,2025-12-07 18:22:20,Mouse943/LinearTrack/Session Data/Mouse943_LinearTrack_20251207_182220.mat,15,1800.6513,14,0,False,,,1,True
Mouse943,LinearTrack,2025-12-08 18:37:38,Mouse943/LinearTrack/Session Data/Mouse943_LinearTrack_20251208_183738.mat,59,1014.8635,59,0,False,,,1,True
Mouse943,LinearTrack,2025-12-09 18:09:09,Mouse943/LinearTrack/Session Data/Mouse943_LinearTrack_20251209_180909.mat,10,524.8345,10,0,False,,,0,
Mouse943,LinearTrack,2025-12-09 18:43:39,Mouse943/LinearTrack/Session Data/Mouse943_LinearTrack_20251209_184339.mat,1,33.5595,1,0,False,,,0,
Mouse943,LinearTrack,2025-12-09 18:44:38,Mouse943/LinearTrack/Session Data/Mouse943_LinearTrack_20251209_184438.mat,7,484.7179,7,0,False,,,0,
Mouse943,LinearTrack,2025-12-10 18:31:01,Mouse943/LinearTrack/Session Data/Mouse943_LinearTrack_20251210_183101.mat,53,705.2449,53,0,False,,,1,True
Mouse943,LinearTrack,2025-12-11 17:28:14,Mouse943/LinearTrack/Session Data/Mouse943_LinearTrack_20251211_172814.mat,22,932.4802999999999,22,0,False,,,1,True
Mouse943,LinearTrack,2025-12-12 18:26:39,Mouse943/LinearTrack/Session Data/Mouse943_LinearTrack_20251212_182639.mat,20,903.2900999999999,20,0,False,,,1,True
Mouse943,LinearTrack,2025-12-13 18:28:44,Mouse943/LinearTrack/Session Data/Mouse943_LinearTrack_20251213_182844.mat,38,405.01259999999996,38,0,False,,,1,True
Mouse943,LinearTrack,2025-12-14 17:32:17,Mouse943/LinearTrack/Session Data/Mouse943_LinearTrack_20251214_173217.mat,15,1800.6656,14,0,False,,,1,True
Mouse943,LinearTrack,2025-12-15 17:29:20,Mouse943/LinearTrack/Session Data/Mouse943_LinearTrack_20251215_172920.mat,26,1801.471,25,0,False,,,1,True
Mouse943,LinearTrack,2025-12-16 17:37:38,Mouse943/LinearTrack/Session Data/Mouse943_LinearTrack_20251216_173738.mat,31,298.1889,31,0,False,,,1,True
Mouse943,LinearTrack,2025-12-17 17:36:55,Mouse943/LinearTrack/Session Data/Mouse943_LinearTrack_20251217_173655.mat,14,375.4384,14,0,False,,,1,True
Mouse943,LinearTrack,2025-12-18 09:49:11,Mouse943/LinearTrack/Session Data/Mouse943_LinearTrack_20251218_094911.mat,35,383.9752,35,0,False,,,1,True
Mouse943,TMaze4,2025-12-04 17:15:21,Mouse943/TMaze4/Session Data/Mouse943_TMaze4_20251204_171521.mat,14,1087.8322,14,18,True,14,,0,
Mouse943,TMaze4,2025-12-05 16:51:44,Mouse943/TMaze4/Session Data/Mouse943_TMaze4_20251205_165144.mat,35,894.6135,35,19,True,35,,0,
Mouse943,TMaze4,2025-12-06 17:27:59,Mouse943/TMaze4/Session Data/Mouse943_TMaze4_20251206_172759.mat,38,997.9861,38,23,True,38,,0,
Mouse943,TMaze4,2025-12-07 18:02:50,Mouse943/TMaze4/Session Data/Mouse943_TMaze4_20251207_180250.mat,39,890.2955,39,13,True,39,,0,
Mouse943,TMaze4,2025-12-08 18:56:16,Mouse943/TMaze4/Session Data/Mouse943_TMaze4_20251208_185616.mat,10,1306.5552,10,4,True,10,,0,
Mouse943,TMaze4,2025-12-09 17:44:25,Mouse943/TMaze4/Session Data/Mouse943_TMaze4_20251209_174425.mat,33,1044.5344,33,15,True,33,,0,
Mouse943,TMaze4,2025-12-10 18:52:59,Mouse943/TMaze4/Session Data/Mouse943_TMaze4_20251210_185259.mat,6,948.8343,6,4,True,6,,0,
Mouse943,TMaze4,2025-12-11 17:09:32,Mouse943/TMaze4/Session Data/Mouse943_TMaze4_20251211_170932.mat,38,990.0568000000001,38,17,True,38,,0,
Mouse943,TMaze4,2025-12-12 18:07:00,Mouse943/TMaze4/Session Data/Mouse943_TMaze4_20251212_180700.mat,37,1054.9938,37,21,True,23,,0,
Mouse943,TMaze4,2025-12-13 18:42:45,Mouse943/TMaze4/Session Data/Mouse943_TMaze4_20251213_184245.mat,12,1080.9823999999999,12,5,True,8,,0,
Mouse943,TMaze4,2025-12-14 17:07:06,Mouse943/TMaze4/Session Data/Mouse943_TMaze4_20251214_170706.mat,23,674.5884000000001,23,13,True,12,,0,
Mouse943,TMaze4,2025-12-15 17:04:09,Mouse943/TMaze4/Session Data/Mouse943_TMaze4_20251215_170409.mat,3,293.85880000000003,3,1,True,1,,0,
Mouse943,TMaze4,2025-12-15 17:09:39,Mouse943/TMaze4/Session Data/Mouse943_TMaze4_20251215_170939.mat,23,611.1836,23,13,True,14,,0,
Mouse943,TMaze4,2025-12-16 17:50:28,Mouse943/TMaze4/Session Data/Mouse943_TMaze4_20251216_175028.mat,10,850.2996999999999,10,10,True,5,,0,
Mouse943,TMaze4,2025-12-17 17:11:09,Mouse943/TMaze4/Session Data/Mouse943_TMaze4_20251217_171109.mat,40,918.8886,40,23,True,19,,0,
Mouse943,TMaze4,2025-12-18 10:03:25,Mouse943/TMaze4/Session Data/Mouse943_TMaze4_20251218_100325.mat,5,482.3424,5,3,True,2,,0,
Mouse944,LinearTrack,2026-06-26 15:25:44,Mouse944/LinearTrack/Session Data/Mouse944_LinearTrack_20260626_152544.mat,1,276.1688,1,0,False,,,0,
Mouse944,LinearTrack,2026-06-26 15:31:00,Mouse944/LinearTrack/Session Data/Mouse944_LinearTrack_20260626_153100.mat,11,1800.4251,10,0,False,,,0,
Mouse944,LinearTrack,2026-06-27 15:19:28,Mouse944/LinearTrack/Session Data/Mouse944_LinearTrack_20260627_151928.mat,16,1801.0455000000002,14,0,False,,,0,
Mouse944,LinearTrack,2026-06-28 14:55:01,Mouse944/LinearTrack/Session Data/Mouse944_LinearTrack_20260628_145501.mat,23,1801.0569999999998,21,0,False,,,0,
Mouse944,LinearTrack,2026-06-29 14:50:46,Mouse944/LinearTrack/Session Data/Mouse944_LinearTrack_20260629_145046.mat,35,1293.2262,35,0,False,,,0,
Mouse944,LinearTrack,2026-06-30 15:06:00,Mouse944/LinearTrack/Session Data/Mouse944_LinearTrack_20260630_150600.mat,36,1312.932,36,0,False,,,0,
Mouse944,LinearTrack,2026-07-01 14:25:15,Mouse944/LinearTrack/Session Data/Mouse944_LinearTrack_20260701_142515.mat,39,1221.9552999999999,39,0,False,,,0,
Mouse944,LinearTrack,2026-07-02 14:51:13,Mouse944/LinearTrack/Session Data/Mouse944_LinearTrack_20260702_145113.mat,53,1505.2402000000002,53,0,False,,,0,
Mouse944,LinearTrack,2026-07-03 13:58:13,Mouse944/LinearTrack/Session Data/Mouse944_LinearTrack_20260703_135813.mat,50,1135.2597,50,0,False,,,0,
Mouse944,LinearTrack,2026-07-04 15:06:19,Mouse944/LinearTrack/Session Data/Mouse944_LinearTrack_20260704_150619.mat,45,1802.3225,44,0,False,,,0,
Mouse944,LinearTrack,2026-07-05 14:16:28,Mouse944/LinearTrack/Session Data/Mouse944_LinearTrack_20260705_141628.mat,53,1152.8429,53,0,False,,,0,
Mouse944,LinearTrack,2026-07-06 14:56:14,Mouse944/LinearTrack/Session Data/Mouse944_LinearTrack_20260706_145614.mat,65,1212.5925,65,0,False,,,0,
Mouse944,LinearTrack,2026-07-07 14:50:41,Mouse944/LinearTrack/Session Data/Mouse944_LinearTrack_20260707_145041.mat,63,1221.1138,63,0,False,,,0,
Mouse944,LinearTrack,2026-07-08 13:42:47,Mouse944/LinearTrack/Session Data/Mouse944_LinearTrack_20260708_134247.mat,63,1221.3263,63,0,False,,,0,
Mouse944,LinearTrack,2026-07-09 13:55:22,Mouse944/LinearTrack/Session Data/Mouse944_LinearTrack_20260709_135522.mat,2,74.3339,2,0,False,,,0,
Mouse944,LinearTrack,2026-07-09 13:58:41,Mouse944/LinearTrack/Session Data/Mouse944_LinearTrack_20260709_135841.mat,53,934.5113,53,0,False,,,0,
Mouse944,LinearTrack,2026-07-10 14:27:12,Mouse944/LinearTrack/Session Data/Mouse944_LinearTrack_20260710_142712.mat,60,580.4942,60,0,False,,,0,
Mouse944,LinearTrack,2026-07-11 14:33:58,Mouse944/LinearTrack/Session Data/Mouse944_LinearTrack_20260711_143358.mat,69,1144.8786,69,0,False,,,0,
Mouse944,LinearTrack,2026-07-12 14:12:20,Mouse944/LinearTrack/Session Data/Mouse944_LinearTrack_20260712_141220.mat,53,1072.0534,53,0,False,,,0,
Mouse944,LinearTrack,2026-07-13 16:01:06,Mouse944/LinearTrack/Session Data/Mouse944_LinearTrack_20260713_160106.mat,78,802.5065999999999,78,0,False,,,0,
Mouse944,LinearTrack,2026-07-14 14:33:52,Mouse944/LinearTrack/Session Data/Mouse944_LinearTrack_20260714_143352.mat,61,846.1218,61,0,False,,,0,
Mouse944,LinearTrack,2026-07-15 15:33:15,Mouse944/LinearTrack/Session Data/Mouse944_LinearTrack_20260715_153315.mat,73,1034.9309,73,0,False,,,0,
Mouse944,LinearTrack,2026-07-16 16:44:53,Mouse944/LinearTrack/Session Data/Mouse944_LinearTrack_20260716_164453.mat,49,838.7426999999999,49,0,False,,,0,
Mouse944,LinearTrack,2026-07-17 15:59:43,Mouse944/LinearTrack/Session Data/Mouse944_LinearTrack_20260717_155943.mat,29,884.4258,29,0,False,,,0,
Mouse944,LinearTrack,2026-07-18 16:05:09,Mouse944/LinearTrack/Session Data/Mouse944_LinearTrack_20260718_160509.mat,35,1006.8472,35,0,False,,,0,
Mouse944,LinearTrack,2026-07-19 15:35:09,Mouse944/LinearTrack/Session Data/Mouse944_LinearTrack_20260719_153509.mat,41,353.8916,41,0,False,,,0,
Mouse944,LinearTrack,2026-07-20 15:38:23,Mouse944/LinearTrack/Session Data/Mouse944_LinearTrack_20260720_153823.mat,55,902.4879999999999,55,0,False,,,0,
Mouse944,LinearTrack,2026-07-21 14:19:51,Mouse944/LinearTrack/Session Data/Mouse944_LinearTrack_20260721_141951.mat,38,620.9082999999999,38,0,False,,,0,
Mouse944,LinearTrack,2026-07-22 15:39:07,Mouse944/LinearTrack/Session Data/Mouse944_LinearTrack_20260722_153907.mat,40,1027.4025000000001,40,0,False,,,0,
Mouse944,LinearTrack,2026-07-23 16:03:15,Mouse944/LinearTrack/Session Data/Mouse944_LinearTrack_20260723_160315.mat,36,1018.9942000000001,36,0,False,,,0,
Mouse944,LinearTrack,2026-07-24 14:59:32,Mouse944/LinearTrack/Session Data/Mouse944_LinearTrack_20260724_145932.mat,43,315.7349,43,0,False,,,0,
Mouse944,LinearTrack,2026-07-25 16:06:35,Mouse944/LinearTrack/Session Data/Mouse944_LinearTrack_20260725_160635.mat,40,264.78929999999997,40,0,False,,,0,
Mouse944,TMaze4,2026-07-16 16:12:45,Mouse944/TMaze4/Session Data/Mouse944_TMaze4_20260716_161245.mat,18,1012.6118,18,18,True,2,,0,
Mouse944,TMaze4,2026-07-17 15:33:14,Mouse944/TMaze4/Session Data/Mouse944_TMaze4_20260717_153314.mat,32,1040.0134,32,29,True,3,,0,
Mouse944,TMaze4,2026-07-18 15:27:28,Mouse944/TMaze4/Session Data/Mouse944_TMaze4_20260718_152728.mat,1,201.1925,1,0,True,0,,0,
Mouse944,TMaze4,2026-07-18 15:35:38,Mouse944/TMaze4/Session Data/Mouse944_TMaze4_20260718_153538.mat,16,1237.6793,16,22,True,1,,0,
Mouse944,TMaze4,2026-07-19 15:47:56,Mouse944/TMaze4/Session Data/Mouse944_TMaze4_20260719_154756.mat,7,363.6445,7,7,True,0,,0,
Mouse944,TMaze4,2026-07-20 15:13:26,Mouse944/TMaze4/Session Data/Mouse944_TMaze4_20260720_151326.mat,14,1035.7107,14,17,True,3,,0,
Mouse944,TMaze4,2026-07-21 14:56:40,Mouse944/TMaze4/Session Data/Mouse944_TMaze4_20260721_145640.mat,13,954.9132,13,13,True,1,,0,
Mouse944,TMaze4,2026-07-22 15:11:06,Mouse944/TMaze4/Session Data/Mouse944_TMaze4_20260722_151106.mat,23,1163.5623,23,20,True,2,,0,
Mouse944,TMaze4,2026-07-23 15:38:13,Mouse944/TMaze4/Session Data/Mouse944_TMaze4_20260723_153813.mat,34,988.7687999999999,34,36,True,5,,0,
Mouse944,TMaze4,2026-07-24 15:12:55,Mouse944/TMaze4/Session Data/Mouse944_TMaze4_20260724_151255.mat,15,994.7771,15,15,True,1,,0,
Mouse944,TMaze4,2026-07-25 16:13:46,Mouse944/TMaze4/Session Data/Mouse944_TMaze4_20260725_161346.mat,32,1117.8335000000002,32,26,True,5,,0,
Mouse945,LinearTrack,2026-01-21 17:33:29,Mouse945/LinearTrack/Session Data/Mouse945_LinearTrack_20260121_173329.mat,12,1800.5792999999999,10,0,False,,,0,
Mouse945,LinearTrack,2026-01-22 16:14:43,Mouse945/LinearTrack/Session Data/Mouse945_LinearTrack_20260122_161443.mat,2,6.8371,2,0,False,,,0,
Mouse945,LinearTrack,2026-01-22 16:15:07,Mouse945/LinearTrack/Session Data/Mouse945_LinearTrack_20260122_161507.mat,19,1800.9662999999998,18,0,False,,,0,
Mouse945,LinearTrack,2026-01-23 16:19:49,Mouse945/LinearTrack/Session Data/Mouse945_LinearTrack_20260123_161949.mat,37,1801.9543,36,0,False,,,0,
Mouse945,LinearTrack,2026-01-24 16:09:04,Mouse945/LinearTrack/Session Data/Mouse945_LinearTrack_20260124_160904.mat,46,1501.8781000000001,46,0,False,,,0,
Mouse945,LinearTrack,2026-01-25 16:44:28,Mouse945/LinearTrack/Session Data/Mouse945_LinearTrack_20260125_164428.mat,44,1106.9662,44,0,False,,,0,
Mouse945,LinearTrack,2026-01-26 17:07:18,Mouse945/LinearTrack/Session Data/Mouse945_LinearTrack_20260126_170718.mat,50,917.8856000000001,50,0,False,,,0,
Mouse945,LinearTrack,2026-01-27 16:44:12,Mouse945/LinearTrack/Session Data/Mouse945_LinearTrack_20260127_164412.mat,47,1379.7625,47,0,False,,,0,
Mouse945,LinearTrack,2026-01-28 16:48:48,Mouse945/LinearTrack/Session Data/Mouse945_LinearTrack_20260128_164848.mat,56,988.2154,56,0,False,,,0,
Mouse945,LinearTrack,2026-01-29 16:34:03,Mouse945/LinearTrack/Session Data/Mouse945_LinearTrack_20260129_163403.mat,52,879.5792,52,0,False,,,0,
Mouse945,LinearTrack,2026-01-30 17:20:07,Mouse945/LinearTrack/Session Data/Mouse945_LinearTrack_20260130_172007.mat,57,1803.3685,56,0,False,,,0,
Mouse945,LinearTrack,2026-01-31 14:54:26,Mouse945/LinearTrack/Session Data/Mouse945_LinearTrack_20260131_145426.mat,40,862.6364,40,0,False,,,0,
Mouse945,LinearTrack,2026-02-01 16:22:58,Mouse945/LinearTrack/Session Data/Mouse945_LinearTrack_20260201_162258.mat,65,1803.9174,63,0,False,,,0,
Mouse945,LinearTrack,2026-02-02 16:11:01,Mouse945/LinearTrack/Session Data/Mouse945_LinearTrack_20260202_161101.mat,47,667.1400000000001,47,0,False,,,0,
Mouse945,LinearTrack,2026-02-03 16:50:13,Mouse945/LinearTrack/Session Data/Mouse945_LinearTrack_20260203_165013.mat,72,1037.01,72,0,False,,,0,
Mouse945,LinearTrack,2026-02-04 16:26:07,Mouse945/LinearTrack/Session Data/Mouse945_LinearTrack_20260204_162607.mat,64,916.7145,64,0,False,,,0,
Mouse945,LinearTrack,2026-02-05 16:30:42,Mouse945/LinearTrack/Session Data/Mouse945_LinearTrack_20260205_163042.mat,70,858.3118,70,0,False,,,0,
Mouse945,LinearTrack,2026-02-06 16:40:07,Mouse945/LinearTrack/Session Data/Mouse945_LinearTrack_20260206_164007.mat,62,880.2994,62,0,False,,,0,
Mouse945,LinearTrack,2026-02-07 17:13:42,Mouse945/LinearTrack/Session Data/Mouse945_LinearTrack_20260207_171342.mat,64,1088.2829,64,0,False,,,0,
Mouse945,LinearTrack,2026-02-08 15:47:51,Mouse945/LinearTrack/Session Data/Mouse945_LinearTrack_20260208_154751.mat,54,581.9219,54,0,False,,,0,
Mouse945,LinearTrack,2026-02-09 17:11:14,Mouse945/LinearTrack/Session Data/Mouse945_LinearTrack_20260209_171114.mat,70,900.8762,70,0,False,,,0,
Mouse945,LinearTrack,2026-02-10 17:36:20,Mouse945/LinearTrack/Session Data/Mouse945_LinearTrack_20260210_173620.mat,48,877.2792000000001,48,0,False,,,0,
Mouse945,LinearTrack,2026-02-11 17:12:11,Mouse945/LinearTrack/Session Data/Mouse945_LinearTrack_20260211_171211.mat,25,529.6261,25,0,False,,,0,
Mouse945,LinearTrack,2026-02-12 16:55:23,Mouse945/LinearTrack/Session Data/Mouse945_LinearTrack_20260212_165523.mat,12,617.6639,12,0,False,,,0,
Mouse945,LinearTrack,2026-02-13 17:37:24,Mouse945/LinearTrack/Session Data/Mouse945_LinearTrack_20260213_173724.mat,22,872.6644,22,0,False,,,0,
Mouse945,LinearTrack,2026-02-14 17:48:37,Mouse945/LinearTrack/Session Data/Mouse945_LinearTrack_20260214_174837.mat,26,926.3687,26,0,False,,,0,
Mouse945,LinearTrack,2026-02-15 18:27:18,Mouse945/LinearTrack/Session Data/Mouse945_LinearTrack_20260215_182718.mat,22,834.5687,22,0,False,,,0,
Mouse945,LinearTrack,2026-02-16 15:10:31,Mouse945/LinearTrack/Session Data/Mouse945_LinearTrack_20260216_151031.mat,40,563.4926,40,0,False,,,0,
Mouse945,LinearTrack,2026-02-17 16:41:29,Mouse945/LinearTrack/Session Data/Mouse945_LinearTrack_20260217_164129.mat,6,865.2094,6,0,False,,,0,
Mouse945,LinearTrack,2026-02-18 15:39:52,Mouse945/LinearTrack/Session Data/Mouse945_LinearTrack_20260218_153952.mat,40,897.3737000000001,40,0,False,,,0,
Mouse945,LinearTrack,2026-02-19 17:50:16,Mouse945/LinearTrack/Session Data/Mouse945_LinearTrack_20260219_175016.mat,14,424.1888,14,0,False,,,0,
Mouse945,LinearTrack,2026-02-20 16:21:06,Mouse945/LinearTrack/Session Data/Mouse945_LinearTrack_20260220_162106.mat,38,303.2559,38,0,False,,,0,
Mouse945,LinearTrack,2026-02-21 17:17:27,Mouse945/LinearTrack/Session Data/Mouse945_LinearTrack_20260221_171727.mat,11,1800.4356,10,0,False,,,0,
Mouse945,LinearTrack,2026-02-22 16:51:36,Mouse945/LinearTrack/Session Data/Mouse945_LinearTrack_20260222_165136.mat,41,830.6457,41,0,False,,,0,
Mouse945,LinearTrack,2026-02-23 18:11:29,Mouse945/LinearTrack/Session Data/Mouse945_LinearTrack_20260223_181129.mat,24,877.8457,24,0,False,,,0,
Mouse945,LinearTrack,2026-02-24 17:19:58,Mouse945/LinearTrack/Session Data/Mouse945_LinearTrack_20260224_171958.mat,40,721.3604,40,0,False,,,0,
Mouse945,LinearTrack,2026-02-25 16:46:14,Mouse945/LinearTrack/Session Data/Mouse945_LinearTrack_20260225_164614.mat,14,643.584,14,0,False,,,0,
Mouse945,LinearTrack,2026-02-26 16:31:59,Mouse945/LinearTrack/Session Data/Mouse945_LinearTrack_20260226_163159.mat,40,620.8451,40,0,False,,,0,
Mouse945,LinearTrack,2026-02-27 18:22:50,Mouse945/LinearTrack/Session Data/Mouse945_LinearTrack_20260227_182250.mat,16,935.9448,16,0,False,,,0,
Mouse945,LinearTrack,2026-02-28 17:31:52,Mouse945/LinearTrack/Session Data/Mouse945_LinearTrack_20260228_173152.mat,42,404.8488,42,0,False,,,0,
Mouse945,LinearTrack,2026-03-01 18:41:51,Mouse945/LinearTrack/Session Data/Mouse945_LinearTrack_20260301_184151.mat,16,214.6726,16,0,False,,,0,
Mouse945,LinearTrack,2026-06-29 15:24:35,Mouse945/LinearTrack/Session Data/Mouse945_LinearTrack_20260629_152435.mat,34,1310.5543,34,0,False,,,0,
Mouse945,LinearTrack,2026-06-30 15:57:36,Mouse945/LinearTrack/Session Data/Mouse945_LinearTrack_20260630_155736.mat,42,1219.6083999999998,42,0,False,,,0,
Mouse945,LinearTrack,2026-07-01 15:51:21,Mouse945/LinearTrack/Session Data/Mouse945_LinearTrack_20260701_155121.mat,48,1803.0698,47,0,False,,,0,
Mouse945,LinearTrack,2026-07-02 15:30:02,Mouse945/LinearTrack/Session Data/Mouse945_LinearTrack_20260702_153002.mat,44,1250.762,44,0,False,,,0,
Mouse945,LinearTrack,2026-07-03 15:14:07,Mouse945/LinearTrack/Session Data/Mouse945_LinearTrack_20260703_151407.mat,49,1356.5,49,0,False,,,0,
Mouse945,LinearTrack,2026-07-04 15:43:55,Mouse945/LinearTrack/Session Data/Mouse945_LinearTrack_20260704_154355.mat,46,1211.8096,46,0,False,,,0,
Mouse945,LinearTrack,2026-07-05 15:32:05,Mouse945/LinearTrack/Session Data/Mouse945_LinearTrack_20260705_153205.mat,44,1385.8375999999998,44,0,False,,,0,
Mouse945,LinearTrack,2026-07-06 15:51:50,Mouse945/LinearTrack/Session Data/Mouse945_LinearTrack_20260706_155150.mat,48,983.7429,48,0,False,,,0,
Mouse945,LinearTrack,2026-07-07 15:48:49,Mouse945/LinearTrack/Session Data/Mouse945_LinearTrack_20260707_154849.mat,50,961.0454,50,0,False,,,0,
Mouse945,LinearTrack,2026-07-08 15:09:51,Mouse945/LinearTrack/Session Data/Mouse945_LinearTrack_20260708_150951.mat,58,1059.3361,58,0,False,,,0,
Mouse945,LinearTrack,2026-07-09 13:21:51,Mouse945/LinearTrack/Session Data/Mouse945_LinearTrack_20260709_132151.mat,45,1020.7797,45,0,False,,,0,
Mouse945,LinearTrack,2026-07-10 13:56:27,Mouse945/LinearTrack/Session Data/Mouse945_LinearTrack_20260710_135627.mat,46,715.1435,46,0,False,,,0,
Mouse945,LinearTrack,2026-07-11 15:09:39,Mouse945/LinearTrack/Session Data/Mouse945_LinearTrack_20260711_150939.mat,60,840.6364,60,0,False,,,0,
Mouse945,LinearTrack,2026-07-12 14:42:42,Mouse945/LinearTrack/Session Data/Mouse945_LinearTrack_20260712_144242.mat,51,1062.9565,51,0,False,,,0,
Mouse945,LinearTrack,2026-07-13 15:29:13,Mouse945/LinearTrack/Session Data/Mouse945_LinearTrack_20260713_152913.mat,58,908.7895,58,0,False,,,0,
Mouse945,LinearTrack,2026-07-14 15:04:12,Mouse945/LinearTrack/Session Data/Mouse945_LinearTrack_20260714_150412.mat,55,854.2518,55,0,False,,,0,
Mouse945,LinearTrack,2026-07-15 14:48:46,Mouse945/LinearTrack/Session Data/Mouse945_LinearTrack_20260715_144846.mat,53,1067.7221,53,0,False,,,0,
Mouse945,LinearTrack,2026-07-16 15:04:30,Mouse945/LinearTrack/Session Data/Mouse945_LinearTrack_20260716_150430.mat,21,744.6199,21,0,False,,,0,
Mouse945,LinearTrack,2026-07-17 14:55:57,Mouse945/LinearTrack/Session Data/Mouse945_LinearTrack_20260717_145557.mat,19,935.0636000000001,19,0,False,,,0,
Mouse945,LinearTrack,2026-07-18 15:00:51,Mouse945/LinearTrack/Session Data/Mouse945_LinearTrack_20260718_150051.mat,29,922.2566,29,0,False,,,0,
Mouse945,LinearTrack,2026-07-19 16:44:47,Mouse945/LinearTrack/Session Data/Mouse945_LinearTrack_20260719_164447.mat,39,976.6277,39,0,False,,,0,
Mouse945,LinearTrack,2026-07-20 14:21:19,Mouse945/LinearTrack/Session Data/Mouse945_LinearTrack_20260720_142119.mat,49,603.4508999999999,49,0,False,,,0,
Mouse945,LinearTrack,2026-07-21 15:55:22,Mouse945/LinearTrack/Session Data/Mouse945_LinearTrack_20260721_155522.mat,17,967.2203999999999,17,0,False,,,0,
Mouse945,LinearTrack,2026-07-22 14:21:28,Mouse945/LinearTrack/Session Data/Mouse945_LinearTrack_20260722_142128.mat,41,633.0308,41,0,False,,,0,
Mouse945,LinearTrack,2026-07-23 14:43:32,Mouse945/LinearTrack/Session Data/Mouse945_LinearTrack_20260723_144332.mat,41,330.4671,41,0,False,,,0,
Mouse945,LinearTrack,2026-07-24 16:18:34,Mouse945/LinearTrack/Session Data/Mouse945_LinearTrack_20260724_161834.mat,26,872.6347000000001,26,0,False,,,0,
Mouse945,LinearTrack,2026-07-25 15:21:34,Mouse945/LinearTrack/Session Data/Mouse945_LinearTrack_20260725_152134.mat,40,440.27500000000003,40,0,False,,,0,
Mouse945,TMaze4,2026-02-10 17:10:38,Mouse945/TMaze4/Session Data/Mouse945_TMaze4_20260210_171038.mat,11,1156.8218,11,22,True,11,,0,
Mouse945,TMaze4,2026-02-11 16:46:25,Mouse945/TMaze4/Session Data/Mouse945_TMaze4_20260211_164625.mat,29,1148.2267,29,36,True,29,,0,
Mouse945,TMaze4,2026-02-12 16:31:16,Mouse945/TMaze4/Session Data/Mouse945_TMaze4_20260212_163116.mat,37,1028.9354,37,23,True,37,,0,
Mouse945,TMaze4,2026-02-13 17:13:32,Mouse945/TMaze4/Session Data/Mouse945_TMaze4_20260213_171332.mat,44,1260.1027000000001,44,17,True,44,,0,
Mouse945,TMaze4,2026-02-14 17:20:44,Mouse945/TMaze4/Session Data/Mouse945_TMaze4_20260214_172044.mat,41,1218.8869,41,22,True,20,,0,
Mouse945,TMaze4,2026-02-15 18:03:57,Mouse945/TMaze4/Session Data/Mouse945_TMaze4_20260215_180357.mat,51,968.6251,51,34,True,26,,0,
Mouse945,TMaze4,2026-02-16 15:27:24,Mouse945/TMaze4/Session Data/Mouse945_TMaze4_20260216_152724.mat,17,1038.5356,17,3,True,9,,0,
Mouse945,TMaze4,2026-02-17 16:14:38,Mouse945/TMaze4/Session Data/Mouse945_TMaze4_20260217_161438.mat,46,994.1847,46,31,True,20,,0,
Mouse945,TMaze4,2026-02-18 16:00:55,Mouse945/TMaze4/Session Data/Mouse945_TMaze4_20260218_160055.mat,1,64.512,1,0,True,0,,0,
Mouse945,TMaze4,2026-02-18 16:02:16,Mouse945/TMaze4/Session Data/Mouse945_TMaze4_20260218_160216.mat,8,820.0583,8,3,True,3,,0,
Mouse945,TMaze4,2026-02-19 17:21:30,Mouse945/TMaze4/Session Data/Mouse945_TMaze4_20260219_172130.mat,53,1117.4618,53,42,True,27,,0,
Mouse945,TMaze4,2026-02-20 16:31:31,Mouse945/TMaze4/Session Data/Mouse945_TMaze4_20260220_163131.mat,21,829.3421000000001,21,15,True,9,,0,
Mouse945,TMaze4,2026-02-21 16:42:04,Mouse945/TMaze4/Session Data/Mouse945_TMaze4_20260221_164204.mat,49,1186.8906000000002,49,26,True,27,,0,
Mouse945,TMaze4,2026-02-22 17:13:29,Mouse945/TMaze4/Session Data/Mouse945_TMaze4_20260222_171329.mat,22,1787.2827,22,10,True,13,,0,
Mouse945,TMaze4,2026-02-23 17:46:43,Mouse945/TMaze4/Session Data/Mouse945_TMaze4_20260223_174643.mat,52,892.4858,52,24,True,26,,0,
Mouse945,TMaze4,2026-02-24 17:39:49,Mouse945/TMaze4/Session Data/Mouse945_TMaze4_20260224_173949.mat,22,997.0509,22,20,True,13,,0,
Mouse945,TMaze4,2026-02-25 16:22:00,Mouse945/TMaze4/Session Data/Mouse945_TMaze4_20260225_162200.mat,51,940.9856000000001,51,30,True,25,,0,
Mouse945,TMaze4,2026-02-26 16:50:10,Mouse945/TMaze4/Session Data/Mouse945_TMaze4_20260226_165010.mat,26,893.4599000000001,26,17,True,15,,0,
Mouse945,TMaze4,2026-02-27 17:58:04,Mouse945/TMaze4/Session Data/Mouse945_TMaze4_20260227_175804.mat,61,1035.9364,61,22,True,32,,0,
Mouse945,TMaze4,2026-02-28 17:44:09,Mouse945/TMaze4/Session Data/Mouse945_TMaze4_20260228_174409.mat,27,1020.2183,27,18,True,15,,0,
Mouse945,TMaze4,2026-03-01 18:17:53,Mouse945/TMaze4/Session Data/Mouse945_TMaze4_20260301_181753.mat,53,945.1304,53,37,True,8,,0,
Mouse945,TMaze4,2026-07-16 14:36:09,Mouse945/TMaze4/Session Data/Mouse945_TMaze4_20260716_143609.mat,35,1358.0723,35,25,True,4,,0,
Mouse945,TMaze4,2026-07-17 14:29:11,Mouse945/TMaze4/Session Data/Mouse945_TMaze4_20260717_142911.mat,41,910.5012,41,21,True,5,,0,
Mouse945,TMaze4,2026-07-18 14:27:52,Mouse945/TMaze4/Session Data/Mouse945_TMaze4_20260718_142752.mat,25,1272.4813,25,37,True,1,,0,
Mouse945,TMaze4,2026-07-19 16:19:12,Mouse945/TMaze4/Session Data/Mouse945_TMaze4_20260719_161912.mat,21,1025.48,21,33,True,3,,0,
Mouse945,TMaze4,2026-07-20 14:38:28,Mouse945/TMaze4/Session Data/Mouse945_TMaze4_20260720_143828.mat,16,999.9965000000001,16,15,True,2,,0,
Mouse945,TMaze4,2026-07-21 15:25:04,Mouse945/TMaze4/Session Data/Mouse945_TMaze4_20260721_152504.mat,40,1277.5696,40,32,True,6,,0,
Mouse945,TMaze4,2026-07-22 14:38:56,Mouse945/TMaze4/Session Data/Mouse945_TMaze4_20260722_143856.mat,7,622.0367,7,10,True,1,,0,
Mouse945,TMaze4,2026-07-23 14:50:02,Mouse945/TMaze4/Session Data/Mouse945_TMaze4_20260723_145002.mat,17,1742.0059999999999,17,13,True,4,,0,
Mouse945,TMaze4,2026-07-24 15:46:27,Mouse945/TMaze4/Session Data/Mouse945_TMaze4_20260724_154627.mat,42,1128.5671,42,53,True,6,,0,
Mouse945,TMaze4,2026-07-25 15:33:16,Mouse945/TMaze4/Session Data/Mouse945_TMaze4_20260725_153316.mat,11,973.8444000000001,11,16,True,1,,0,
Mouse946,LinearTrack,2026-01-21 16:06:43,Mouse946/LinearTrack/Session Data/Mouse946_LinearTrack_20260121_160643.mat,15,1800.7764,14,0,False,,,0,
Mouse946,LinearTrack,2026-01-22 17:10:28,Mouse946/LinearTrack/Session Data/Mouse946_LinearTrack_20260122_171028.mat,44,1802.3943,42,0,False,,,0,
Mouse946,LinearTrack,2026-01-23 15:45:15,Mouse946/LinearTrack/Session Data/Mouse946_LinearTrack_20260123_154515.mat,34,966.6802,34,0,False,,,0,
Mouse946,LinearTrack,2026-01-24 16:45:27,Mouse946/LinearTrack/Session Data/Mouse946_LinearTrack_20260124_164527.mat,40,1113.9124,40,0,False,,,0,
Mouse946,LinearTrack,2026-01-25 16:12:30,Mouse946/LinearTrack/Session Data/Mouse946_LinearTrack_20260125_161230.mat,43,1059.9467,43,0,False,,,0,
Mouse946,LinearTrack,2026-01-26 16:34:57,Mouse946/LinearTrack/Session Data/Mouse946_LinearTrack_20260126_163457.mat,47,1005.7909999999999,47,0,False,,,0,
Mouse946,LinearTrack,2026-01-27 16:11:17,Mouse946/LinearTrack/Session Data/Mouse946_LinearTrack_20260127_161117.mat,43,1232.7637,43,0,False,,,0,
Mouse946,LinearTrack,2026-01-28 17:21:37,Mouse946/LinearTrack/Session Data/Mouse946_LinearTrack_20260128_172137.mat,51,1018.6658,51,0,False,,,0,
Mouse946,LinearTrack,2026-01-29 16:01:11,Mouse946/LinearTrack/Session Data/Mouse946_LinearTrack_20260129_160111.mat,42,859.9404,42,0,False,,,0,
Mouse946,LinearTrack,2026-01-30 16:44:30,Mouse946/LinearTrack/Session Data/Mouse946_LinearTrack_20260130_164430.mat,51,1128.6584,51,0,False,,,0,
Mouse946,LinearTrack,2026-01-31 15:26:57,Mouse946/LinearTrack/Session Data/Mouse946_LinearTrack_20260131_152657.mat,56,834.0585,56,0,False,,,0,
Mouse946,LinearTrack,2026-02-01 17:05:26,Mouse946/LinearTrack/Session Data/Mouse946_LinearTrack_20260201_170526.mat,56,928.7109,56,0,False,,,0,
Mouse946,LinearTrack,2026-02-02 16:42:27,Mouse946/LinearTrack/Session Data/Mouse946_LinearTrack_20260202_164227.mat,60,952.3543999999999,60,0,False,,,0,
Mouse946,LinearTrack,2026-02-03 16:11:24,Mouse946/LinearTrack/Session Data/Mouse946_LinearTrack_20260203_161124.mat,54,1160.9157,54,0,False,,,0,
Mouse946,LinearTrack,2026-02-04 15:46:08,Mouse946/LinearTrack/Session Data/Mouse946_LinearTrack_20260204_154608.mat,56,645.982,56,0,False,,,0,
Mouse946,LinearTrack,2026-02-05 16:55:52,Mouse946/LinearTrack/Session Data/Mouse946_LinearTrack_20260205_165552.mat,61,1803.342,60,0,False,,,0,
Mouse946,LinearTrack,2026-02-06 16:08:29,Mouse946/LinearTrack/Session Data/Mouse946_LinearTrack_20260206_160829.mat,64,886.8426,64,0,False,,,0,
Mouse946,LinearTrack,2026-02-07 17:54:04,Mouse946/LinearTrack/Session Data/Mouse946_LinearTrack_20260207_175404.mat,56,986.8516999999999,56,0,False,,,0,
Mouse946,LinearTrack,2026-02-08 15:13:24,Mouse946/LinearTrack/Session Data/Mouse946_LinearTrack_20260208_151324.mat,51,1182.7937,51,0,False,,,0,
Mouse946,LinearTrack,2026-02-09 16:35:11,Mouse946/LinearTrack/Session Data/Mouse946_LinearTrack_20260209_163511.mat,67,1199.351,67,0,False,,,0,
Mouse946,LinearTrack,2026-02-10 16:37:33,Mouse946/LinearTrack/Session Data/Mouse946_LinearTrack_20260210_163733.mat,40,946.4847000000001,40,0,False,,,0,
Mouse946,LinearTrack,2026-02-11 16:11:04,Mouse946/LinearTrack/Session Data/Mouse946_LinearTrack_20260211_161104.mat,29,857.0131,29,0,False,,,0,
Mouse946,LinearTrack,2026-02-12 17:55:55,Mouse946/LinearTrack/Session Data/Mouse946_LinearTrack_20260212_175555.mat,23,1203.8857,23,0,False,,,0,
Mouse946,LinearTrack,2026-02-13 16:39:09,Mouse946/LinearTrack/Session Data/Mouse946_LinearTrack_20260213_163909.mat,26,1161.5785999999998,26,0,False,,,0,
Mouse946,LinearTrack,2026-02-14 19:01:53,Mouse946/LinearTrack/Session Data/Mouse946_LinearTrack_20260214_190153.mat,28,1806.0002000000002,27,0,False,,,0,
Mouse946,LinearTrack,2026-02-15 19:22:51,Mouse946/LinearTrack/Session Data/Mouse946_LinearTrack_20260215_192251.mat,10,930.6237,10,0,False,,,0,
Mouse946,LinearTrack,2026-02-16 16:09:47,Mouse946/LinearTrack/Session Data/Mouse946_LinearTrack_20260216_160947.mat,42,380.949,42,0,False,,,0,
Mouse946,LinearTrack,2026-02-17 17:40:21,Mouse946/LinearTrack/Session Data/Mouse946_LinearTrack_20260217_174021.mat,20,864.2823999999999,20,0,False,,,0,
Mouse946,LinearTrack,2026-02-18 17:14:22,Mouse946/LinearTrack/Session Data/Mouse946_LinearTrack_20260218_171422.mat,2,796.647,2,0,False,,,0,
Mouse946,LinearTrack,2026-02-19 16:34:20,Mouse946/LinearTrack/Session Data/Mouse946_LinearTrack_20260219_163420.mat,41,365.6209,41,0,False,,,0,
Mouse946,LinearTrack,2026-02-20 17:24:31,Mouse946/LinearTrack/Session Data/Mouse946_LinearTrack_20260220_172431.mat,15,1800.5792,14,0,False,,,0,
Mouse946,LinearTrack,2026-02-21 15:53:04,Mouse946/LinearTrack/Session Data/Mouse946_LinearTrack_20260221_155304.mat,40,441.5532,40,0,False,,,0,
Mouse946,LinearTrack,2026-02-22 18:11:44,Mouse946/LinearTrack/Session Data/Mouse946_LinearTrack_20260222_181144.mat,24,1528.9927,24,0,False,,,0,
Mouse946,LinearTrack,2026-02-23 16:54:04,Mouse946/LinearTrack/Session Data/Mouse946_LinearTrack_20260223_165404.mat,3,231.6692,3,0,False,,,0,
Mouse946,LinearTrack,2026-02-23 16:58:07,Mouse946/LinearTrack/Session Data/Mouse946_LinearTrack_20260223_165807.mat,40,422.3504,40,0,False,,,0,
Mouse946,LinearTrack,2026-02-24 18:38:50,Mouse946/LinearTrack/Session Data/Mouse946_LinearTrack_20260224_183850.mat,18,601.5035,18,0,False,,,0,
Mouse946,LinearTrack,2026-02-25 15:34:19,Mouse946/LinearTrack/Session Data/Mouse946_LinearTrack_20260225_153419.mat,40,426.376,40,0,False,,,0,
Mouse946,LinearTrack,2026-02-26 17:46:39,Mouse946/LinearTrack/Session Data/Mouse946_LinearTrack_20260226_174639.mat,17,785.5289,17,0,False,,,0,
Mouse946,LinearTrack,2026-02-27 16:57:32,Mouse946/LinearTrack/Session Data/Mouse946_LinearTrack_20260227_165732.mat,42,886.5275,42,0,False,,,0,
Mouse946,LinearTrack,2026-02-28 18:43:38,Mouse946/LinearTrack/Session Data/Mouse946_LinearTrack_20260228_184338.mat,33,978.2517,33,0,False,,,0,
Mouse946,LinearTrack,2026-03-01 17:25:09,Mouse946/LinearTrack/Session Data/Mouse946_LinearTrack_20260301_172509.mat,40,843.3272,40,0,False,,,0,
Mouse946,TMaze4,2026-02-10 16:09:04,Mouse946/TMaze4/Session Data/Mouse946_TMaze4_20260210_160904.mat,13,1194.23,13,24,True,13,,0,
Mouse946,TMaze4,2026-02-11 15:41:47,Mouse946/TMaze4/Session Data/Mouse946_TMaze4_20260211_154147.mat,25,1327.3333,25,33,True,25,,0,
Mouse946,TMaze4,2026-02-12 17:24:47,Mouse946/TMaze4/Session Data/Mouse946_TMaze4_20260212_172447.mat,45,1560.1499000000001,45,32,True,45,,0,
Mouse946,TMaze4,2026-02-13 16:14:59,Mouse946/TMaze4/Session Data/Mouse946_TMaze4_20260213_161459.mat,37,1216.9492,37,24,True,37,,0,
Mouse946,TMaze4,2026-02-14 18:27:44,Mouse946/TMaze4/Session Data/Mouse946_TMaze4_20260214_182744.mat,6,171.71009999999998,6,2,True,5,,0,
Mouse946,TMaze4,2026-02-14 18:35:04,Mouse946/TMaze4/Session Data/Mouse946_TMaze4_20260214_183504.mat,33,921.5831,33,22,True,17,,0,
Mouse946,TMaze4,2026-02-15 17:22:05,Mouse946/TMaze4/Session Data/Mouse946_TMaze4_20260215_172205.mat,3,386.3242,3,5,True,1,,0,
Mouse946,TMaze4,2026-02-15 18:57:37,Mouse946/TMaze4/Session Data/Mouse946_TMaze4_20260215_185737.mat,48,978.2245,48,28,True,24,,0,
Mouse946,TMaze4,2026-02-16 16:25:27,Mouse946/TMaze4/Session Data/Mouse946_TMaze4_20260216_162527.mat,12,1007.6982,12,12,True,5,,0,
Mouse946,TMaze4,2026-02-17 17:13:27,Mouse946/TMaze4/Session Data/Mouse946_TMaze4_20260217_171327.mat,44,1139.9419,44,30,True,20,,0,
Mouse946,TMaze4,2026-02-18 16:49:28,Mouse946/TMaze4/Session Data/Mouse946_TMaze4_20260218_164928.mat,42,1021.4853999999999,42,23,True,19,,0,
Mouse946,TMaze4,2026-02-19 16:45:59,Mouse946/TMaze4/Session Data/Mouse946_TMaze4_20260219_164559.mat,24,1042.9331,24,10,True,12,,0,
Mouse946,TMaze4,2026-02-20 17:04:15,Mouse946/TMaze4/Session Data/Mouse946_TMaze4_20260220_170415.mat,46,703.0399000000001,46,19,True,29,,0,
Mouse946,TMaze4,2026-02-21 16:09:07,Mouse946/TMaze4/Session Data/Mouse946_TMaze4_20260221_160907.mat,22,1030.5565,22,8,True,12,,0,
Mouse946,TMaze4,2026-02-22 17:43:29,Mouse946/TMaze4/Session Data/Mouse946_TMaze4_20260222_174329.mat,41,1119.0108,41,34,True,14,,0,
Mouse946,TMaze4,2026-02-23 17:13:50,Mouse946/TMaze4/Session Data/Mouse946_TMaze4_20260223_171350.mat,17,774.8305,17,9,True,11,,0,
Mouse946,TMaze4,2026-02-24 18:13:36,Mouse946/TMaze4/Session Data/Mouse946_TMaze4_20260224_181336.mat,52,981.0081,52,27,True,27,,0,
Mouse946,TMaze4,2026-02-25 15:49:09,Mouse946/TMaze4/Session Data/Mouse946_TMaze4_20260225_154909.mat,16,842.1626,16,11,True,7,,0,
Mouse946,TMaze4,2026-02-26 17:22:00,Mouse946/TMaze4/Session Data/Mouse946_TMaze4_20260226_172200.mat,52,917.6441,52,29,True,27,,0,
Mouse946,TMaze4,2026-02-27 17:19:17,Mouse946/TMaze4/Session Data/Mouse946_TMaze4_20260227_171917.mat,22,1139.2119,22,10,True,14,,0,
Mouse946,TMaze4,2026-02-28 18:13:01,Mouse946/TMaze4/Session Data/Mouse946_TMaze4_20260228_181301.mat,54,1232.7744,54,23,True,9,,0,
Mouse946,TMaze4,2026-03-01 17:46:51,Mouse946/TMaze4/Session Data/Mouse946_TMaze4_20260301_174651.mat,8,274.1599,8,4,True,1,,0,
