mouse,task,stamp,date,era,route,cohort,session_dir,raw_video,timestamps,timestamps_beside_video,bpod,n_bpod_logs,trim_info,trim_video,trials,binned,ready,can_assign
Mouse163,Linear,2024-05-21T15_55_45,2024-05-21,pre2026-05,detect,aging,/media/toor/Seagate2/Mouse163/Round1/Linear/2024-05-21T15_55_45,/media/toor/SeagatePortableDrive/AgingMiceNWB/sub-Mouse163/Round1/Linear/ses-20240521T155545/behavior2024-05-21T15_55_45.avi,/media/toor/SeagatePortableDrive/AgingMiceNWB/sub-Mouse163/Round1/Linear/ses-20240521T155545/timestamps2024-05-21T15_55_45.csv,True,/media/toor/SeagateClean/Bpod Local/Data/Mouse163/LinearTrack/Session Data/Mouse163_LinearTrack_20240521_154536.mat,1,/media/toor/Seagate2/Mouse163/Round1/Linear/2024-05-21T15_55_45/dlc_trim_info.csv,/media/toor/Seagate2/Mouse163/Round1/Linear/2024-05-21T15_55_45/Linear_behavior2024-05-21T15_55_45.avi,/media/toor/Seagate2/Mouse163/Round1/Linear/2024-05-21T15_55_45/dlc/2024-05-21_15-55-45_LinearTrack_lineartrack_trials.csv,/media/toor/Seagate2/Mouse163/Round1/Linear/2024-05-21T15_55_45/dlc/2024-05-21_15-55-45_LinearTrack_linearized_binned_trials_70nbins.csv,True,True
Mouse163,Linear,2024-05-22T17_12_36,2024-05-22,pre2026-05,detect,aging,/media/toor/Seagate2/Mouse163/Round1/Linear/2024-05-22T17_12_36,/media/toor/SeagatePortableDrive/AgingMiceNWB/sub-Mouse163/Round1/Linear/ses-20240522T171236/behavior2024-05-22T17_12_36.avi,/media/toor/SeagatePortableDrive/AgingMiceNWB/sub-Mouse163/Round1/Linear/ses-20240522T171236/timestamps2024-05-22T17_12_36.csv,True,,0,/media/toor/Seagate2/Mouse163/Round1/Linear/2024-05-22T17_12_36/dlc_trim_info.csv,/media/toor/Seagate2/Mouse163/Round1/Linear/2024-05-22T17_12_36/Linear_behavior2024-05-22T17_12_36.avi,/media/toor/Seagate2/Mouse163/Round1/Linear/2024-05-22T17_12_36/dlc/2024-05-22_17-12-36_LinearTrack_lineartrack_trials.csv,/media/toor/Seagate2/Mouse163/Round1/Linear/2024-05-22T17_12_36/dlc/2024-05-22_17-12-36_LinearTrack_linearized_binned_trials_70nbins.csv,True,True
Mouse163,Linear,2024-05-23T18_44_49,2024-05-23,pre2026-05,detect,aging,/media/toor/Seagate2/Mouse163/Round1/Linear/2024-05-23T18_44_49,,/media/toor/SeagatePortableDrive/AGING_MICE/Mouse163/FirstRound/timestamps2024-05-23T18_44_49.csv,False,/media/toor/SeagateClean/Bpod Local/Data/Mouse163/LinearTrack/Session Data/Mouse163_LinearTrack_20240523_185041.mat,1,/media/toor/Seagate2/Mouse163/Round1/Linear/2024-05-23T18_44_49/dlc_trim_info.csv,/media/toor/Seagate2/Mouse163/Round1/Linear/2024-05-23T18_44_49/Linear_behavior2024-05-23T18_44_49.avi,/media/toor/Seagate2/Mouse163/Round1/Linear/2024-05-23T18_44_49/dlc/2024-05-23_18-44-49_LinearTrack_lineartrack_trials.csv,/media/toor/Seagate2/Mouse163/Round1/Linear/2024-05-23T18_44_49/dlc/2024-05-23_18-44-49_LinearTrack_linearized_binned_trials_70nbins.csv,False,False
Mouse163,Linear,2024-05-24T18_09_48,2024-05-24,pre2026-05,detect,aging,/media/toor/Seagate2/Mouse163/Round1/Linear/2024-05-24T18_09_48,/media/toor/SeagatePortableDrive/AgingMiceNWB/sub-Mouse163/Round1/Linear/ses-20240524T180948/behavior2024-05-24T18_09_48.avi,/media/toor/SeagatePortableDrive/AgingMiceNWB/sub-Mouse163/Round1/Linear/ses-20240524T180948/timestamps2024-05-24T18_09_48.csv,True,/media/toor/SeagateClean/Bpod Local/Data/Mouse163/LinearTrack/Session Data/Mouse163_LinearTrack_20240524_181824.mat,1,/media/toor/Seagate2/Mouse163/Round1/Linear/2024-05-24T18_09_48/dlc_trim_info.csv,/media/toor/Seagate2/Mouse163/Round1/Linear/2024-05-24T18_09_48/Linear_behavior2024-05-24T18_09_48.avi,/media/toor/Seagate2/Mouse163/Round1/Linear/2024-05-24T18_09_48/dlc/2024-05-24_18-09-48_LinearTrack_lineartrack_trials.csv,/media/toor/Seagate2/Mouse163/Round1/Linear/2024-05-24T18_09_48/dlc/2024-05-24_18-09-48_LinearTrack_linearized_binned_trials_70nbins.csv,True,True
Mouse163,Linear,2024-05-25T17_10_02,2024-05-25,pre2026-05,detect,aging,/media/toor/Seagate2/Mouse163/Round1/Linear/2024-05-25T17_10_02,/media/toor/SeagatePortableDrive/AgingMiceNWB/sub-Mouse163/Round1/Linear/ses-20240525T171002/behavior2024-05-25T17_10_02.avi,/media/toor/SeagatePortableDrive/AgingMiceNWB/sub-Mouse163/Round1/Linear/ses-20240525T171002/timestamps2024-05-25T17_10_02.csv,True,,0,/media/toor/Seagate2/Mouse163/Round1/Linear/2024-05-25T17_10_02/dlc_trim_info.csv,/media/toor/Seagate2/Mouse163/Round1/Linear/2024-05-25T17_10_02/Linear_behavior2024-05-25T17_10_02.avi,/media/toor/Seagate2/Mouse163/Round1/Linear/2024-05-25T17_10_02/dlc/2024-05-25_17-10-02_LinearTrack_lineartrack_trials.csv,/media/toor/Seagate2/Mouse163/Round1/Linear/2024-05-25T17_10_02/dlc/2024-05-25_17-10-02_LinearTrack_linearized_binned_trials_70nbins.csv,True,True
Mouse163,Linear,2024-05-26T14_08_18,2024-05-26,pre2026-05,detect,aging,/media/toor/Seagate2/Mouse163/Round1/Linear/2024-05-26T14_08_18,/media/toor/SeagatePortableDrive/AgingMiceNWB/sub-Mouse163/Round1/Linear/ses-20240526T140818/behavior2024-05-26T14_08_18.avi,/media/toor/SeagatePortableDrive/AgingMiceNWB/sub-Mouse163/Round1/Linear/ses-20240526T140818/timestamps2024-05-26T14_08_18.csv,True,/media/toor/SeagateClean/Bpod Local/Data/Mouse163/LinearTrack/Session Data/Mouse163_LinearTrack_20240526_141401.mat,1,/media/toor/Seagate2/Mouse163/Round1/Linear/2024-05-26T14_08_18/dlc_trim_info.csv,/media/toor/Seagate2/Mouse163/Round1/Linear/2024-05-26T14_08_18/Linear_behavior2024-05-26T14_08_18.avi,/media/toor/Seagate2/Mouse163/Round1/Linear/2024-05-26T14_08_18/dlc/2024-05-26_14-08-18_LinearTrack_lineartrack_trials.csv,/media/toor/Seagate2/Mouse163/Round1/Linear/2024-05-26T14_08_18/dlc/2024-05-26_14-08-18_LinearTrack_linearized_binned_trials_70nbins.csv,True,True
Mouse163,Linear,2024-05-27T15_10_56,2024-05-27,pre2026-05,detect,aging,/media/toor/Seagate2/Mouse163/Round1/Linear/2024-05-27T15_10_56,/media/toor/SeagatePortableDrive/AgingMiceNWB/sub-Mouse163/Round1/Linear/ses-20240527T151056/behavior2024-05-27T15_10_56.avi,/media/toor/SeagatePortableDrive/AgingMiceNWB/sub-Mouse163/Round1/Linear/ses-20240527T151056/timestamps2024-05-27T15_10_56.csv,True,/media/toor/SeagateClean/Bpod Local/Data/Mouse163/LinearTrack/Session Data/Mouse163_LinearTrack_20240527_151736.mat,1,/media/toor/Seagate2/Mouse163/Round1/Linear/2024-05-27T15_10_56/dlc_trim_info.csv,/media/toor/Seagate2/Mouse163/Round1/Linear/2024-05-27T15_10_56/Linear_behavior2024-05-27T15_10_56.avi,/media/toor/Seagate2/Mouse163/Round1/Linear/2024-05-27T15_10_56/dlc/2024-05-27_15-10-56_LinearTrack_lineartrack_trials.csv,/media/toor/Seagate2/Mouse163/Round1/Linear/2024-05-27T15_10_56/dlc/2024-05-27_15-10-56_LinearTrack_linearized_binned_trials_70nbins.csv,True,True
Mouse163,Linear,2024-05-28T12_02_30,2024-05-28,pre2026-05,detect,aging,/media/toor/Seagate2/Mouse163/Round1/Linear/2024-05-28T12_02_30,/media/toor/SeagatePortableDrive/AgingMiceNWB/sub-Mouse163/Round1/Linear/ses-20240528T120230/behavior2024-05-28T12_02_30.avi,/media/toor/SeagatePortableDrive/AgingMiceNWB/sub-Mouse163/Round1/Linear/ses-20240528T120230/timestamps2024-05-28T12_02_30.csv,True,/media/toor/SeagateClean/Bpod Local/Data/Mouse163/LinearTrack/Session Data/Mouse163_LinearTrack_20240528_120811.mat,1,/media/toor/Seagate2/Mouse163/Round1/Linear/2024-05-28T12_02_30/dlc_trim_info.csv,/media/toor/Seagate2/Mouse163/Round1/Linear/2024-05-28T12_02_30/Linear_behavior2024-05-28T12_02_30.avi,/media/toor/Seagate2/Mouse163/Round1/Linear/2024-05-28T12_02_30/dlc/2024-05-28_12-02-30_LinearTrack_lineartrack_trials.csv,/media/toor/Seagate2/Mouse163/Round1/Linear/2024-05-28T12_02_30/dlc/2024-05-28_12-02-30_LinearTrack_linearized_binned_trials_70nbins.csv,True,True
Mouse163,Linear,2024-05-29T18_43_41,2024-05-29,pre2026-05,detect,aging,/media/toor/Seagate2/Mouse163/Round1/Linear/2024-05-29T18_43_41,/media/toor/SeagatePortableDrive/AgingMiceNWB/sub-Mouse163/Round1/Linear/ses-20240529T184341/behavior2024-05-29T18_43_41.avi,/media/toor/SeagatePortableDrive/AgingMiceNWB/sub-Mouse163/Round1/Linear/ses-20240529T184341/timestamps2024-05-29T18_43_41.csv,True,/media/toor/SeagateClean/Bpod Local/Data/Mouse163/LinearTrack/Session Data/Mouse163_LinearTrack_20240529_185105.mat,2,/media/toor/Seagate2/Mouse163/Round1/Linear/2024-05-29T18_43_41/dlc_trim_info.csv,/media/toor/Seagate2/Mouse163/Round1/Linear/2024-05-29T18_43_41/Linear_behavior2024-05-29T18_43_41.avi,/media/toor/Seagate2/Mouse163/Round1/Linear/2024-05-29T18_43_41/dlc/2024-05-29_18-43-41_LinearTrack_lineartrack_trials.csv,/media/toor/Seagate2/Mouse163/Round1/Linear/2024-05-29T18_43_41/dlc/2024-05-29_18-43-41_LinearTrack_linearized_binned_trials_70nbins.csv,True,True
Mouse163,Linear,2024-05-30T13_32_54,2024-05-30,pre2026-05,detect,aging,/media/toor/Seagate2/Mouse163/Round1/Linear/2024-05-30T13_32_54,/media/toor/SeagatePortableDrive/AgingMiceNWB/sub-Mouse163/Round1/Linear/ses-20240530T133254/behavior2024-05-30T13_32_54.avi,/media/toor/SeagatePortableDrive/AgingMiceNWB/sub-Mouse163/Round1/Linear/ses-20240530T133254/timestamps2024-05-30T13_32_54.csv,True,/media/toor/SeagateClean/Bpod Local/Data/Mouse163/LinearTrack/Session Data/Mouse163_LinearTrack_20240530_133831.mat,1,/media/toor/Seagate2/Mouse163/Round1/Linear/2024-05-30T13_32_54/dlc_trim_info.csv,/media/toor/Seagate2/Mouse163/Round1/Linear/2024-05-30T13_32_54/Linear_behavior2024-05-30T13_32_54.avi,/media/toor/Seagate2/Mouse163/Round1/Linear/2024-05-30T13_32_54/dlc/2024-05-30_13-32-54_LinearTrack_lineartrack_trials.csv,/media/toor/Seagate2/Mouse163/Round1/Linear/2024-05-30T13_32_54/dlc/2024-05-30_13-32-54_LinearTrack_linearized_binned_trials_70nbins.csv,True,True
Mouse163,Linear,2024-05-31T12_33_02,2024-05-31,pre2026-05,detect,aging,/media/toor/Seagate2/Mouse163/Round1/Linear/2024-05-31T12_33_02,/media/toor/SeagatePortableDrive/AgingMiceNWB/sub-Mouse163/Round1/Linear/ses-20240531T123302/behavior2024-05-31T12_33_02.avi,/media/toor/SeagatePortableDrive/AgingMiceNWB/sub-Mouse163/Round1/Linear/ses-20240531T123302/timestamps2024-05-31T12_33_02.csv,True,/media/toor/SeagateClean/Bpod Local/Data/Mouse163/LinearTrack/Session Data/Mouse163_LinearTrack_20240531_123923.mat,1,/media/toor/Seagate2/Mouse163/Round1/Linear/2024-05-31T12_33_02/dlc_trim_info.csv,/media/toor/Seagate2/Mouse163/Round1/Linear/2024-05-31T12_33_02/Linear_behavior2024-05-31T12_33_02.avi,/media/toor/Seagate2/Mouse163/Round1/Linear/2024-05-31T12_33_02/dlc/2024-05-31_12-33-02_LinearTrack_lineartrack_trials.csv,/media/toor/Seagate2/Mouse163/Round1/Linear/2024-05-31T12_33_02/dlc/2024-05-31_12-33-02_LinearTrack_linearized_binned_trials_70nbins.csv,True,True
Mouse163,Linear,2024-06-01T15_55_36,2024-06-01,pre2026-05,detect,aging,/media/toor/Seagate2/Mouse163/Round1/Linear/2024-06-01T15_55_36,/media/toor/SeagatePortableDrive/AgingMiceNWB/sub-Mouse163/Round1/Linear/ses-20240601T155536/behavior2024-06-01T15_55_36.avi,/media/toor/SeagatePortableDrive/AgingMiceNWB/sub-Mouse163/Round1/Linear/ses-20240601T155536/timestamps2024-06-01T15_55_36.csv,True,/media/toor/SeagateClean/Bpod Local/Data/Mouse163/LinearTrack/Session Data/Mouse163_LinearTrack_20240601_160134.mat,1,/media/toor/Seagate2/Mouse163/Round1/Linear/2024-06-01T15_55_36/dlc_trim_info.csv,/media/toor/Seagate2/Mouse163/Round1/Linear/2024-06-01T15_55_36/Linear_behavior2024-06-01T15_55_36.avi,/media/toor/Seagate2/Mouse163/Round1/Linear/2024-06-01T15_55_36/dlc/2024-06-01_15-55-36_LinearTrack_lineartrack_trials.csv,/media/toor/Seagate2/Mouse163/Round1/Linear/2024-06-01T15_55_36/dlc/2024-06-01_15-55-36_LinearTrack_linearized_binned_trials_70nbins.csv,True,True
Mouse163,Linear,2024-06-02T15_10_17,2024-06-02,pre2026-05,detect,aging,/media/toor/Seagate2/Mouse163/Round1/Linear/2024-06-02T15_10_17,/media/toor/SeagatePortableDrive/AgingMiceNWB/sub-Mouse163/Round1/Linear/ses-20240602T151017/behavior2024-06-02T15_10_17.avi,/media/toor/SeagatePortableDrive/AgingMiceNWB/sub-Mouse163/Round1/Linear/ses-20240602T151017/timestamps2024-06-02T15_10_17.csv,True,/media/toor/SeagateClean/Bpod Local/Data/Mouse163/LinearTrack/Session Data/Mouse163_LinearTrack_20240602_151546.mat,1,/media/toor/Seagate2/Mouse163/Round1/Linear/2024-06-02T15_10_17/dlc_trim_info.csv,/media/toor/Seagate2/Mouse163/Round1/Linear/2024-06-02T15_10_17/Linear_behavior2024-06-02T15_10_17.avi,/media/toor/Seagate2/Mouse163/Round1/Linear/2024-06-02T15_10_17/dlc/2024-06-02_15-10-17_LinearTrack_lineartrack_trials.csv,/media/toor/Seagate2/Mouse163/Round1/Linear/2024-06-02T15_10_17/dlc/2024-06-02_15-10-17_LinearTrack_linearized_binned_trials_70nbins.csv,True,True
Mouse163,Linear,2024-06-03T12_26_40,2024-06-03,pre2026-05,detect,aging,/media/toor/Seagate2/Mouse163/Round1/Linear/2024-06-03T12_26_40,/media/toor/SeagatePortableDrive/AgingMiceNWB/sub-Mouse163/Round1/Linear/ses-20240603T122640/behavior2024-06-03T12_26_40.avi,/media/toor/SeagatePortableDrive/AgingMiceNWB/sub-Mouse163/Round1/Linear/ses-20240603T122640/timestamps2024-06-03T12_26_40.csv,True,/media/toor/SeagateClean/Bpod Local/Data/Mouse163/LinearTrack/Session Data/Mouse163_LinearTrack_20240603_123249.mat,1,/media/toor/Seagate2/Mouse163/Round1/Linear/2024-06-03T12_26_40/dlc_trim_info.csv,/media/toor/Seagate2/Mouse163/Round1/Linear/2024-06-03T12_26_40/Linear_behavior2024-06-03T12_26_40.avi,/media/toor/Seagate2/Mouse163/Round1/Linear/2024-06-03T12_26_40/dlc/2024-06-03_12-26-40_LinearTrack_lineartrack_trials.csv,/media/toor/Seagate2/Mouse163/Round1/Linear/2024-06-03T12_26_40/dlc/2024-06-03_12-26-40_LinearTrack_linearized_binned_trials_70nbins.csv,True,True
Mouse163,Linear,2024-06-04T10_03_04,2024-06-04,pre2026-05,detect,aging,/media/toor/Seagate2/Mouse163/Round1/Linear/2024-06-04T10_03_04,/media/toor/SeagatePortableDrive/AgingMiceNWB/sub-Mouse163/Round1/Linear/ses-20240604T100304/behavior2024-06-04T10_03_04.avi,/media/toor/SeagatePortableDrive/AgingMiceNWB/sub-Mouse163/Round1/Linear/ses-20240604T100304/timestamps2024-06-04T10_03_04.csv,True,/media/toor/SeagateClean/Bpod Local/Data/Mouse163/LinearTrack/Session Data/Mouse163_LinearTrack_20240604_100940.mat,1,/media/toor/Seagate2/Mouse163/Round1/Linear/2024-06-04T10_03_04/dlc_trim_info.csv,/media/toor/Seagate2/Mouse163/Round1/Linear/2024-06-04T10_03_04/Linear_behavior2024-06-04T10_03_04.avi,/media/toor/Seagate2/Mouse163/Round1/Linear/2024-06-04T10_03_04/dlc/2024-06-04_10-03-04_LinearTrack_lineartrack_trials.csv,/media/toor/Seagate2/Mouse163/Round1/Linear/2024-06-04T10_03_04/dlc/2024-06-04_10-03-04_LinearTrack_linearized_binned_trials_70nbins.csv,True,True
Mouse163,Linear,2024-06-05T10_16_00,2024-06-05,pre2026-05,detect,aging,/media/toor/Seagate2/Mouse163/Round1/Linear/2024-06-05T10_16_00,/media/toor/SeagatePortableDrive/AgingMiceNWB/sub-Mouse163/Round1/Linear/ses-20240605T101600/behavior2024-06-05T10_16_00.avi,,False,/media/toor/SeagateClean/Bpod Local/Data/Mouse163/LinearTrack/Session Data/Mouse163_LinearTrack_20240605_101655.mat,1,/media/toor/Seagate2/Mouse163/Round1/Linear/2024-06-05T10_16_00/dlc_trim_info.csv,/media/toor/Seagate2/Mouse163/Round1/Linear/2024-06-05T10_16_00/Linear_behavior2024-06-05T10_16_00.avi,/media/toor/Seagate2/Mouse163/Round1/Linear/2024-06-05T10_16_00/dlc/2024-06-05_10-16-00_LinearTrack_lineartrack_trials.csv,/media/toor/Seagate2/Mouse163/Round1/Linear/2024-06-05T10_16_00/dlc/2024-06-05_10-16-00_LinearTrack_linearized_binned_trials_70nbins.csv,False,False
Mouse163,Linear,2024-06-06T14_05_01,2024-06-06,pre2026-05,detect,aging,/media/toor/Seagate2/Mouse163/Round1/Linear/2024-06-06T14_05_01,/media/toor/SeagatePortableDrive/AgingMiceNWB/sub-Mouse163/Round1/Linear/ses-20240606T140501/behavior2024-06-06T14_05_01.avi,/media/toor/SeagatePortableDrive/AgingMiceNWB/sub-Mouse163/Round1/Linear/ses-20240606T140501/timestamps2024-06-06T14_05_01.csv,True,/media/toor/SeagateClean/Bpod Local/Data/Mouse163/LinearTrack/Session Data/Mouse163_LinearTrack_20240606_141150.mat,1,/media/toor/Seagate2/Mouse163/Round1/Linear/2024-06-06T14_05_01/dlc_trim_info.csv,/media/toor/Seagate2/Mouse163/Round1/Linear/2024-06-06T14_05_01/Linear_behavior2024-06-06T14_05_01.avi,/media/toor/Seagate2/Mouse163/Round1/Linear/2024-06-06T14_05_01/dlc/2024-06-06_14-05-01_LinearTrack_lineartrack_trials.csv,/media/toor/Seagate2/Mouse163/Round1/Linear/2024-06-06T14_05_01/dlc/2024-06-06_14-05-01_LinearTrack_linearized_binned_trials_70nbins.csv,True,True
Mouse163,Linear,2024-06-07T12_22_25,2024-06-07,pre2026-05,detect,aging,/media/toor/Seagate2/Mouse163/Round1/Linear/2024-06-07T12_22_25,/media/toor/SeagatePortableDrive/AgingMiceNWB/sub-Mouse163/Round1/Linear/ses-20240607T122225/behavior2024-06-07T12_22_25.avi,/media/toor/SeagatePortableDrive/AgingMiceNWB/sub-Mouse163/Round1/Linear/ses-20240607T122225/timestamps2024-06-07T12_22_25.csv,True,/media/toor/SeagateClean/Bpod Local/Data/Mouse163/LinearTrack/Session Data/Mouse163_LinearTrack_20240607_123026.mat,1,/media/toor/Seagate2/Mouse163/Round1/Linear/2024-06-07T12_22_25/dlc_trim_info.csv,/media/toor/Seagate2/Mouse163/Round1/Linear/2024-06-07T12_22_25/Linear_behavior2024-06-07T12_22_25.avi,/media/toor/Seagate2/Mouse163/Round1/Linear/2024-06-07T12_22_25/dlc/2024-06-07_12-22-25_LinearTrack_lineartrack_trials.csv,/media/toor/Seagate2/Mouse163/Round1/Linear/2024-06-07T12_22_25/dlc/2024-06-07_12-22-25_LinearTrack_linearized_binned_trials_70nbins.csv,True,True
Mouse163,Linear,2024-06-08T16_54_20,2024-06-08,pre2026-05,detect,aging,/media/toor/Seagate2/Mouse163/Round1/Linear/2024-06-08T16_54_20,/media/toor/SeagatePortableDrive/AgingMiceNWB/sub-Mouse163/Round1/Linear/ses-20240608T165420/behavior2024-06-08T16_54_20.avi,/media/toor/SeagatePortableDrive/AgingMiceNWB/sub-Mouse163/Round1/Linear/ses-20240608T165420/timestamps2024-06-08T16_54_20.csv,True,/media/toor/SeagateClean/Bpod Local/Data/Mouse163/LinearTrack/Session Data/Mouse163_LinearTrack_20240608_170000.mat,1,/media/toor/Seagate2/Mouse163/Round1/Linear/2024-06-08T16_54_20/dlc_trim_info.csv,/media/toor/Seagate2/Mouse163/Round1/Linear/2024-06-08T16_54_20/Linear_behavior2024-06-08T16_54_20.avi,/media/toor/Seagate2/Mouse163/Round1/Linear/2024-06-08T16_54_20/dlc/2024-06-08_16-54-20_LinearTrack_lineartrack_trials.csv,/media/toor/Seagate2/Mouse163/Round1/Linear/2024-06-08T16_54_20/dlc/2024-06-08_16-54-20_LinearTrack_linearized_binned_trials_70nbins.csv,True,True
Mouse163,Linear,2024-06-09T13_50_40,2024-06-09,pre2026-05,detect,aging,/media/toor/Seagate2/Mouse163/Round1/Linear/2024-06-09T13_50_40,/media/toor/SeagatePortableDrive/AgingMiceNWB/sub-Mouse163/Round1/Linear/ses-20240609T135040/behavior2024-06-09T13_50_40.avi,/media/toor/SeagatePortableDrive/AgingMiceNWB/sub-Mouse163/Round1/Linear/ses-20240609T135040/timestamps2024-06-09T13_50_40.csv,True,/media/toor/SeagateClean/Bpod Local/Data/Mouse163/LinearTrack/Session Data/Mouse163_LinearTrack_20240609_135621.mat,1,/media/toor/Seagate2/Mouse163/Round1/Linear/2024-06-09T13_50_40/dlc_trim_info.csv,/media/toor/Seagate2/Mouse163/Round1/Linear/2024-06-09T13_50_40/Linear_behavior2024-06-09T13_50_40.avi,/media/toor/Seagate2/Mouse163/Round1/Linear/2024-06-09T13_50_40/dlc/2024-06-09_13-50-40_LinearTrack_lineartrack_trials.csv,/media/toor/Seagate2/Mouse163/Round1/Linear/2024-06-09T13_50_40/dlc/2024-06-09_13-50-40_LinearTrack_linearized_binned_trials_70nbins.csv,True,True
Mouse163,Linear,2024-06-10T15_21_18,2024-06-10,pre2026-05,detect,aging,/media/toor/Seagate2/Mouse163/Round1.5/Linear/2024-06-10T15_21_18,/media/toor/SeagatePortableDrive/AgingMiceNWB/sub-Mouse163/Round1.5/Linear/ses-20240610T152118/behavior2024-06-10T15_21_18.avi,/media/toor/SeagatePortableDrive/AgingMiceNWB/sub-Mouse163/Round1.5/Linear/ses-20240610T152118/timestamps2024-06-10T15_21_18.csv,True,/media/toor/SeagateClean/Bpod Local/Data/Mouse163/LinearTrack/Session Data/Mouse163_LinearTrack_20240610_152722.mat,1,/media/toor/Seagate2/Mouse163/Round1.5/Linear/2024-06-10T15_21_18/dlc_trim_info.csv,/media/toor/Seagate2/Mouse163/Round1.5/Linear/2024-06-10T15_21_18/Linear_behavior2024-06-10T15_21_18.avi,/media/toor/Seagate2/Mouse163/Round1.5/Linear/2024-06-10T15_21_18/dlc/2024-06-10_15-21-18_LinearTrack_lineartrack_trials.csv,/media/toor/Seagate2/Mouse163/Round1.5/Linear/2024-06-10T15_21_18/dlc/2024-06-10_15-21-18_LinearTrack_linearized_binned_trials_70nbins.csv,True,True
Mouse163,Linear,2024-06-11T13_39_40,2024-06-11,pre2026-05,detect,aging,/media/toor/Seagate2/Mouse163/Round1.5/Linear/2024-06-11T13_39_40,/media/toor/SeagatePortableDrive/AgingMiceNWB/sub-Mouse163/Round1.5/Linear/ses-20240611T133940/behavior2024-06-11T13_39_40.avi,/media/toor/SeagatePortableDrive/AgingMiceNWB/sub-Mouse163/Round1.5/Linear/ses-20240611T133940/timestamps2024-06-11T13_39_40.csv,True,/media/toor/SeagateClean/Bpod Local/Data/Mouse163/LinearTrack/Session Data/Mouse163_LinearTrack_20240611_134022.mat,1,/media/toor/Seagate2/Mouse163/Round1.5/Linear/2024-06-11T13_39_40/dlc_trim_info.csv,/media/toor/Seagate2/Mouse163/Round1.5/Linear/2024-06-11T13_39_40/Linear_behavior2024-06-11T13_39_40.avi,/media/toor/Seagate2/Mouse163/Round1.5/Linear/2024-06-11T13_39_40/dlc/2024-06-11_13-39-40_LinearTrack_lineartrack_trials.csv,/media/toor/Seagate2/Mouse163/Round1.5/Linear/2024-06-11T13_39_40/dlc/2024-06-11_13-39-40_LinearTrack_linearized_binned_trials_70nbins.csv,True,True
Mouse163,Linear,2024-06-12T16_17_53,2024-06-12,pre2026-05,detect,aging,/media/toor/Seagate2/Mouse163/Round1.5/Linear/2024-06-12T16_17_53,/media/toor/SeagatePortableDrive/AgingMiceNWB/sub-Mouse163/Round1.5/Linear/ses-20240612T161753/behavior2024-06-12T16_17_53.avi,/media/toor/SeagatePortableDrive/AgingMiceNWB/sub-Mouse163/Round1.5/Linear/ses-20240612T161753/timestamps2024-06-12T16_17_53.csv,True,/media/toor/SeagateClean/Bpod Local/Data/Mouse163/LinearTrack/Session Data/Mouse163_LinearTrack_20240612_161816.mat,1,/media/toor/Seagate2/Mouse163/Round1.5/Linear/2024-06-12T16_17_53/dlc_trim_info.csv,/media/toor/Seagate2/Mouse163/Round1.5/Linear/2024-06-12T16_17_53/Linear_behavior2024-06-12T16_17_53.avi,/media/toor/Seagate2/Mouse163/Round1.5/Linear/2024-06-12T16_17_53/dlc/2024-06-12_16-17-53_LinearTrack_lineartrack_trials.csv,/media/toor/Seagate2/Mouse163/Round1.5/Linear/2024-06-12T16_17_53/dlc/2024-06-12_16-17-53_LinearTrack_linearized_binned_trials_70nbins.csv,True,True
Mouse163,Linear,2024-06-13T17_07_55,2024-06-13,pre2026-05,detect,aging,/media/toor/Seagate2/Mouse163/Round1.5/Linear/2024-06-13T17_07_55,/media/toor/SeagatePortableDrive/AgingMiceNWB/sub-Mouse163/Round1.5/Linear/ses-20240613T170755/behavior2024-06-13T17_07_55.avi,/media/toor/SeagatePortableDrive/AgingMiceNWB/sub-Mouse163/Round1.5/Linear/ses-20240613T170755/timestamps2024-06-13T17_07_55.csv,True,/media/toor/SeagateClean/Bpod Local/Data/Mouse163/LinearTrack/Session Data/Mouse163_LinearTrack_20240613_170814.mat,1,/media/toor/Seagate2/Mouse163/Round1.5/Linear/2024-06-13T17_07_55/dlc_trim_info.csv,/media/toor/Seagate2/Mouse163/Round1.5/Linear/2024-06-13T17_07_55/Linear_behavior2024-06-13T17_07_55.avi,/media/toor/Seagate2/Mouse163/Round1.5/Linear/2024-06-13T17_07_55/dlc/2024-06-13_17-07-55_LinearTrack_lineartrack_trials.csv,/media/toor/Seagate2/Mouse163/Round1.5/Linear/2024-06-13T17_07_55/dlc/2024-06-13_17-07-55_LinearTrack_linearized_binned_trials_70nbins.csv,True,True
Mouse163,Linear,2024-06-14T16_50_32,2024-06-14,pre2026-05,detect,aging,/media/toor/Seagate2/Mouse163/Round1.5/Linear/2024-06-14T16_50_32,/media/toor/SeagatePortableDrive/AgingMiceNWB/sub-Mouse163/Round1.5/Linear/ses-20240614T165032/behavior2024-06-14T16_50_32.avi,/media/toor/SeagatePortableDrive/AgingMiceNWB/sub-Mouse163/Round1.5/Linear/ses-20240614T165032/timestamps2024-06-14T16_50_32.csv,True,/media/toor/SeagateClean/Bpod Local/Data/Mouse163/LinearTrack/Session Data/Mouse163_LinearTrack_20240614_165138.mat,2,/media/toor/Seagate2/Mouse163/Round1.5/Linear/2024-06-14T16_50_32/dlc_trim_info.csv,/media/toor/Seagate2/Mouse163/Round1.5/Linear/2024-06-14T16_50_32/Linear_behavior2024-06-14T16_50_32.avi,/media/toor/Seagate2/Mouse163/Round1.5/Linear/2024-06-14T16_50_32/dlc/2024-06-14_16-50-32_LinearTrack_lineartrack_trials.csv,/media/toor/Seagate2/Mouse163/Round1.5/Linear/2024-06-14T16_50_32/dlc/2024-06-14_16-50-32_LinearTrack_linearized_binned_trials_70nbins.csv,True,True
Mouse163,Linear,2024-06-15T17_23_28,2024-06-15,pre2026-05,detect,aging,/media/toor/Seagate2/Mouse163/Round1.5/Linear/2024-06-15T17_23_28,/media/toor/SeagatePortableDrive/AgingMiceNWB/sub-Mouse163/Round1.5/Linear/ses-20240615T172328/behavior2024-06-15T17_23_28.avi,/media/toor/SeagatePortableDrive/AgingMiceNWB/sub-Mouse163/Round1.5/Linear/ses-20240615T172328/timestamps2024-06-15T17_23_28.csv,True,/media/toor/SeagateClean/Bpod Local/Data/Mouse163/LinearTrack/Session Data/Mouse163_LinearTrack_20240615_172336.mat,1,/media/toor/Seagate2/Mouse163/Round1.5/Linear/2024-06-15T17_23_28/dlc_trim_info.csv,/media/toor/Seagate2/Mouse163/Round1.5/Linear/2024-06-15T17_23_28/Linear_behavior2024-06-15T17_23_28.avi,/media/toor/Seagate2/Mouse163/Round1.5/Linear/2024-06-15T17_23_28/dlc/2024-06-15_17-23-28_LinearTrack_lineartrack_trials.csv,/media/toor/Seagate2/Mouse163/Round1.5/Linear/2024-06-15T17_23_28/dlc/2024-06-15_17-23-28_LinearTrack_linearized_binned_trials_70nbins.csv,True,True
Mouse163,Linear,2024-06-16T09_21_16,2024-06-16,pre2026-05,detect,aging,/media/toor/Seagate2/Mouse163/Round1.5/Linear/2024-06-16T09_21_16,/media/toor/SeagatePortableDrive/AgingMiceNWB/sub-Mouse163/Round1.5/Linear/ses-20240616T092116/behavior2024-06-16T09_21_16.avi,/media/toor/SeagatePortableDrive/AgingMiceNWB/sub-Mouse163/Round1.5/Linear/ses-20240616T092116/timestamps2024-06-16T09_21_16.csv,True,/media/toor/SeagateClean/Bpod Local/Data/Mouse163/LinearTrack/Session Data/Mouse163_LinearTrack_20240616_092121.mat,1,/media/toor/Seagate2/Mouse163/Round1.5/Linear/2024-06-16T09_21_16/dlc_trim_info.csv,/media/toor/Seagate2/Mouse163/Round1.5/Linear/2024-06-16T09_21_16/Linear_behavior2024-06-16T09_21_16.avi,/media/toor/Seagate2/Mouse163/Round1.5/Linear/2024-06-16T09_21_16/dlc/2024-06-16_09-21-16_LinearTrack_lineartrack_trials.csv,/media/toor/Seagate2/Mouse163/Round1.5/Linear/2024-06-16T09_21_16/dlc/2024-06-16_09-21-16_LinearTrack_linearized_binned_trials_70nbins.csv,True,True
Mouse163,Linear,2024-06-17T16_53_10,2024-06-17,pre2026-05,detect,aging,/media/toor/Seagate2/Mouse163/Round1.5/Linear/2024-06-17T16_53_10,/media/toor/SeagatePortableDrive/AgingMiceNWB/sub-Mouse163/Round1.5/Linear/ses-20240617T165310/behavior2024-06-17T16_53_10.avi,/media/toor/SeagatePortableDrive/AgingMiceNWB/sub-Mouse163/Round1.5/Linear/ses-20240617T165310/timestamps2024-06-17T16_53_10.csv,True,/media/toor/SeagateClean/Bpod Local/Data/Mouse163/LinearTrack/Session Data/Mouse163_LinearTrack_20240617_165320.mat,1,/media/toor/Seagate2/Mouse163/Round1.5/Linear/2024-06-17T16_53_10/dlc_trim_info.csv,/media/toor/Seagate2/Mouse163/Round1.5/Linear/2024-06-17T16_53_10/Linear_behavior2024-06-17T16_53_10.avi,/media/toor/Seagate2/Mouse163/Round1.5/Linear/2024-06-17T16_53_10/dlc/2024-06-17_16-53-10_LinearTrack_lineartrack_trials.csv,/media/toor/Seagate2/Mouse163/Round1.5/Linear/2024-06-17T16_53_10/dlc/2024-06-17_16-53-10_LinearTrack_linearized_binned_trials_70nbins.csv,True,True
Mouse163,Linear,2024-06-18T13_51_09,2024-06-18,pre2026-05,detect,aging,/media/toor/Seagate2/Mouse163/Round1.5/Linear/2024-06-18T13_51_09,/media/toor/SeagatePortableDrive/AgingMiceNWB/sub-Mouse163/Round1.5/Linear/ses-20240618T135109/behavior2024-06-18T13_51_09.avi,/media/toor/SeagatePortableDrive/AgingMiceNWB/sub-Mouse163/Round1.5/Linear/ses-20240618T135109/timestamps2024-06-18T13_51_09.csv,True,/media/toor/SeagateClean/Bpod Local/Data/Mouse163/LinearTrack/Session Data/Mouse163_LinearTrack_20240618_135112.mat,1,/media/toor/Seagate2/Mouse163/Round1.5/Linear/2024-06-18T13_51_09/dlc_trim_info.csv,/media/toor/Seagate2/Mouse163/Round1.5/Linear/2024-06-18T13_51_09/Linear_behavior2024-06-18T13_51_09.avi,/media/toor/Seagate2/Mouse163/Round1.5/Linear/2024-06-18T13_51_09/dlc/2024-06-18_13-51-09_LinearTrack_lineartrack_trials.csv,/media/toor/Seagate2/Mouse163/Round1.5/Linear/2024-06-18T13_51_09/dlc/2024-06-18_13-51-09_LinearTrack_linearized_binned_trials_70nbins.csv,True,True
Mouse163,Linear,2024-06-19T09_50_05,2024-06-19,pre2026-05,detect,aging,/media/toor/Seagate2/Mouse163/Round1.5/Linear/2024-06-19T09_50_05,/media/toor/SeagatePortableDrive/AgingMiceNWB/sub-Mouse163/Round1.5/Linear/ses-20240619T095005/behavior2024-06-19T09_50_05.avi,/media/toor/SeagatePortableDrive/AgingMiceNWB/sub-Mouse163/Round1.5/Linear/ses-20240619T095005/timestamps2024-06-19T09_50_05.csv,True,/media/toor/SeagateClean/Bpod Local/Data/Mouse163/LinearTrack/Session Data/Mouse163_LinearTrack_20240619_095016.mat,1,/media/toor/Seagate2/Mouse163/Round1.5/Linear/2024-06-19T09_50_05/dlc_trim_info.csv,/media/toor/Seagate2/Mouse163/Round1.5/Linear/2024-06-19T09_50_05/Linear_behavior2024-06-19T09_50_05.avi,/media/toor/Seagate2/Mouse163/Round1.5/Linear/2024-06-19T09_50_05/dlc/2024-06-19_09-50-05_LinearTrack_lineartrack_trials.csv,/media/toor/Seagate2/Mouse163/Round1.5/Linear/2024-06-19T09_50_05/dlc/2024-06-19_09-50-05_LinearTrack_linearized_binned_trials_70nbins.csv,True,True
Mouse163,Linear,2024-06-20T15_05_28,2024-06-20,pre2026-05,detect,aging,/media/toor/Seagate2/Mouse163/Round1.5/Linear/2024-06-20T15_05_28,/media/toor/SeagatePortableDrive/AgingMiceNWB/sub-Mouse163/Round1.5/Linear/ses-20240620T150528/behavior2024-06-20T15_05_28.avi,/media/toor/SeagatePortableDrive/AgingMiceNWB/sub-Mouse163/Round1.5/Linear/ses-20240620T150528/timestamps2024-06-20T15_05_28.csv,True,/media/toor/SeagateClean/Bpod Local/Data/Mouse163/LinearTrack/Session Data/Mouse163_LinearTrack_20240620_150542.mat,1,/media/toor/Seagate2/Mouse163/Round1.5/Linear/2024-06-20T15_05_28/dlc_trim_info.csv,/media/toor/Seagate2/Mouse163/Round1.5/Linear/2024-06-20T15_05_28/Linear_behavior2024-06-20T15_05_28.avi,/media/toor/Seagate2/Mouse163/Round1.5/Linear/2024-06-20T15_05_28/dlc/2024-06-20_15-05-28_LinearTrack_lineartrack_trials.csv,/media/toor/Seagate2/Mouse163/Round1.5/Linear/2024-06-20T15_05_28/dlc/2024-06-20_15-05-28_LinearTrack_linearized_binned_trials_70nbins.csv,True,True
Mouse163,Linear,2024-06-21T12_22_32,2024-06-21,pre2026-05,detect,aging,/media/toor/Seagate2/Mouse163/Round1.5/Linear/2024-06-21T12_22_32,/media/toor/SeagatePortableDrive/AgingMiceNWB/sub-Mouse163/Round1.5/Linear/ses-20240621T122232/behavior2024-06-21T12_22_32.avi,/media/toor/SeagatePortableDrive/AgingMiceNWB/sub-Mouse163/Round1.5/Linear/ses-20240621T122232/timestamps2024-06-21T12_22_32.csv,True,/media/toor/SeagateClean/Bpod Local/Data/Mouse163/LinearTrack/Session Data/Mouse163_LinearTrack_20240621_122831.mat,1,/media/toor/Seagate2/Mouse163/Round1.5/Linear/2024-06-21T12_22_32/dlc_trim_info.csv,/media/toor/Seagate2/Mouse163/Round1.5/Linear/2024-06-21T12_22_32/Linear_behavior2024-06-21T12_22_32.avi,/media/toor/Seagate2/Mouse163/Round1.5/Linear/2024-06-21T12_22_32/dlc/2024-06-21_12-22-32_LinearTrack_lineartrack_trials.csv,/media/toor/Seagate2/Mouse163/Round1.5/Linear/2024-06-21T12_22_32/dlc/2024-06-21_12-22-32_LinearTrack_linearized_binned_trials_70nbins.csv,True,True
Mouse163,Linear,2024-06-22T16_18_13,2024-06-22,pre2026-05,detect,aging,/media/toor/Seagate2/Mouse163/Round1.5/Linear/2024-06-22T16_18_13,/media/toor/SeagatePortableDrive/AgingMiceNWB/sub-Mouse163/Round1.5/Linear/ses-20240622T161813/behavior2024-06-22T16_18_13.avi,/media/toor/SeagatePortableDrive/AgingMiceNWB/sub-Mouse163/Round1.5/Linear/ses-20240622T161813/timestamps2024-06-22T16_18_13.csv,True,/media/toor/SeagateClean/Bpod Local/Data/Mouse163/LinearTrack/Session Data/Mouse163_LinearTrack_20240622_161826.mat,1,/media/toor/Seagate2/Mouse163/Round1.5/Linear/2024-06-22T16_18_13/dlc_trim_info.csv,/media/toor/Seagate2/Mouse163/Round1.5/Linear/2024-06-22T16_18_13/Linear_behavior2024-06-22T16_18_13.avi,/media/toor/Seagate2/Mouse163/Round1.5/Linear/2024-06-22T16_18_13/dlc/2024-06-22_16-18-13_LinearTrack_lineartrack_trials.csv,/media/toor/Seagate2/Mouse163/Round1.5/Linear/2024-06-22T16_18_13/dlc/2024-06-22_16-18-13_LinearTrack_linearized_binned_trials_70nbins.csv,True,True
Mouse163,Linear,2024-06-23T11_33_59,2024-06-23,pre2026-05,detect,aging,/media/toor/Seagate2/Mouse163/Round1.5/Linear/2024-06-23T11_33_59,/media/toor/SeagatePortableDrive/AgingMiceNWB/sub-Mouse163/Round1.5/Linear/ses-20240623T113359/behavior2024-06-23T11_33_59.avi,/media/toor/SeagatePortableDrive/AgingMiceNWB/sub-Mouse163/Round1.5/Linear/ses-20240623T113359/timestamps2024-06-23T11_33_59.csv,True,/media/toor/SeagateClean/Bpod Local/Data/Mouse163/LinearTrack/Session Data/Mouse163_LinearTrack_20240623_113412.mat,1,/media/toor/Seagate2/Mouse163/Round1.5/Linear/2024-06-23T11_33_59/dlc_trim_info.csv,/media/toor/Seagate2/Mouse163/Round1.5/Linear/2024-06-23T11_33_59/Linear_behavior2024-06-23T11_33_59.avi,/media/toor/Seagate2/Mouse163/Round1.5/Linear/2024-06-23T11_33_59/dlc/2024-06-23_11-33-59_LinearTrack_lineartrack_trials.csv,/media/toor/Seagate2/Mouse163/Round1.5/Linear/2024-06-23T11_33_59/dlc/2024-06-23_11-33-59_LinearTrack_linearized_binned_trials_70nbins.csv,True,True
Mouse163,Linear,2024-06-24T13_22_44,2024-06-24,pre2026-05,detect,aging,/media/toor/Seagate2/Mouse163/Round1.5/Linear/2024-06-24T13_22_44,/media/toor/SeagatePortableDrive/AgingMiceNWB/sub-Mouse163/Round1.5/Linear/ses-20240624T132244/behavior2024-06-24T13_22_44.avi,/media/toor/SeagatePortableDrive/AgingMiceNWB/sub-Mouse163/Round1.5/Linear/ses-20240624T132244/timestamps2024-06-24T13_22_44.csv,True,/media/toor/SeagateClean/Bpod Local/Data/Mouse163/LinearTrack/Session Data/Mouse163_LinearTrack_20240624_132834.mat,1,/media/toor/Seagate2/Mouse163/Round1.5/Linear/2024-06-24T13_22_44/dlc_trim_info.csv,/media/toor/Seagate2/Mouse163/Round1.5/Linear/2024-06-24T13_22_44/Linear_behavior2024-06-24T13_22_44.avi,/media/toor/Seagate2/Mouse163/Round1.5/Linear/2024-06-24T13_22_44/dlc/2024-06-24_13-22-44_LinearTrack_lineartrack_trials.csv,/media/toor/Seagate2/Mouse163/Round1.5/Linear/2024-06-24T13_22_44/dlc/2024-06-24_13-22-44_LinearTrack_linearized_binned_trials_70nbins.csv,True,True
Mouse163,Linear,2024-06-25T16_28_40,2024-06-25,pre2026-05,detect,aging,/media/toor/Seagate2/Mouse163/Round1.5/Linear/2024-06-25T16_28_40,/media/toor/SeagatePortableDrive/AgingMiceNWB/sub-Mouse163/Round1.5/Linear/ses-20240625T162840/behavior2024-06-25T16_28_40.avi,/media/toor/SeagatePortableDrive/AgingMiceNWB/sub-Mouse163/Round1.5/Linear/ses-20240625T162840/timestamps2024-06-25T16_28_40.csv,True,/media/toor/SeagateClean/Bpod Local/Data/Mouse163/LinearTrack/Session Data/Mouse163_LinearTrack_20240625_162856.mat,1,/media/toor/Seagate2/Mouse163/Round1.5/Linear/2024-06-25T16_28_40/dlc_trim_info.csv,/media/toor/Seagate2/Mouse163/Round1.5/Linear/2024-06-25T16_28_40/Linear_behavior2024-06-25T16_28_40.avi,/media/toor/Seagate2/Mouse163/Round1.5/Linear/2024-06-25T16_28_40/dlc/2024-06-25_16-28-40_LinearTrack_lineartrack_trials.csv,/media/toor/Seagate2/Mouse163/Round1.5/Linear/2024-06-25T16_28_40/dlc/2024-06-25_16-28-40_LinearTrack_linearized_binned_trials_70nbins.csv,True,True
Mouse163,Linear,2024-06-26T16_20_39,2024-06-26,pre2026-05,detect,aging,/media/toor/Seagate2/Mouse163/Round1.5/Linear/2024-06-26T16_20_39,/media/toor/SeagatePortableDrive/AgingMiceNWB/sub-Mouse163/Round1.5/Linear/ses-20240626T162039/behavior2024-06-26T16_20_39.avi,/media/toor/SeagatePortableDrive/AgingMiceNWB/sub-Mouse163/Round1.5/Linear/ses-20240626T162039/timestamps2024-06-26T16_20_39.csv,True,/media/toor/SeagateClean/Bpod Local/Data/Mouse163/LinearTrack/Session Data/Mouse163_LinearTrack_20240626_162048.mat,1,/media/toor/Seagate2/Mouse163/Round1.5/Linear/2024-06-26T16_20_39/dlc_trim_info.csv,/media/toor/Seagate2/Mouse163/Round1.5/Linear/2024-06-26T16_20_39/Linear_behavior2024-06-26T16_20_39.avi,/media/toor/Seagate2/Mouse163/Round1.5/Linear/2024-06-26T16_20_39/dlc/2024-06-26_16-20-39_LinearTrack_lineartrack_trials.csv,/media/toor/Seagate2/Mouse163/Round1.5/Linear/2024-06-26T16_20_39/dlc/2024-06-26_16-20-39_LinearTrack_linearized_binned_trials_70nbins.csv,True,True
Mouse163,Linear,2024-06-27T15_04_01,2024-06-27,pre2026-05,detect,aging,/media/toor/Seagate2/Mouse163/Round1.5/Linear/2024-06-27T15_04_01,/media/toor/SeagatePortableDrive/AgingMiceNWB/sub-Mouse163/Round1.5/Linear/ses-20240627T150401/behavior2024-06-27T15_04_01.avi,/media/toor/SeagatePortableDrive/AgingMiceNWB/sub-Mouse163/Round1.5/Linear/ses-20240627T150401/timestamps2024-06-27T15_04_01.csv,True,/media/toor/SeagateClean/Bpod Local/Data/Mouse163/LinearTrack/Session Data/Mouse163_LinearTrack_20240627_150413.mat,1,/media/toor/Seagate2/Mouse163/Round1.5/Linear/2024-06-27T15_04_01/dlc_trim_info.csv,/media/toor/Seagate2/Mouse163/Round1.5/Linear/2024-06-27T15_04_01/Linear_behavior2024-06-27T15_04_01.avi,/media/toor/Seagate2/Mouse163/Round1.5/Linear/2024-06-27T15_04_01/dlc/2024-06-27_15-04-01_LinearTrack_lineartrack_trials.csv,/media/toor/Seagate2/Mouse163/Round1.5/Linear/2024-06-27T15_04_01/dlc/2024-06-27_15-04-01_LinearTrack_linearized_binned_trials_70nbins.csv,True,True
Mouse163,Linear,2024-06-28T15_49_56,2024-06-28,pre2026-05,detect,aging,/media/toor/Seagate2/Mouse163/Round1.5/Linear/2024-06-28T15_49_56,/media/toor/SeagatePortableDrive/AgingMiceNWB/sub-Mouse163/Round1.5/Linear/ses-20240628T154956/behavior2024-06-28T15_49_56.avi,/media/toor/SeagatePortableDrive/AgingMiceNWB/sub-Mouse163/Round1.5/Linear/ses-20240628T154956/timestamps2024-06-28T15_49_56.csv,True,/media/toor/SeagateClean/Bpod Local/Data/Mouse163/LinearTrack/Session Data/Mouse163_LinearTrack_20240628_155554.mat,1,/media/toor/Seagate2/Mouse163/Round1.5/Linear/2024-06-28T15_49_56/dlc_trim_info.csv,/media/toor/Seagate2/Mouse163/Round1.5/Linear/2024-06-28T15_49_56/Linear_behavior2024-06-28T15_49_56.avi,/media/toor/Seagate2/Mouse163/Round1.5/Linear/2024-06-28T15_49_56/dlc/2024-06-28_15-49-56_LinearTrack_lineartrack_trials.csv,/media/toor/Seagate2/Mouse163/Round1.5/Linear/2024-06-28T15_49_56/dlc/2024-06-28_15-49-56_LinearTrack_linearized_binned_trials_70nbins.csv,True,True
Mouse163,Linear,2024-06-29T17_56_53,2024-06-29,pre2026-05,detect,aging,/media/toor/Seagate2/Mouse163/Round1.5/Linear/2024-06-29T17_56_53,/media/toor/SeagatePortableDrive/AgingMiceNWB/sub-Mouse163/Round1.5/Linear/ses-20240629T175653/behavior2024-06-29T17_56_53.avi,/media/toor/SeagatePortableDrive/AgingMiceNWB/sub-Mouse163/Round1.5/Linear/ses-20240629T175653/timestamps2024-06-29T17_56_53.csv,True,/media/toor/SeagateClean/Bpod Local/Data/Mouse163/LinearTrack/Session Data/Mouse163_LinearTrack_20240629_184812.mat,1,/media/toor/Seagate2/Mouse163/Round1.5/Linear/2024-06-29T17_56_53/dlc_trim_info.csv,/media/toor/Seagate2/Mouse163/Round1.5/Linear/2024-06-29T17_56_53/Linear_behavior2024-06-29T17_56_53.avi,/media/toor/Seagate2/Mouse163/Round1.5/Linear/2024-06-29T17_56_53/dlc/2024-06-29_17-56-53_LinearTrack_lineartrack_trials.csv,/media/toor/Seagate2/Mouse163/Round1.5/Linear/2024-06-29T17_56_53/dlc/2024-06-29_17-56-53_LinearTrack_linearized_binned_trials_70nbins.csv,True,True
Mouse163,Linear,2024-06-29T18_42_20,2024-06-29,pre2026-05,detect,aging,/media/toor/Seagate2/Mouse163/Round1.5/Linear/2024-06-29T18_42_20,/media/toor/SeagatePortableDrive/AgingMiceNWB/sub-Mouse163/Round1.5/Linear/ses-20240629T184220/behavior2024-06-29T18_42_20.avi,/media/toor/SeagatePortableDrive/AgingMiceNWB/sub-Mouse163/Round1.5/Linear/ses-20240629T184220/timestamps2024-06-29T18_42_20.csv,True,/media/toor/SeagateClean/Bpod Local/Data/Mouse163/LinearTrack/Session Data/Mouse163_LinearTrack_20240629_184812.mat,1,/media/toor/Seagate2/Mouse163/Round1.5/Linear/2024-06-29T18_42_20/dlc_trim_info.csv,/media/toor/Seagate2/Mouse163/Round1.5/Linear/2024-06-29T18_42_20/Linear_behavior2024-06-29T18_42_20.avi,/media/toor/Seagate2/Mouse163/Round1.5/Linear/2024-06-29T18_42_20/dlc/2024-06-29_18-42-20_LinearTrack_lineartrack_trials.csv,/media/toor/Seagate2/Mouse163/Round1.5/Linear/2024-06-29T18_42_20/dlc/2024-06-29_18-42-20_LinearTrack_linearized_binned_trials_70nbins.csv,True,True
Mouse163,TMaze,2024-06-10T14_53_44,2024-06-10,aging2024,align,aging,/media/toor/Seagate2/Mouse163/Round1.5/TMaze/2024-06-10T14_53_44,/media/toor/Seagate2/Mouse163/Round1.5/TMaze_untrimmed/ses-20240610T145344/behavior2024-06-10T14_53_44.avi,/media/toor/Seagate2/Mouse163/Round1.5/TMaze_untrimmed/ses-20240610T145344/timestamps2024-06-10T14_53_44.csv,True,/media/toor/SeagateClean/Bpod Local/Data/Mouse163/TMaze2/Session Data/Mouse163_TMaze2_20240610_150909.mat,1,/media/toor/Seagate2/Mouse163/Round1.5/TMaze/2024-06-10T14_53_44/dlc_trim_info.csv,/media/toor/Seagate2/Mouse163/Round1.5/TMaze/2024-06-10T14_53_44/TMaze_behavior2024-06-10T14_53_44.avi,/media/toor/Seagate2/Mouse163/Round1.5/TMaze/2024-06-10T14_53_44/dlc/2024-06-10_14-53-44_TMaze_trimmed_trials.csv,,True,True
Mouse163,TMaze,2024-06-10T15_06_00,2024-06-10,aging2024,align,aging,/media/toor/Seagate2/Mouse163/Round1.5/TMaze/2024-06-10T15_06_00,/media/toor/Seagate2/Mouse163/Round1.5/TMaze_untrimmed/ses-20240610T150600/behavior2024-06-10T15_06_00.avi,/media/toor/Seagate2/Mouse163/Round1.5/TMaze_untrimmed/ses-20240610T150600/timestamps2024-06-10T15_06_00.csv,True,/media/toor/SeagateClean/Bpod Local/Data/Mouse163/TMaze2/Session Data/Mouse163_TMaze2_20240610_150909.mat,1,/media/toor/Seagate2/Mouse163/Round1.5/TMaze/2024-06-10T15_06_00/dlc_trim_info.csv,/media/toor/Seagate2/Mouse163/Round1.5/TMaze/2024-06-10T15_06_00/TMaze_behavior2024-06-10T15_06_00.avi,,,True,False
Mouse163,TMaze,2024-06-11T13_08_57,2024-06-11,aging2024,align,aging,/media/toor/Seagate2/Mouse163/Round1.5/TMaze/2024-06-11T13_08_57,/media/toor/Seagate2/Mouse163/Round1.5/TMaze_untrimmed/ses-20240611T130857/behavior2024-06-11T13_08_57.avi,/media/toor/Seagate2/Mouse163/Round1.5/TMaze_untrimmed/ses-20240611T130857/timestamps2024-06-11T13_08_57.csv,True,/media/toor/SeagateClean/Bpod Local/Data/Mouse163/TMaze2/Session Data/Mouse163_TMaze2_20240611_131457.mat,1,/media/toor/Seagate2/Mouse163/Round1.5/TMaze/2024-06-11T13_08_57/dlc_trim_info.csv,/media/toor/Seagate2/Mouse163/Round1.5/TMaze/2024-06-11T13_08_57/TMaze_behavior2024-06-11T13_08_57.avi,,,True,False
Mouse163,TMaze,2024-06-12T15_47_58,2024-06-12,aging2024,align,aging,/media/toor/Seagate2/Mouse163/Round1.5/TMaze/2024-06-12T15_47_58,/media/toor/Seagate2/Mouse163/Round1.5/TMaze_untrimmed/ses-20240612T154758/behavior2024-06-12T15_47_58.avi,/media/toor/Seagate2/Mouse163/Round1.5/TMaze_untrimmed/ses-20240612T154758/timestamps2024-06-12T15_47_58.csv,True,/media/toor/SeagateClean/Bpod Local/Data/Mouse163/TMaze2/Session Data/Mouse163_TMaze2_20240612_155415.mat,1,/media/toor/Seagate2/Mouse163/Round1.5/TMaze/2024-06-12T15_47_58/dlc_trim_info.csv,/media/toor/Seagate2/Mouse163/Round1.5/TMaze/2024-06-12T15_47_58/TMaze_behavior2024-06-12T15_47_58.avi,,,True,False
Mouse163,TMaze,2024-06-13T16_38_13,2024-06-13,aging2024,align,aging,/media/toor/Seagate2/Mouse163/Round1.5/TMaze/2024-06-13T16_38_13,/media/toor/Seagate2/Mouse163/Round1.5/TMaze_untrimmed/ses-20240613T163813/behavior2024-06-13T16_38_13.avi,/media/toor/Seagate2/Mouse163/Round1.5/TMaze_untrimmed/ses-20240613T163813/timestamps2024-06-13T16_38_13.csv,True,/media/toor/SeagateClean/Bpod Local/Data/Mouse163/TMaze2/Session Data/Mouse163_TMaze2_20240613_164414.mat,1,/media/toor/Seagate2/Mouse163/Round1.5/TMaze/2024-06-13T16_38_13/dlc_trim_info.csv,/media/toor/Seagate2/Mouse163/Round1.5/TMaze/2024-06-13T16_38_13/TMaze_behavior2024-06-13T16_38_13.avi,,,True,False
Mouse163,TMaze,2024-06-14T16_20_17,2024-06-14,aging2024,align,aging,/media/toor/Seagate2/Mouse163/Round1.5/TMaze/2024-06-14T16_20_17,/media/toor/Seagate2/Mouse163/Round1.5/TMaze_untrimmed/ses-20240614T162017/behavior2024-06-14T16_20_17.avi,/media/toor/Seagate2/Mouse163/Round1.5/TMaze_untrimmed/ses-20240614T162017/timestamps2024-06-14T16_20_17.csv,True,/media/toor/SeagateClean/Bpod Local/Data/Mouse163/TMaze2/Session Data/Mouse163_TMaze2_20240614_162612.mat,1,/media/toor/Seagate2/Mouse163/Round1.5/TMaze/2024-06-14T16_20_17/dlc_trim_info.csv,/media/toor/Seagate2/Mouse163/Round1.5/TMaze/2024-06-14T16_20_17/TMaze_behavior2024-06-14T16_20_17.avi,,,True,False
Mouse163,TMaze,2024-06-15T16_53_38,2024-06-15,aging2024,align,aging,/media/toor/Seagate2/Mouse163/Round1.5/TMaze/2024-06-15T16_53_38,/media/toor/Seagate2/Mouse163/Round1.5/TMaze_untrimmed/ses-20240615T165338/behavior2024-06-15T16_53_38.avi,/media/toor/Seagate2/Mouse163/Round1.5/TMaze_untrimmed/ses-20240615T165338/timestamps2024-06-15T16_53_38.csv,True,/media/toor/SeagateClean/Bpod Local/Data/Mouse163/TMaze2/Session Data/Mouse163_TMaze2_20240615_165926.mat,1,/media/toor/Seagate2/Mouse163/Round1.5/TMaze/2024-06-15T16_53_38/dlc_trim_info.csv,/media/toor/Seagate2/Mouse163/Round1.5/TMaze/2024-06-15T16_53_38/TMaze_behavior2024-06-15T16_53_38.avi,,,True,False
Mouse163,TMaze,2024-06-16T08_53_08,2024-06-16,aging2024,align,aging,/media/toor/Seagate2/Mouse163/Round1.5/TMaze/2024-06-16T08_53_08,/media/toor/Seagate2/Mouse163/Round1.5/TMaze_untrimmed/ses-20240616T085308/behavior2024-06-16T08_53_08.avi,/media/toor/Seagate2/Mouse163/Round1.5/TMaze_untrimmed/ses-20240616T085308/timestamps2024-06-16T08_53_08.csv,True,/media/toor/SeagateClean/Bpod Local/Data/Mouse163/TMaze2/Session Data/Mouse163_TMaze2_20240616_085406.mat,1,/media/toor/Seagate2/Mouse163/Round1.5/TMaze/2024-06-16T08_53_08/dlc_trim_info.csv,/media/toor/Seagate2/Mouse163/Round1.5/TMaze/2024-06-16T08_53_08/TMaze_behavior2024-06-16T08_53_08.avi,,,True,False
Mouse163,TMaze,2024-06-17T16_23_35,2024-06-17,aging2024,align,aging,/media/toor/Seagate2/Mouse163/Round1.5/TMaze/2024-06-17T16_23_35,/media/toor/Seagate2/Mouse163/Round1.5/TMaze_untrimmed/ses-20240617T162335/behavior2024-06-17T16_23_35.avi,/media/toor/Seagate2/Mouse163/Round1.5/TMaze_untrimmed/ses-20240617T162335/timestamps2024-06-17T16_23_35.csv,True,/media/toor/SeagateClean/Bpod Local/Data/Mouse163/TMaze2/Session Data/Mouse163_TMaze2_20240617_162901.mat,1,/media/toor/Seagate2/Mouse163/Round1.5/TMaze/2024-06-17T16_23_35/dlc_trim_info.csv,/media/toor/Seagate2/Mouse163/Round1.5/TMaze/2024-06-17T16_23_35/TMaze_behavior2024-06-17T16_23_35.avi,,,True,False
Mouse163,TMaze,2024-06-18T13_21_30,2024-06-18,aging2024,align,aging,/media/toor/Seagate2/Mouse163/Round1.5/TMaze/2024-06-18T13_21_30,/media/toor/Seagate2/Mouse163/Round1.5/TMaze_untrimmed/ses-20240618T132130/behavior2024-06-18T13_21_30.avi,/media/toor/Seagate2/Mouse163/Round1.5/TMaze_untrimmed/ses-20240618T132130/timestamps2024-06-18T13_21_30.csv,True,/media/toor/SeagateClean/Bpod Local/Data/Mouse163/TMaze2/Session Data/Mouse163_TMaze2_20240618_132720.mat,1,/media/toor/Seagate2/Mouse163/Round1.5/TMaze/2024-06-18T13_21_30/dlc_trim_info.csv,/media/toor/Seagate2/Mouse163/Round1.5/TMaze/2024-06-18T13_21_30/TMaze_behavior2024-06-18T13_21_30.avi,,,True,False
Mouse163,TMaze,2024-06-19T09_20_02,2024-06-19,aging2024,align,aging,/media/toor/Seagate2/Mouse163/Round1.5/TMaze/2024-06-19T09_20_02,/media/toor/Seagate2/Mouse163/Round1.5/TMaze_untrimmed/ses-20240619T092002/behavior2024-06-19T09_20_02.avi,/media/toor/Seagate2/Mouse163/Round1.5/TMaze_untrimmed/ses-20240619T092002/timestamps2024-06-19T09_20_02.csv,True,/media/toor/SeagateClean/Bpod Local/Data/Mouse163/TMaze2/Session Data/Mouse163_TMaze2_20240619_092538.mat,1,/media/toor/Seagate2/Mouse163/Round1.5/TMaze/2024-06-19T09_20_02/dlc_trim_info.csv,/media/toor/Seagate2/Mouse163/Round1.5/TMaze/2024-06-19T09_20_02/TMaze_behavior2024-06-19T09_20_02.avi,,,True,False
Mouse163,TMaze,2024-06-20T14_29_27,2024-06-20,aging2024,align,aging,/media/toor/Seagate2/Mouse163/Round1.5/TMaze/2024-06-20T14_29_27,/media/toor/Seagate2/Mouse163/Round1.5/TMaze_untrimmed/ses-20240620T142927/behavior2024-06-20T14_29_27.avi,/media/toor/Seagate2/Mouse163/Round1.5/TMaze_untrimmed/ses-20240620T142927/timestamps2024-06-20T14_29_27.csv,True,/media/toor/SeagateClean/Bpod Local/Data/Mouse163/TMaze2/Session Data/Mouse163_TMaze2_20240620_143447.mat,1,/media/toor/Seagate2/Mouse163/Round1.5/TMaze/2024-06-20T14_29_27/dlc_trim_info.csv,/media/toor/Seagate2/Mouse163/Round1.5/TMaze/2024-06-20T14_29_27/TMaze_behavior2024-06-20T14_29_27.avi,,,True,False
Mouse163,TMaze,2024-06-21T12_51_59,2024-06-21,aging2024,align,aging,/media/toor/Seagate2/Mouse163/Round1.5/TMaze/2024-06-21T12_51_59,/media/toor/Seagate2/Mouse163/Round1.5/TMaze_untrimmed/ses-20240621T125159/behavior2024-06-21T12_51_59.avi,/media/toor/Seagate2/Mouse163/Round1.5/TMaze_untrimmed/ses-20240621T125159/timestamps2024-06-21T12_51_59.csv,True,/media/toor/SeagateClean/Bpod Local/Data/Mouse163/TMaze2/Session Data/Mouse163_TMaze2_20240621_125223.mat,1,/media/toor/Seagate2/Mouse163/Round1.5/TMaze/2024-06-21T12_51_59/dlc_trim_info.csv,/media/toor/Seagate2/Mouse163/Round1.5/TMaze/2024-06-21T12_51_59/TMaze_behavior2024-06-21T12_51_59.avi,,,True,False
Mouse163,TMaze,2024-06-22T15_49_19,2024-06-22,aging2024,align,aging,/media/toor/Seagate2/Mouse163/Round1.5/TMaze/2024-06-22T15_49_19,/media/toor/Seagate2/Mouse163/Round1.5/TMaze_untrimmed/ses-20240622T154919/behavior2024-06-22T15_49_19.avi,/media/toor/Seagate2/Mouse163/Round1.5/TMaze_untrimmed/ses-20240622T154919/timestamps2024-06-22T15_49_19.csv,True,/media/toor/SeagateClean/Bpod Local/Data/Mouse163/TMaze2/Session Data/Mouse163_TMaze2_20240622_155515.mat,1,/media/toor/Seagate2/Mouse163/Round1.5/TMaze/2024-06-22T15_49_19/dlc_trim_info.csv,/media/toor/Seagate2/Mouse163/Round1.5/TMaze/2024-06-22T15_49_19/TMaze_behavior2024-06-22T15_49_19.avi,,,True,False
Mouse163,TMaze,2024-06-23T11_04_34,2024-06-23,aging2024,align,aging,/media/toor/Seagate2/Mouse163/Round1.5/TMaze/2024-06-23T11_04_34,/media/toor/Seagate2/Mouse163/Round1.5/TMaze_untrimmed/ses-20240623T110434/behavior2024-06-23T11_04_34.avi,/media/toor/Seagate2/Mouse163/Round1.5/TMaze_untrimmed/ses-20240623T110434/timestamps2024-06-23T11_04_34.csv,True,/media/toor/SeagateClean/Bpod Local/Data/Mouse163/TMaze2/Session Data/Mouse163_TMaze2_20240623_111040.mat,1,/media/toor/Seagate2/Mouse163/Round1.5/TMaze/2024-06-23T11_04_34/dlc_trim_info.csv,/media/toor/Seagate2/Mouse163/Round1.5/TMaze/2024-06-23T11_04_34/TMaze_behavior2024-06-23T11_04_34.avi,,,True,False
Mouse163,TMaze,2024-06-24T13_47_01,2024-06-24,aging2024,align,aging,/media/toor/SeagateClean/Mouse163/Round1.5/TMaze/2024-06-24T13_47_01,/media/toor/Seagate2/Mouse163/Round1.5/TMaze_untrimmed/ses-20240624T134701/behavior2024-06-24T13_47_01.avi,/media/toor/Seagate2/Mouse163/Round1.5/TMaze_untrimmed/ses-20240624T134701/timestamps2024-06-24T13_47_01.csv,True,/media/toor/SeagateClean/Bpod Local/Data/Mouse163/TMaze2/Session Data/Mouse163_TMaze2_20240624_134710.mat,1,/media/toor/SeagateClean/Mouse163/Round1.5/TMaze/2024-06-24T13_47_01/dlc_trim_info.csv,/media/toor/SeagateClean/Mouse163/Round1.5/TMaze/2024-06-24T13_47_01/TMaze_behavior2024-06-24T13_47_01.avi,/media/toor/SeagateClean/Mouse163/Round1.5/TMaze/2024-06-24T13_47_01/dlc/2024-06-24_13-47-01_TMaze_trimmed_trials.csv,/media/toor/SeagateClean/Mouse163/Round1.5/TMaze/2024-06-24T13_47_01/dlc/2024-06-24_13-47-01_TMaze_TMaze_linearized_binned_trials_70nbins.csv,True,True
Mouse163,TMaze,2024-06-25T15_59_36,2024-06-25,aging2024,align,aging,/media/toor/SeagateClean/Mouse163/Round1.5/TMaze/2024-06-25T15_59_36,/media/toor/Seagate2/Mouse163/Round1.5/TMaze_untrimmed/ses-20240625T155936/behavior2024-06-25T15_59_36.avi,/media/toor/Seagate2/Mouse163/Round1.5/TMaze_untrimmed/ses-20240625T155936/timestamps2024-06-25T15_59_36.csv,True,/media/toor/SeagateClean/Bpod Local/Data/Mouse163/TMaze2/Session Data/Mouse163_TMaze2_20240625_160508.mat,1,/media/toor/SeagateClean/Mouse163/Round1.5/TMaze/2024-06-25T15_59_36/dlc_trim_info.csv,/media/toor/SeagateClean/Mouse163/Round1.5/TMaze/2024-06-25T15_59_36/TMaze_behavior2024-06-25T15_59_36.avi,/media/toor/SeagateClean/Mouse163/Round1.5/TMaze/2024-06-25T15_59_36/dlc/2024-06-25_15-59-36_TMaze_trimmed_trials.csv,/media/toor/SeagateClean/Mouse163/Round1.5/TMaze/2024-06-25T15_59_36/dlc/2024-06-25_15-59-36_TMaze_TMaze_linearized_binned_trials_70nbins.csv,True,True
Mouse163,TMaze,2024-06-26T15_51_27,2024-06-26,aging2024,align,aging,/media/toor/SeagateClean/Mouse163/Round1.5/TMaze/2024-06-26T15_51_27,/media/toor/Seagate2/Mouse163/Round1.5/TMaze_untrimmed/ses-20240626T155127/behavior2024-06-26T15_51_27.avi,/media/toor/Seagate2/Mouse163/Round1.5/TMaze_untrimmed/ses-20240626T155127/timestamps2024-06-26T15_51_27.csv,True,/media/toor/SeagateClean/Bpod Local/Data/Mouse163/TMaze2/Session Data/Mouse163_TMaze2_20240626_155732.mat,1,/media/toor/SeagateClean/Mouse163/Round1.5/TMaze/2024-06-26T15_51_27/dlc_trim_info.csv,/media/toor/SeagateClean/Mouse163/Round1.5/TMaze/2024-06-26T15_51_27/TMaze_behavior2024-06-26T15_51_27.avi,/media/toor/SeagateClean/Mouse163/Round1.5/TMaze/2024-06-26T15_51_27/dlc/2024-06-26_15-51-27_TMaze_trimmed_trials.csv,/media/toor/SeagateClean/Mouse163/Round1.5/TMaze/2024-06-26T15_51_27/dlc/2024-06-26_15-51-27_TMaze_TMaze_linearized_binned_trials_70nbins.csv,True,True
Mouse163,TMaze,2024-06-27T14_33_45,2024-06-27,aging2024,align,aging,/media/toor/SeagateClean/Mouse163/Round1.5/TMaze/2024-06-27T14_33_45,/media/toor/Seagate2/Mouse163/Round1.5/TMaze_untrimmed/ses-20240627T143345/behavior2024-06-27T14_33_45.avi,/media/toor/Seagate2/Mouse163/Round1.5/TMaze_untrimmed/ses-20240627T143345/timestamps2024-06-27T14_33_45.csv,True,/media/toor/SeagateClean/Bpod Local/Data/Mouse163/TMaze2/Session Data/Mouse163_TMaze2_20240627_143938.mat,1,/media/toor/SeagateClean/Mouse163/Round1.5/TMaze/2024-06-27T14_33_45/dlc_trim_info.csv,/media/toor/SeagateClean/Mouse163/Round1.5/TMaze/2024-06-27T14_33_45/TMaze_behavior2024-06-27T14_33_45.avi,/media/toor/SeagateClean/Mouse163/Round1.5/TMaze/2024-06-27T14_33_45/dlc/2024-06-27_14-33-45_TMaze_trimmed_trials.csv,/media/toor/SeagateClean/Mouse163/Round1.5/TMaze/2024-06-27T14_33_45/dlc/2024-06-27_14-33-45_TMaze_TMaze_linearized_binned_trials_70nbins.csv,True,True
Mouse163,TMaze,2024-06-28T16_15_16,2024-06-28,aging2024,align,aging,/media/toor/SeagateClean/Mouse163/Round1.5/2024-06-28T16_15_16 - TMAZE DOES NOT BELONG TO THIS MOUSE,/media/toor/Seagate2/Mouse163/Round1.5/TMaze_untrimmed/ses-20240628T161516/behavior2024-06-28T16_15_16.avi,/media/toor/Seagate2/Mouse163/Round1.5/TMaze_untrimmed/ses-20240628T161516/timestamps2024-06-28T16_15_16.csv,True,/media/toor/SeagateClean/Bpod Local/Data/Mouse163/TMaze2/Session Data/Mouse163_TMaze2_20240628_161330.mat,1,/media/toor/SeagateClean/Mouse163/Round1.5/2024-06-28T16_15_16 - TMAZE DOES NOT BELONG TO THIS MOUSE/dlc_trim_info.csv,/media/toor/SeagateClean/Mouse163/Round1.5/2024-06-28T16_15_16 - TMAZE DOES NOT BELONG TO THIS MOUSE/TMaze_behavior2024-06-28T16_15_16.avi,,,True,False
Mouse163,TMaze,2024-06-29T19_07_05,2024-06-29,aging2024,align,aging,/media/toor/SeagateClean/Mouse163/Round1.5/TMaze/2024-06-29T19_07_05,/media/toor/Seagate2/Mouse163/Round1.5/TMaze_untrimmed/ses-20240629T190705/behavior2024-06-29T19_07_05.avi,/media/toor/Seagate2/Mouse163/Round1.5/TMaze_untrimmed/ses-20240629T190705/timestamps2024-06-29T19_07_05.csv,True,/media/toor/SeagateClean/Bpod Local/Data/Mouse163/TMaze2/Session Data/Mouse163_TMaze2_20240629_190718.mat,1,/media/toor/SeagateClean/Mouse163/Round1.5/TMaze/2024-06-29T19_07_05/dlc_trim_info.csv,/media/toor/SeagateClean/Mouse163/Round1.5/TMaze/2024-06-29T19_07_05/TMaze_behavior2024-06-29T19_07_05.avi,/media/toor/SeagateClean/Mouse163/Round1.5/TMaze/2024-06-29T19_07_05/dlc/2024-06-29_19-07-05_TMaze_trimmed_trials.csv,/media/toor/SeagateClean/Mouse163/Round1.5/TMaze/2024-06-29T19_07_05/dlc/2024-06-29_19-07-05_TMaze_TMaze_linearized_binned_trials_70nbins.csv,True,True
Mouse1636,Linear,2024-05-22T18_10_40,2024-05-22,pre2026-05,detect,aging,/media/toor/SeagateClean/Mouse1636/Round1/Linear/2024-05-22T18_10_40,/media/toor/SeagatePortableDrive/$RECYCLE.BIN/S-1-5-21-1567802019-673313642-2207994177-1001/$RRWXVMC/behavior2024-05-22T18_10_40.avi,/media/toor/SeagatePortableDrive/$RECYCLE.BIN/S-1-5-21-1567802019-673313642-2207994177-1001/$RRWXVMC/timestamps2024-05-22T18_10_40.csv,True,/media/toor/SeagateClean/Bpod Local/Data/Mouse1636/LinearTrack/Session Data/Mouse1636_LinearTrack_20240522_181714.mat,1,/media/toor/SeagateClean/Mouse1636/Round1/Linear/2024-05-22T18_10_40/dlc_trim_info.csv,/media/toor/SeagateClean/Mouse1636/Round1/Linear/2024-05-22T18_10_40/Linear_behavior2024-05-22T18_10_40.avi,/media/toor/SeagateClean/Mouse1636/Round1/Linear/2024-05-22T18_10_40/dlc/2024-05-22_18-10-40_LinearTrack_lineartrack_trials.csv,/media/toor/SeagateClean/Mouse1636/Round1/Linear/2024-05-22T18_10_40/dlc/2024-05-22_18-10-40_LinearTrack_linearized_binned_trials_70nbins.csv,True,True
Mouse1636,Linear,2024-05-23T17_41_51,2024-05-23,pre2026-05,detect,aging,/media/toor/SeagateClean/Mouse1636/Round1/Linear/2024-05-23T17_41_51,/media/toor/SeagatePortableDrive/$RECYCLE.BIN/S-1-5-21-1567802019-673313642-2207994177-1001/$RRWXVMC/behavior2024-05-23T17_41_51.avi,/media/toor/SeagatePortableDrive/$RECYCLE.BIN/S-1-5-21-1567802019-673313642-2207994177-1001/$RRWXVMC/timestamps2024-05-23T17_41_51.csv,True,/media/toor/SeagateClean/Bpod Local/Data/Mouse1636/LinearTrack/Session Data/Mouse1636_LinearTrack_20240523_174137.mat,1,/media/toor/SeagateClean/Mouse1636/Round1/Linear/2024-05-23T17_41_51/dlc_trim_info.csv,/media/toor/SeagateClean/Mouse1636/Round1/Linear/2024-05-23T17_41_51/Linear_behavior2024-05-23T17_41_51.avi,/media/toor/SeagateClean/Mouse1636/Round1/Linear/2024-05-23T17_41_51/dlc/2024-05-23_17-41-51_LinearTrack_lineartrack_trials.csv,/media/toor/SeagateClean/Mouse1636/Round1/Linear/2024-05-23T17_41_51/dlc/2024-05-23_17-41-51_LinearTrack_linearized_binned_trials_70nbins.csv,True,True
Mouse1636,Linear,2024-05-24T17_36_51,2024-05-24,pre2026-05,detect,aging,/media/toor/SeagateClean/Mouse1636/Round1/Linear/2024-05-24T17_36_51,/media/toor/SeagatePortableDrive/$RECYCLE.BIN/S-1-5-21-1567802019-673313642-2207994177-1001/$RRWXVMC/behavior2024-05-24T17_36_51.avi,/media/toor/SeagatePortableDrive/$RECYCLE.BIN/S-1-5-21-1567802019-673313642-2207994177-1001/$RRWXVMC/timestamps2024-05-24T17_36_51.csv,True,/media/toor/SeagateClean/Bpod Local/Data/Mouse1636/LinearTrack/Session Data/Mouse1636_LinearTrack_20240524_174206.mat,1,/media/toor/SeagateClean/Mouse1636/Round1/Linear/2024-05-24T17_36_51/dlc_trim_info.csv,/media/toor/SeagateClean/Mouse1636/Round1/Linear/2024-05-24T17_36_51/Linear_behavior2024-05-24T17_36_51.avi,/media/toor/SeagateClean/Mouse1636/Round1/Linear/2024-05-24T17_36_51/dlc/2024-05-24_17-36-51_LinearTrack_lineartrack_trials.csv,/media/toor/SeagateClean/Mouse1636/Round1/Linear/2024-05-24T17_36_51/dlc/2024-05-24_17-36-51_LinearTrack_linearized_binned_trials_70nbins.csv,True,True
Mouse1636,Linear,2024-05-25T17_49_48,2024-05-25,pre2026-05,detect,aging,/media/toor/SeagateClean/Mouse1636/Round1/Linear/2024-05-25T17_49_48,/media/toor/SeagatePortableDrive/$RECYCLE.BIN/S-1-5-21-1567802019-673313642-2207994177-1001/$RRWXVMC/behavior2024-05-25T17_49_48.avi,/media/toor/SeagatePortableDrive/$RECYCLE.BIN/S-1-5-21-1567802019-673313642-2207994177-1001/$RRWXVMC/timestamps2024-05-25T17_49_48.csv,True,/media/toor/SeagateClean/Bpod Local/Data/Mouse1636/LinearTrack/Session Data/Mouse1636_LinearTrack_20240525_175641.mat,1,/media/toor/SeagateClean/Mouse1636/Round1/Linear/2024-05-25T17_49_48/dlc_trim_info.csv,/media/toor/SeagateClean/Mouse1636/Round1/Linear/2024-05-25T17_49_48/Linear_behavior2024-05-25T17_49_48.avi,/media/toor/SeagateClean/Mouse1636/Round1/Linear/2024-05-25T17_49_48/dlc/2024-05-25_17-49-48_LinearTrack_lineartrack_trials.csv,/media/toor/SeagateClean/Mouse1636/Round1/Linear/2024-05-25T17_49_48/dlc/2024-05-25_17-49-48_LinearTrack_linearized_binned_trials_70nbins.csv,True,True
Mouse1636,Linear,2024-05-26T15_10_14,2024-05-26,pre2026-05,detect,aging,/media/toor/SeagateClean/Mouse1636/Round1/Linear/2024-05-26T15_10_14,/media/toor/SeagatePortableDrive/$RECYCLE.BIN/S-1-5-21-1567802019-673313642-2207994177-1001/$RRWXVMC/behavior2024-05-26T15_10_14.avi,/media/toor/SeagatePortableDrive/$RECYCLE.BIN/S-1-5-21-1567802019-673313642-2207994177-1001/$RRWXVMC/timestamps2024-05-26T15_10_14.csv,True,/media/toor/SeagateClean/Bpod Local/Data/Mouse1636/LinearTrack/Session Data/Mouse1636_LinearTrack_20240526_151603.mat,1,/media/toor/SeagateClean/Mouse1636/Round1/Linear/2024-05-26T15_10_14/dlc_trim_info.csv,/media/toor/SeagateClean/Mouse1636/Round1/Linear/2024-05-26T15_10_14/Linear_behavior2024-05-26T15_10_14.avi,/media/toor/SeagateClean/Mouse1636/Round1/Linear/2024-05-26T15_10_14/dlc/2024-05-26_15-10-14_LinearTrack_lineartrack_trials.csv,/media/toor/SeagateClean/Mouse1636/Round1/Linear/2024-05-26T15_10_14/dlc/2024-05-26_15-10-14_LinearTrack_linearized_binned_trials_70nbins.csv,True,True
Mouse1636,Linear,2024-05-27T13_27_43,2024-05-27,pre2026-05,detect,aging,/media/toor/SeagateClean/Mouse1636/Round1/Linear/2024-05-27T13_27_43,/media/toor/SeagatePortableDrive/$RECYCLE.BIN/S-1-5-21-1567802019-673313642-2207994177-1001/$RRWXVMC/behavior2024-05-27T13_27_43.avi,/media/toor/SeagatePortableDrive/$RECYCLE.BIN/S-1-5-21-1567802019-673313642-2207994177-1001/$RRWXVMC/timestamps2024-05-27T13_27_43.csv,True,/media/toor/SeagateClean/Bpod Local/Data/Mouse1636/LinearTrack/Session Data/Mouse1636_LinearTrack_20240527_133344.mat,1,/media/toor/SeagateClean/Mouse1636/Round1/Linear/2024-05-27T13_27_43/dlc_trim_info.csv,/media/toor/SeagateClean/Mouse1636/Round1/Linear/2024-05-27T13_27_43/Linear_behavior2024-05-27T13_27_43.avi,/media/toor/SeagateClean/Mouse1636/Round1/Linear/2024-05-27T13_27_43/dlc/2024-05-27_13-27-43_LinearTrack_lineartrack_trials.csv,/media/toor/SeagateClean/Mouse1636/Round1/Linear/2024-05-27T13_27_43/dlc/2024-05-27_13-27-43_LinearTrack_linearized_binned_trials_70nbins.csv,True,True
Mouse1636,Linear,2024-05-28T13_23_26,2024-05-28,pre2026-05,detect,aging,/media/toor/SeagateClean/Mouse1636/Round1/Linear/2024-05-28T13_23_26,/media/toor/SeagatePortableDrive/AgingMiceNWB/sub-Mouse1636/Round1/Linear_untrimmed/ses-20240528T132326/behavior2024-05-28T13_23_26.avi,/media/toor/SeagatePortableDrive/AgingMiceNWB/sub-Mouse1636/Round1/Linear_untrimmed/ses-20240528T132326/timestamps2024-05-28T13_23_26.csv,True,/media/toor/SeagateClean/Bpod Local/Data/Mouse1636/LinearTrack/Session Data/Mouse1636_LinearTrack_20240528_132935.mat,2,/media/toor/SeagateClean/Mouse1636/Round1/Linear/2024-05-28T13_23_26/dlc_trim_info.csv,/media/toor/SeagateClean/Mouse1636/Round1/Linear/2024-05-28T13_23_26/Linear_behavior2024-05-28T13_23_26.avi,/media/toor/SeagateClean/Mouse1636/Round1/Linear/2024-05-28T13_23_26/dlc/2024-05-28_13-23-26_LinearTrack_lineartrack_trials.csv,/media/toor/SeagateClean/Mouse1636/Round1/Linear/2024-05-28T13_23_26/dlc/2024-05-28_13-23-26_LinearTrack_linearized_binned_trials_70nbins.csv,True,True
Mouse1636,Linear,2024-05-29T17_56_04,2024-05-29,pre2026-05,detect,aging,/media/toor/SeagateClean/Mouse1636/Round1/Linear/2024-05-29T17_56_04,/media/toor/SeagatePortableDrive/AgingMiceNWB/sub-Mouse1636/Round1/Linear_untrimmed/ses-20240529T175604/behavior2024-05-29T17_56_04.avi,/media/toor/SeagatePortableDrive/AgingMiceNWB/sub-Mouse1636/Round1/Linear_untrimmed/ses-20240529T175604/timestamps2024-05-29T17_56_04.csv,True,/media/toor/SeagateClean/Bpod Local/Data/Mouse1636/LinearTrack/Session Data/Mouse1636_LinearTrack_20240529_181517.mat,1,/media/toor/SeagateClean/Mouse1636/Round1/Linear/2024-05-29T17_56_04/dlc_trim_info.csv,/media/toor/SeagateClean/Mouse1636/Round1/Linear/2024-05-29T17_56_04/Linear_behavior2024-05-29T17_56_04.avi,/media/toor/SeagateClean/Mouse1636/Round1/Linear/2024-05-29T17_56_04/dlc/2024-05-29_17-56-04_LinearTrack_lineartrack_trials.csv,/media/toor/SeagateClean/Mouse1636/Round1/Linear/2024-05-29T17_56_04/dlc/2024-05-29_17-56-04_LinearTrack_linearized_binned_trials_70nbins.csv,True,True
Mouse1636,Linear,2024-05-30T13_02_37,2024-05-30,pre2026-05,detect,aging,/media/toor/SeagateClean/Mouse1636/Round1/Linear/2024-05-30T13_02_37,/media/toor/SeagatePortableDrive/AgingMiceNWB/sub-Mouse1636/Round1/Linear_untrimmed/ses-20240530T130237/behavior2024-05-30T13_02_37.avi,/media/toor/SeagatePortableDrive/AgingMiceNWB/sub-Mouse1636/Round1/Linear_untrimmed/ses-20240530T130237/timestamps2024-05-30T13_02_37.csv,True,/media/toor/SeagateClean/Bpod Local/Data/Mouse1636/LinearTrack/Session Data/Mouse1636_LinearTrack_20240530_130852.mat,1,/media/toor/SeagateClean/Mouse1636/Round1/Linear/2024-05-30T13_02_37/dlc_trim_info.csv,/media/toor/SeagateClean/Mouse1636/Round1/Linear/2024-05-30T13_02_37/Linear_behavior2024-05-30T13_02_37.avi,/media/toor/SeagateClean/Mouse1636/Round1/Linear/2024-05-30T13_02_37/dlc/2024-05-30_13-02-37_LinearTrack_lineartrack_trials.csv,/media/toor/SeagateClean/Mouse1636/Round1/Linear/2024-05-30T13_02_37/dlc/2024-05-30_13-02-37_LinearTrack_linearized_binned_trials_70nbins.csv,True,True
Mouse1636,Linear,2024-06-01T15_22_59,2024-06-01,pre2026-05,detect,aging,/media/toor/SeagateClean/Mouse1636/Round1/Linear/2024-06-01T15_22_59,/media/toor/SeagatePortableDrive/AgingMiceNWB/sub-Mouse1636/Round1/Linear_untrimmed/ses-20240601T152259/behavior2024-06-01T15_22_59.avi,/media/toor/SeagatePortableDrive/AgingMiceNWB/sub-Mouse1636/Round1/Linear_untrimmed/ses-20240601T152259/timestamps2024-06-01T15_22_59.csv,True,/media/toor/SeagateClean/Bpod Local/Data/Mouse1636/LinearTrack/Session Data/Mouse1636_LinearTrack_20240601_152826.mat,1,/media/toor/SeagateClean/Mouse1636/Round1/Linear/2024-06-01T15_22_59/dlc_trim_info.csv,/media/toor/SeagateClean/Mouse1636/Round1/Linear/2024-06-01T15_22_59/Linear_behavior2024-06-01T15_22_59.avi,/media/toor/SeagateClean/Mouse1636/Round1/Linear/2024-06-01T15_22_59/dlc/2024-06-01_15-22-59_LinearTrack_lineartrack_trials.csv,/media/toor/SeagateClean/Mouse1636/Round1/Linear/2024-06-01T15_22_59/dlc/2024-06-01_15-22-59_LinearTrack_linearized_binned_trials_70nbins.csv,True,True
Mouse1636,Linear,2024-06-02T14_38_15,2024-06-02,pre2026-05,detect,aging,/media/toor/SeagateClean/Mouse1636/Round1/Linear/2024-06-02T14_38_15,/media/toor/SeagatePortableDrive/AgingMiceNWB/sub-Mouse1636/Round1/Linear_untrimmed/ses-20240602T143815/behavior2024-06-02T14_38_15.avi,/media/toor/SeagatePortableDrive/AgingMiceNWB/sub-Mouse1636/Round1/Linear_untrimmed/ses-20240602T143815/timestamps2024-06-02T14_38_15.csv,True,/media/toor/SeagateClean/Bpod Local/Data/Mouse1636/LinearTrack/Session Data/Mouse1636_LinearTrack_20240602_144359.mat,1,/media/toor/SeagateClean/Mouse1636/Round1/Linear/2024-06-02T14_38_15/dlc_trim_info.csv,/media/toor/SeagateClean/Mouse1636/Round1/Linear/2024-06-02T14_38_15/Linear_behavior2024-06-02T14_38_15.avi,/media/toor/SeagateClean/Mouse1636/Round1/Linear/2024-06-02T14_38_15/dlc/2024-06-02_14-38-15_LinearTrack_lineartrack_trials.csv,/media/toor/SeagateClean/Mouse1636/Round1/Linear/2024-06-02T14_38_15/dlc/2024-06-02_14-38-15_LinearTrack_linearized_binned_trials_70nbins.csv,True,True
Mouse1636,Linear,2024-06-03T13_02_02,2024-06-03,pre2026-05,detect,aging,/media/toor/SeagateClean/Mouse1636/Round1/Linear/2024-06-03T13_02_02,/media/toor/SeagatePortableDrive/AgingMiceNWB/sub-Mouse1636/Round1/Linear_untrimmed/ses-20240603T130202/behavior2024-06-03T13_02_02.avi,/media/toor/SeagatePortableDrive/AgingMiceNWB/sub-Mouse1636/Round1/Linear_untrimmed/ses-20240603T130202/timestamps2024-06-03T13_02_02.csv,True,/media/toor/SeagateClean/Bpod Local/Data/Mouse1636/LinearTrack/Session Data/Mouse1636_LinearTrack_20240603_130826.mat,1,/media/toor/SeagateClean/Mouse1636/Round1/Linear/2024-06-03T13_02_02/dlc_trim_info.csv,/media/toor/SeagateClean/Mouse1636/Round1/Linear/2024-06-03T13_02_02/Linear_behavior2024-06-03T13_02_02.avi,/media/toor/SeagateClean/Mouse1636/Round1/Linear/2024-06-03T13_02_02/dlc/2024-06-03_13-02-02_LinearTrack_lineartrack_trials.csv,/media/toor/SeagateClean/Mouse1636/Round1/Linear/2024-06-03T13_02_02/dlc/2024-06-03_13-02-02_LinearTrack_linearized_binned_trials_70nbins.csv,True,True
Mouse1636,Linear,2024-06-04T09_26_04,2024-06-04,pre2026-05,detect,aging,/media/toor/SeagateClean/Mouse1636/Round1/Linear/2024-06-04T09_26_04,/media/toor/SeagatePortableDrive/AgingMiceNWB/sub-Mouse1636/Round1/Linear_untrimmed/ses-20240604T092604/behavior2024-06-04T09_26_04.avi,/media/toor/SeagatePortableDrive/AgingMiceNWB/sub-Mouse1636/Round1/Linear_untrimmed/ses-20240604T092604/timestamps2024-06-04T09_26_04.csv,True,/media/toor/SeagateClean/Bpod Local/Data/Mouse1636/LinearTrack/Session Data/Mouse1636_LinearTrack_20240604_093251.mat,1,/media/toor/SeagateClean/Mouse1636/Round1/Linear/2024-06-04T09_26_04/dlc_trim_info.csv,/media/toor/SeagateClean/Mouse1636/Round1/Linear/2024-06-04T09_26_04/Linear_behavior2024-06-04T09_26_04.avi,/media/toor/SeagateClean/Mouse1636/Round1/Linear/2024-06-04T09_26_04/dlc/2024-06-04_09-26-04_LinearTrack_lineartrack_trials.csv,/media/toor/SeagateClean/Mouse1636/Round1/Linear/2024-06-04T09_26_04/dlc/2024-06-04_09-26-04_LinearTrack_linearized_binned_trials_70nbins.csv,True,True
Mouse1636,Linear,2024-06-06T13_02_30,2024-06-06,pre2026-05,detect,aging,/media/toor/SeagateClean/Mouse1636/Round1/Linear/2024-06-06T13_02_30,/media/toor/SeagatePortableDrive/AgingMiceNWB/sub-Mouse1636/Round1/Linear_untrimmed/ses-20240606T130230/behavior2024-06-06T13_02_30.avi,/media/toor/SeagatePortableDrive/AgingMiceNWB/sub-Mouse1636/Round1/Linear_untrimmed/ses-20240606T130230/timestamps2024-06-06T13_02_30.csv,True,/media/toor/SeagateClean/Bpod Local/Data/Mouse1636/LinearTrack/Session Data/Mouse1636_LinearTrack_20240606_131026.mat,1,/media/toor/SeagateClean/Mouse1636/Round1/Linear/2024-06-06T13_02_30/dlc_trim_info.csv,/media/toor/SeagateClean/Mouse1636/Round1/Linear/2024-06-06T13_02_30/Linear_behavior2024-06-06T13_02_30.avi,/media/toor/SeagateClean/Mouse1636/Round1/Linear/2024-06-06T13_02_30/dlc/2024-06-06_13-02-30_LinearTrack_lineartrack_trials.csv,/media/toor/SeagateClean/Mouse1636/Round1/Linear/2024-06-06T13_02_30/dlc/2024-06-06_13-02-30_LinearTrack_linearized_binned_trials_70nbins.csv,True,True
Mouse1636,Linear,2024-06-07T13_24_35,2024-06-07,pre2026-05,detect,aging,/media/toor/SeagateClean/Mouse1636/Round1/Linear/2024-06-07T13_24_35,/media/toor/SeagatePortableDrive/AgingMiceNWB/sub-Mouse1636/Round1/Linear_untrimmed/ses-20240607T132435/behavior2024-06-07T13_24_35.avi,/media/toor/SeagatePortableDrive/AgingMiceNWB/sub-Mouse1636/Round1/Linear_untrimmed/ses-20240607T132435/timestamps2024-06-07T13_24_35.csv,True,/media/toor/SeagateClean/Bpod Local/Data/Mouse1636/LinearTrack/Session Data/Mouse1636_LinearTrack_20240607_133218.mat,1,/media/toor/SeagateClean/Mouse1636/Round1/Linear/2024-06-07T13_24_35/dlc_trim_info.csv,/media/toor/SeagateClean/Mouse1636/Round1/Linear/2024-06-07T13_24_35/Linear_behavior2024-06-07T13_24_35.avi,/media/toor/SeagateClean/Mouse1636/Round1/Linear/2024-06-07T13_24_35/dlc/2024-06-07_13-24-35_LinearTrack_lineartrack_trials.csv,/media/toor/SeagateClean/Mouse1636/Round1/Linear/2024-06-07T13_24_35/dlc/2024-06-07_13-24-35_LinearTrack_linearized_binned_trials_70nbins.csv,True,True
Mouse1636,Linear,2024-06-08T16_25_38,2024-06-08,pre2026-05,detect,aging,/media/toor/SeagateClean/Mouse1636/Round1/Linear/2024-06-08T16_25_38,/media/toor/SeagatePortableDrive/AgingMiceNWB/sub-Mouse1636/Round1/Linear_untrimmed/ses-20240608T162538/behavior2024-06-08T16_25_38.avi,/media/toor/SeagatePortableDrive/AgingMiceNWB/sub-Mouse1636/Round1/Linear_untrimmed/ses-20240608T162538/timestamps2024-06-08T16_25_38.csv,True,/media/toor/SeagateClean/Bpod Local/Data/Mouse1636/LinearTrack/Session Data/Mouse1636_LinearTrack_20240608_163129.mat,1,/media/toor/SeagateClean/Mouse1636/Round1/Linear/2024-06-08T16_25_38/dlc_trim_info.csv,/media/toor/SeagateClean/Mouse1636/Round1/Linear/2024-06-08T16_25_38/Linear_behavior2024-06-08T16_25_38.avi,/media/toor/SeagateClean/Mouse1636/Round1/Linear/2024-06-08T16_25_38/dlc/2024-06-08_16-25-38_LinearTrack_lineartrack_trials.csv,/media/toor/SeagateClean/Mouse1636/Round1/Linear/2024-06-08T16_25_38/dlc/2024-06-08_16-25-38_LinearTrack_linearized_binned_trials_70nbins.csv,True,True
Mouse1636,Linear,2024-06-09T14_22_18,2024-06-09,pre2026-05,detect,aging,/media/toor/SeagateClean/Mouse1636/Round1/Linear/2024-06-09T14_22_18,/media/toor/SeagatePortableDrive/AgingMiceNWB/sub-Mouse1636/Round1/Linear_untrimmed/ses-20240609T142218/behavior2024-06-09T14_22_18.avi,/media/toor/SeagatePortableDrive/AgingMiceNWB/sub-Mouse1636/Round1/Linear_untrimmed/ses-20240609T142218/timestamps2024-06-09T14_22_18.csv,True,/media/toor/SeagateClean/Bpod Local/Data/Mouse1636/LinearTrack/Session Data/Mouse1636_LinearTrack_20240609_142819.mat,1,/media/toor/SeagateClean/Mouse1636/Round1/Linear/2024-06-09T14_22_18/dlc_trim_info.csv,/media/toor/SeagateClean/Mouse1636/Round1/Linear/2024-06-09T14_22_18/Linear_behavior2024-06-09T14_22_18.avi,/media/toor/SeagateClean/Mouse1636/Round1/Linear/2024-06-09T14_22_18/dlc/2024-06-09_14-22-18_LinearTrack_lineartrack_trials.csv,/media/toor/SeagateClean/Mouse1636/Round1/Linear/2024-06-09T14_22_18/dlc/2024-06-09_14-22-18_LinearTrack_linearized_binned_trials_70nbins.csv,True,True
Mouse1636,Linear,2024-06-10T17_18_39,2024-06-10,pre2026-05,detect,aging,/media/toor/SeagateClean/Mouse1636/Round1.5/Linear/2024-06-10T17_18_39,/media/toor/SeagatePortableDrive/AgingMiceNWB/sub-Mouse1636/Round1.5/Linear_untrimmed/ses-20240610T171839/behavior2024-06-10T17_18_39.avi,/media/toor/SeagatePortableDrive/AgingMiceNWB/sub-Mouse1636/Round1.5/Linear_untrimmed/ses-20240610T171839/timestamps2024-06-10T17_18_39.csv,True,/media/toor/SeagateClean/Bpod Local/Data/Mouse1636/LinearTrack/Session Data/Mouse1636_LinearTrack_20240610_171919.mat,1,/media/toor/SeagateClean/Mouse1636/Round1.5/Linear/2024-06-10T17_18_39/dlc_trim_info.csv,/media/toor/SeagateClean/Mouse1636/Round1.5/Linear/2024-06-10T17_18_39/Linear_behavior2024-06-10T17_18_39.avi,/media/toor/SeagateClean/Mouse1636/Round1.5/Linear/2024-06-10T17_18_39/dlc/2024-06-10_17-18-39_LinearTrack_lineartrack_trials.csv,/media/toor/SeagateClean/Mouse1636/Round1.5/Linear/2024-06-10T17_18_39/dlc/2024-06-10_17-18-39_LinearTrack_linearized_binned_trials_70nbins.csv,True,True
Mouse1636,Linear,2024-06-11T15_28_05,2024-06-11,pre2026-05,detect,aging,/media/toor/SeagateClean/Mouse1636/Round1.5/Linear/2024-06-11T15_28_05,/media/toor/SeagatePortableDrive/AgingMiceNWB/sub-Mouse1636/Round1.5/Linear_untrimmed/ses-20240611T152805/behavior2024-06-11T15_28_05.avi,/media/toor/SeagatePortableDrive/AgingMiceNWB/sub-Mouse1636/Round1.5/Linear_untrimmed/ses-20240611T152805/timestamps2024-06-11T15_28_05.csv,True,/media/toor/SeagateClean/Bpod Local/Data/Mouse1636/LinearTrack/Session Data/Mouse1636_LinearTrack_20240611_152831.mat,1,/media/toor/SeagateClean/Mouse1636/Round1.5/Linear/2024-06-11T15_28_05/dlc_trim_info.csv,/media/toor/SeagateClean/Mouse1636/Round1.5/Linear/2024-06-11T15_28_05/Linear_behavior2024-06-11T15_28_05.avi,/media/toor/SeagateClean/Mouse1636/Round1.5/Linear/2024-06-11T15_28_05/dlc/2024-06-11_15-28-05_LinearTrack_lineartrack_trials.csv,/media/toor/SeagateClean/Mouse1636/Round1.5/Linear/2024-06-11T15_28_05/dlc/2024-06-11_15-28-05_LinearTrack_linearized_binned_trials_70nbins.csv,True,True
Mouse1636,Linear,2024-06-12T14_29_19,2024-06-12,pre2026-05,detect,aging,/media/toor/SeagateClean/Mouse1636/Round1.5/Linear/2024-06-12T14_29_19,/media/toor/SeagatePortableDrive/AgingMiceNWB/sub-Mouse1636/Round1.5/Linear_untrimmed/ses-20240612T142919/behavior2024-06-12T14_29_19.avi,/media/toor/SeagatePortableDrive/AgingMiceNWB/sub-Mouse1636/Round1.5/Linear_untrimmed/ses-20240612T142919/timestamps2024-06-12T14_29_19.csv,True,/media/toor/SeagateClean/Bpod Local/Data/Mouse1636/LinearTrack/Session Data/Mouse1636_LinearTrack_20240612_142931.mat,1,/media/toor/SeagateClean/Mouse1636/Round1.5/Linear/2024-06-12T14_29_19/dlc_trim_info.csv,/media/toor/SeagateClean/Mouse1636/Round1.5/Linear/2024-06-12T14_29_19/Linear_behavior2024-06-12T14_29_19.avi,/media/toor/SeagateClean/Mouse1636/Round1.5/Linear/2024-06-12T14_29_19/dlc/2024-06-12_14-29-19_LinearTrack_lineartrack_trials.csv,/media/toor/SeagateClean/Mouse1636/Round1.5/Linear/2024-06-12T14_29_19/dlc/2024-06-12_14-29-19_LinearTrack_linearized_binned_trials_70nbins.csv,True,True
Mouse1636,Linear,2024-06-13T14_47_56,2024-06-13,pre2026-05,detect,aging,/media/toor/SeagateClean/Mouse1636/Round1.5/Linear/2024-06-13T14_47_56,/media/toor/SeagatePortableDrive/AgingMiceNWB/sub-Mouse1636/Round1.5/Linear_untrimmed/ses-20240613T144756/behavior2024-06-13T14_47_56.avi,/media/toor/SeagatePortableDrive/AgingMiceNWB/sub-Mouse1636/Round1.5/Linear_untrimmed/ses-20240613T144756/timestamps2024-06-13T14_47_56.csv,True,/media/toor/SeagateClean/Bpod Local/Data/Mouse1636/LinearTrack/Session Data/Mouse1636_LinearTrack_20240613_144813.mat,1,/media/toor/SeagateClean/Mouse1636/Round1.5/Linear/2024-06-13T14_47_56/dlc_trim_info.csv,/media/toor/SeagateClean/Mouse1636/Round1.5/Linear/2024-06-13T14_47_56/Linear_behavior2024-06-13T14_47_56.avi,/media/toor/SeagateClean/Mouse1636/Round1.5/Linear/2024-06-13T14_47_56/dlc/2024-06-13_14-47-56_LinearTrack_lineartrack_trials.csv,/media/toor/SeagateClean/Mouse1636/Round1.5/Linear/2024-06-13T14_47_56/dlc/2024-06-13_14-47-56_LinearTrack_linearized_binned_trials_70nbins.csv,True,True
Mouse1636,Linear,2024-06-14T13_47_55,2024-06-14,pre2026-05,detect,aging,/media/toor/SeagateClean/Mouse1636/Round1.5/Linear/2024-06-14T13_47_55,/media/toor/SeagatePortableDrive/AgingMiceNWB/sub-Mouse1636/Round1.5/Linear_untrimmed/ses-20240614T134755/behavior2024-06-14T13_47_55.avi,/media/toor/SeagatePortableDrive/AgingMiceNWB/sub-Mouse1636/Round1.5/Linear_untrimmed/ses-20240614T134755/timestamps2024-06-14T13_47_55.csv,True,/media/toor/SeagateClean/Bpod Local/Data/Mouse1636/LinearTrack/Session Data/Mouse1636_LinearTrack_20240614_134815.mat,1,/media/toor/SeagateClean/Mouse1636/Round1.5/Linear/2024-06-14T13_47_55/dlc_trim_info.csv,/media/toor/SeagateClean/Mouse1636/Round1.5/Linear/2024-06-14T13_47_55/Linear_behavior2024-06-14T13_47_55.avi,/media/toor/SeagateClean/Mouse1636/Round1.5/Linear/2024-06-14T13_47_55/dlc/2024-06-14_13-47-55_LinearTrack_lineartrack_trials.csv,/media/toor/SeagateClean/Mouse1636/Round1.5/Linear/2024-06-14T13_47_55/dlc/2024-06-14_13-47-55_LinearTrack_linearized_binned_trials_70nbins.csv,True,True
Mouse1636,Linear,2024-06-15T18_20_06,2024-06-15,pre2026-05,detect,aging,/media/toor/SeagateClean/Mouse1636/Round1.5/Linear/2024-06-15T18_20_06,/media/toor/SeagatePortableDrive/AgingMiceNWB/sub-Mouse1636/Round1.5/Linear_untrimmed/ses-20240615T182006/behavior2024-06-15T18_20_06.avi,/media/toor/SeagatePortableDrive/AgingMiceNWB/sub-Mouse1636/Round1.5/Linear_untrimmed/ses-20240615T182006/timestamps2024-06-15T18_20_06.csv,True,/media/toor/SeagateClean/Bpod Local/Data/Mouse1636/LinearTrack/Session Data/Mouse1636_LinearTrack_20240615_182017.mat,1,/media/toor/SeagateClean/Mouse1636/Round1.5/Linear/2024-06-15T18_20_06/dlc_trim_info.csv,/media/toor/SeagateClean/Mouse1636/Round1.5/Linear/2024-06-15T18_20_06/Linear_behavior2024-06-15T18_20_06.avi,/media/toor/SeagateClean/Mouse1636/Round1.5/Linear/2024-06-15T18_20_06/dlc/2024-06-15_18-20-06_LinearTrack_lineartrack_trials.csv,/media/toor/SeagateClean/Mouse1636/Round1.5/Linear/2024-06-15T18_20_06/dlc/2024-06-15_18-20-06_LinearTrack_linearized_binned_trials_70nbins.csv,True,True
Mouse1636,Linear,2024-06-16T12_06_38,2024-06-16,pre2026-05,detect,aging,/media/toor/SeagateClean/Mouse1636/Round1.5/Linear/2024-06-16T12_06_38,/media/toor/SeagatePortableDrive/AgingMiceNWB/sub-Mouse1636/Round1.5/Linear_untrimmed/dlc_done/ses-20240616T120638/behavior2024-06-16T12_06_38.avi,/media/toor/SeagatePortableDrive/AgingMiceNWB/sub-Mouse1636/Round1.5/Linear_untrimmed/dlc_done/ses-20240616T120638/timestamps2024-06-16T12_06_38.csv,True,/media/toor/SeagateClean/Bpod Local/Data/Mouse1636/LinearTrack/Session Data/Mouse1636_LinearTrack_20240616_120651.mat,1,/media/toor/SeagateClean/Mouse1636/Round1.5/Linear/2024-06-16T12_06_38/dlc_trim_info.csv,/media/toor/SeagateClean/Mouse1636/Round1.5/Linear/2024-06-16T12_06_38/Linear_behavior2024-06-16T12_06_38.avi,/media/toor/SeagateClean/Mouse1636/Round1.5/Linear/2024-06-16T12_06_38/dlc/2024-06-16_12-06-38_LinearTrack_lineartrack_trials.csv,/media/toor/SeagateClean/Mouse1636/Round1.5/Linear/2024-06-16T12_06_38/dlc/2024-06-16_12-06-38_LinearTrack_linearized_binned_trials_70nbins.csv,True,True
Mouse1636,Linear,2024-06-17T11_34_09,2024-06-17,pre2026-05,detect,aging,/media/toor/SeagateClean/Mouse1636/Round1.5/Linear/2024-06-17T11_34_09,/media/toor/SeagatePortableDrive/AgingMiceNWB/sub-Mouse1636/Round1.5/Linear_untrimmed/dlc_done/ses-20240617T113409/behavior2024-06-17T11_34_09.avi,/media/toor/SeagatePortableDrive/AgingMiceNWB/sub-Mouse1636/Round1.5/Linear_untrimmed/dlc_done/ses-20240617T113409/timestamps2024-06-17T11_34_09.csv,True,/media/toor/SeagateClean/Bpod Local/Data/Mouse1636/LinearTrack/Session Data/Mouse1636_LinearTrack_20240617_113417.mat,1,/media/toor/SeagateClean/Mouse1636/Round1.5/Linear/2024-06-17T11_34_09/dlc_trim_info.csv,/media/toor/SeagateClean/Mouse1636/Round1.5/Linear/2024-06-17T11_34_09/Linear_behavior2024-06-17T11_34_09.avi,/media/toor/SeagateClean/Mouse1636/Round1.5/Linear/2024-06-17T11_34_09/dlc/2024-06-17_11-34-09_LinearTrack_lineartrack_trials.csv,/media/toor/SeagateClean/Mouse1636/Round1.5/Linear/2024-06-17T11_34_09/dlc/2024-06-17_11-34-09_LinearTrack_linearized_binned_trials_70nbins.csv,True,True
Mouse1636,Linear,2024-06-18T12_55_31,2024-06-18,pre2026-05,detect,aging,/media/toor/SeagateClean/Mouse1636/Round1.5/Linear/2024-06-18T12_55_31,/media/toor/SeagatePortableDrive/AgingMiceNWB/sub-Mouse1636/Round1.5/Linear_untrimmed/ses-20240618T125531/behavior2024-06-18T12_55_31.avi,/media/toor/SeagatePortableDrive/AgingMiceNWB/sub-Mouse1636/Round1.5/Linear_untrimmed/ses-20240618T125531/timestamps2024-06-18T12_55_31.csv,True,/media/toor/SeagateClean/Bpod Local/Data/Mouse1636/LinearTrack/Session Data/Mouse1636_LinearTrack_20240618_125540.mat,1,/media/toor/SeagateClean/Mouse1636/Round1.5/Linear/2024-06-18T12_55_31/dlc_trim_info.csv,/media/toor/SeagateClean/Mouse1636/Round1.5/Linear/2024-06-18T12_55_31/Linear_behavior2024-06-18T12_55_31.avi,/media/toor/SeagateClean/Mouse1636/Round1.5/Linear/2024-06-18T12_55_31/dlc/2024-06-18_12-55-31_LinearTrack_lineartrack_trials.csv,/media/toor/SeagateClean/Mouse1636/Round1.5/Linear/2024-06-18T12_55_31/dlc/2024-06-18_12-55-31_LinearTrack_linearized_binned_trials_70nbins.csv,True,True
Mouse1636,Linear,2024-06-19T13_09_38,2024-06-19,pre2026-05,detect,aging,/media/toor/SeagateClean/Mouse1636/Round1.5/Linear/2024-06-19T13_09_38,/media/toor/SeagatePortableDrive/AgingMiceNWB/sub-Mouse1636/Round1.5/Linear_untrimmed/ses-20240619T130938/behavior2024-06-19T13_09_38.avi,/media/toor/SeagatePortableDrive/AgingMiceNWB/sub-Mouse1636/Round1.5/Linear_untrimmed/ses-20240619T130938/timestamps2024-06-19T13_09_38.csv,True,/media/toor/SeagateClean/Bpod Local/Data/Mouse1636/LinearTrack/Session Data/Mouse1636_LinearTrack_20240619_130951.mat,1,/media/toor/SeagateClean/Mouse1636/Round1.5/Linear/2024-06-19T13_09_38/dlc_trim_info.csv,/media/toor/SeagateClean/Mouse1636/Round1.5/Linear/2024-06-19T13_09_38/Linear_behavior2024-06-19T13_09_38.avi,/media/toor/SeagateClean/Mouse1636/Round1.5/Linear/2024-06-19T13_09_38/dlc/2024-06-19_13-09-38_LinearTrack_lineartrack_trials.csv,/media/toor/SeagateClean/Mouse1636/Round1.5/Linear/2024-06-19T13_09_38/dlc/2024-06-19_13-09-38_LinearTrack_linearized_binned_trials_70nbins.csv,True,True
Mouse1636,Linear,2024-06-20T15_41_54,2024-06-20,pre2026-05,detect,aging,/media/toor/SeagateClean/Mouse1636/Round1.5/2024-06-20T15_41_54 - linear do not use mouse sick,/media/toor/SeagatePortableDrive/AgingMiceNWB/sub-Mouse1636/Round1.5/Linear_untrimmed/dlc_done/ses-20240620T154154/behavior2024-06-20T15_41_54.avi,/media/toor/SeagatePortableDrive/AgingMiceNWB/sub-Mouse1636/Round1.5/Linear_untrimmed/dlc_done/ses-20240620T154154/timestamps2024-06-20T15_41_54.csv,True,/media/toor/SeagateClean/Bpod Local/Data/Mouse1636/LinearTrack/Session Data/Mouse1636_LinearTrack_20240620_154921.mat,1,/media/toor/SeagateClean/Mouse1636/Round1.5/2024-06-20T15_41_54 - linear do not use mouse sick/dlc_trim_info.csv,/media/toor/SeagateClean/Mouse1636/Round1.5/2024-06-20T15_41_54 - linear do not use mouse sick/Linear_behavior2024-06-20T15_41_54.avi,,,True,False
Mouse1636,Linear,2024-06-21T14_16_59,2024-06-21,pre2026-05,detect,aging,/media/toor/SeagateClean/Mouse1636/Round1.5/2024-06-21T14_16_59 - linear do not use mouse on ad lib water,/media/toor/SeagatePortableDrive/AgingMiceNWB/sub-Mouse1636/Round1.5/Linear_untrimmed/ses-20240621T141659/behavior2024-06-21T14_16_59.avi,/media/toor/SeagatePortableDrive/AgingMiceNWB/sub-Mouse1636/Round1.5/Linear_untrimmed/ses-20240621T141659/timestamps2024-06-21T14_16_59.csv,True,,0,/media/toor/SeagateClean/Mouse1636/Round1.5/2024-06-21T14_16_59 - linear do not use mouse on ad lib water/dlc_trim_info.csv,/media/toor/SeagateClean/Mouse1636/Round1.5/2024-06-21T14_16_59 - linear do not use mouse on ad lib water/Linear_behavior2024-06-21T14_16_59.avi,,,True,False
Mouse1636,Linear,2024-06-25T15_06_13,2024-06-25,pre2026-05,detect,aging,/media/toor/SeagateClean/Mouse1636/Round1.5/Linear/2024-06-25T15_06_13,/media/toor/SeagatePortableDrive/AgingMiceNWB/sub-Mouse1636/Round1.5/Linear_untrimmed/ses-20240625T150613/behavior2024-06-25T15_06_13.avi,/media/toor/SeagatePortableDrive/AgingMiceNWB/sub-Mouse1636/Round1.5/Linear_untrimmed/ses-20240625T150613/timestamps2024-06-25T15_06_13.csv,True,/media/toor/SeagateClean/Bpod Local/Data/Mouse1636/LinearTrack/Session Data/Mouse1636_LinearTrack_20240625_150628.mat,1,/media/toor/SeagateClean/Mouse1636/Round1.5/Linear/2024-06-25T15_06_13/dlc_trim_info.csv,/media/toor/SeagateClean/Mouse1636/Round1.5/Linear/2024-06-25T15_06_13/Linear_behavior2024-06-25T15_06_13.avi,/media/toor/SeagateClean/Mouse1636/Round1.5/Linear/2024-06-25T15_06_13/dlc/2024-06-25_15-06-13_LinearTrack_lineartrack_trials.csv,/media/toor/SeagateClean/Mouse1636/Round1.5/Linear/2024-06-25T15_06_13/dlc/2024-06-25_15-06-13_LinearTrack_linearized_binned_trials_70nbins.csv,True,True
Mouse1636,Linear,2024-06-26T13_16_53,2024-06-26,pre2026-05,detect,aging,/media/toor/SeagateClean/Mouse1636/Round1.5/Linear/2024-06-26T13_16_53,/media/toor/SeagatePortableDrive/AgingMiceNWB/sub-Mouse1636/Round1.5/Linear_untrimmed/ses-20240626T131653/behavior2024-06-26T13_16_53.avi,/media/toor/SeagatePortableDrive/AgingMiceNWB/sub-Mouse1636/Round1.5/Linear_untrimmed/ses-20240626T131653/timestamps2024-06-26T13_16_53.csv,True,/media/toor/SeagateClean/Bpod Local/Data/Mouse1636/LinearTrack/Session Data/Mouse1636_LinearTrack_20240626_132223.mat,1,/media/toor/SeagateClean/Mouse1636/Round1.5/Linear/2024-06-26T13_16_53/dlc_trim_info.csv,/media/toor/SeagateClean/Mouse1636/Round1.5/Linear/2024-06-26T13_16_53/Linear_behavior2024-06-26T13_16_53.avi,/media/toor/SeagateClean/Mouse1636/Round1.5/Linear/2024-06-26T13_16_53/dlc/2024-06-26_13-16-53_LinearTrack_lineartrack_trials.csv,/media/toor/SeagateClean/Mouse1636/Round1.5/Linear/2024-06-26T13_16_53/dlc/2024-06-26_13-16-53_LinearTrack_linearized_binned_trials_70nbins.csv,True,True
Mouse1636,Linear,2024-06-27T13_47_46,2024-06-27,pre2026-05,detect,aging,/media/toor/SeagateClean/Mouse1636/Round1.5/Linear/2024-06-27T13_47_46,/media/toor/Seagate2/Mouse1639/Round1.5/Linear_untrimmed/2024-06-27T13_47_46/behavior2024-06-27T13_47_46.avi,/media/toor/Seagate2/Mouse1639/Round1.5/Linear_untrimmed/2024-06-27T13_47_46/timestamps2024-06-27T13_47_46.csv,True,,0,/media/toor/SeagateClean/Mouse1636/Round1.5/Linear/2024-06-27T13_47_46/dlc_trim_info.csv,/media/toor/SeagateClean/Mouse1636/Round1.5/Linear/2024-06-27T13_47_46/Linear_behavior2024-06-27T13_47_46.avi,/media/toor/SeagateClean/Mouse1636/Round1.5/Linear/2024-06-27T13_47_46/dlc/2024-06-27_13-47-46_LinearTrack_lineartrack_trials.csv,/media/toor/SeagateClean/Mouse1636/Round1.5/Linear/2024-06-27T13_47_46/dlc/2024-06-27_13-47-46_LinearTrack_linearized_binned_trials_70nbins.csv,True,True
Mouse1636,Linear,2024-06-29T17_56_53,2024-06-29,pre2026-05,detect,aging,/media/toor/SeagateClean/Mouse1636/Round1.5/Linear/2024-06-29T17_56_53 - looking for mouse owner,/media/toor/SeagatePortableDrive/AgingMiceNWB/sub-Mouse163/Round1.5/Linear/ses-20240629T175653/behavior2024-06-29T17_56_53.avi,/media/toor/SeagatePortableDrive/AgingMiceNWB/sub-Mouse163/Round1.5/Linear/ses-20240629T175653/timestamps2024-06-29T17_56_53.csv,True,/media/toor/SeagateClean/Bpod Local/Data/Mouse1636/LinearTrack/Session Data/Mouse1636_LinearTrack_20240629_180304.mat,1,/media/toor/SeagateClean/Mouse1636/Round1.5/Linear/2024-06-29T17_56_53 - looking for mouse owner/dlc_trim_info.csv,/media/toor/SeagateClean/Mouse1636/Round1.5/Linear/2024-06-29T17_56_53 - looking for mouse owner/Linear_behavior2024-06-29T17_56_53.avi,/media/toor/SeagateClean/Mouse1636/Round1.5/Linear/2024-06-29T17_56_53 - looking for mouse owner/dlc/2024-06-29_17-56-53_LinearTrack_lineartrack_trials.csv,/media/toor/SeagateClean/Mouse1636/Round1.5/Linear/2024-06-29T17_56_53 - looking for mouse owner/dlc/2024-06-29_17-56-53_LinearTrack_linearized_binned_trials_70nbins.csv,True,True
Mouse1636,TMaze,2024-06-10T16_43_15,2024-06-10,aging2024,align,aging,/media/toor/SeagateClean/Mouse1636/Round1.5/2024-06-10T16_43_15 - TMaze DLC problems,/media/toor/SeagatePortableDrive/AgingMiceNWB/sub-Mouse1636/Round1.5/TMaze_untrimmed/ses-20240610T164315/behavior2024-06-10T16_43_15.avi,/media/toor/SeagatePortableDrive/AgingMiceNWB/sub-Mouse1636/Round1.5/TMaze_untrimmed/ses-20240610T164315/timestamps2024-06-10T16_43_15.csv,True,/media/toor/SeagateClean/Bpod Local/Data/Mouse1636/TMaze2/Session Data/Mouse1636_TMaze2_20240610_164942.mat,1,/media/toor/SeagateClean/Mouse1636/Round1.5/2024-06-10T16_43_15 - TMaze DLC problems/dlc_trim_info.csv,/media/toor/SeagateClean/Mouse1636/Round1.5/2024-06-10T16_43_15 - TMaze DLC problems/TMaze_behavior2024-06-10T16_43_15.avi,/media/toor/SeagateClean/Mouse1636/Round1.5/2024-06-10T16_43_15 - TMaze DLC problems/dlc/2024-06-10_16-43-15_TMaze_trials.csv,,True,True
Mouse1636,TMaze,2024-06-11T14_57_14,2024-06-11,aging2024,align,aging,/media/toor/SeagateClean/Mouse1636/Round1.5/TMaze/2024-06-11T14_57_14,/media/toor/SeagatePortableDrive/AgingMiceNWB/sub-Mouse1636/Round1.5/TMaze_untrimmed/ses-20240611T145714/behavior2024-06-11T14_57_14.avi,/media/toor/SeagatePortableDrive/AgingMiceNWB/sub-Mouse1636/Round1.5/TMaze_untrimmed/ses-20240611T145714/timestamps2024-06-11T14_57_14.csv,True,/media/toor/SeagateClean/Bpod Local/Data/Mouse1636/TMaze2/Session Data/Mouse1636_TMaze2_20240611_150335.mat,1,/media/toor/SeagateClean/Mouse1636/Round1.5/TMaze/2024-06-11T14_57_14/dlc_trim_info.csv,/media/toor/SeagateClean/Mouse1636/Round1.5/TMaze/2024-06-11T14_57_14/TMaze_behavior2024-06-11T14_57_14.avi,/media/toor/SeagateClean/Mouse1636/Round1.5/TMaze/2024-06-11T14_57_14/dlc/2024-06-11_14-57-14_TMaze_trimmed_trials.csv,/media/toor/SeagateClean/Mouse1636/Round1.5/TMaze/2024-06-11T14_57_14/dlc/2024-06-11_14-57-14_TMaze_TMaze_linearized_binned_trials_70nbins.csv,True,True
Mouse1636,TMaze,2024-06-12T13_59_49,2024-06-12,aging2024,align,aging,/media/toor/SeagateClean/Mouse1636/Round1.5/TMaze/2024-06-12T13_59_49,/media/toor/SeagatePortableDrive/AgingMiceNWB/sub-Mouse1636/Round1.5/TMaze_untrimmed/ses-20240612T135949/behavior2024-06-12T13_59_49.avi,/media/toor/SeagatePortableDrive/AgingMiceNWB/sub-Mouse1636/Round1.5/TMaze_untrimmed/ses-20240612T135949/timestamps2024-06-12T13_59_49.csv,True,/media/toor/SeagateClean/Bpod Local/Data/Mouse1636/TMaze2/Session Data/Mouse1636_TMaze2_20240612_140540.mat,1,/media/toor/SeagateClean/Mouse1636/Round1.5/TMaze/2024-06-12T13_59_49/dlc_trim_info.csv,/media/toor/SeagateClean/Mouse1636/Round1.5/TMaze/2024-06-12T13_59_49/TMaze_behavior2024-06-12T13_59_49.avi,/media/toor/SeagateClean/Mouse1636/Round1.5/TMaze/2024-06-12T13_59_49/dlc/2024-06-12_13-59-49_TMaze_trimmed_trials.csv,/media/toor/SeagateClean/Mouse1636/Round1.5/TMaze/2024-06-12T13_59_49/dlc/2024-06-12_13-59-49_TMaze_TMaze_linearized_binned_trials_70nbins.csv,True,True
Mouse1636,TMaze,2024-06-13T14_17_20,2024-06-13,aging2024,align,aging,/media/toor/SeagateClean/Mouse1636/Round1.5/TMaze/2024-06-13T14_17_20,/media/toor/SeagatePortableDrive/AgingMiceNWB/sub-Mouse1636/Round1.5/TMaze_untrimmed/ses-20240613T141720/behavior2024-06-13T14_17_20.avi,/media/toor/SeagatePortableDrive/AgingMiceNWB/sub-Mouse1636/Round1.5/TMaze_untrimmed/ses-20240613T141720/timestamps2024-06-13T14_17_20.csv,True,/media/toor/SeagateClean/Bpod Local/Data/Mouse1636/TMaze2/Session Data/Mouse1636_TMaze2_20240613_141936.mat,1,/media/toor/SeagateClean/Mouse1636/Round1.5/TMaze/2024-06-13T14_17_20/dlc_trim_info.csv,/media/toor/SeagateClean/Mouse1636/Round1.5/TMaze/2024-06-13T14_17_20/TMaze_behavior2024-06-13T14_17_20.avi,/media/toor/SeagateClean/Mouse1636/Round1.5/TMaze/2024-06-13T14_17_20/dlc/2024-06-13_14-17-20_TMaze_trimmed_trials.csv,/media/toor/SeagateClean/Mouse1636/Round1.5/TMaze/2024-06-13T14_17_20/dlc/2024-06-13_14-17-20_TMaze_TMaze_linearized_binned_trials_70nbins.csv,True,True
Mouse1636,TMaze,2024-06-14T13_18_46,2024-06-14,aging2024,align,aging,/media/toor/SeagateClean/Mouse1636/Round1.5/TMaze/2024-06-14T13_18_46,/media/toor/SeagatePortableDrive/AgingMiceNWB/sub-Mouse1636/Round1.5/TMaze_untrimmed/ses-20240614T131846/behavior2024-06-14T13_18_46.avi,/media/toor/SeagatePortableDrive/AgingMiceNWB/sub-Mouse1636/Round1.5/TMaze_untrimmed/ses-20240614T131846/timestamps2024-06-14T13_18_46.csv,True,,0,/media/toor/SeagateClean/Mouse1636/Round1.5/TMaze/2024-06-14T13_18_46/dlc_trim_info.csv,/media/toor/SeagateClean/Mouse1636/Round1.5/TMaze/2024-06-14T13_18_46/TMaze_behavior2024-06-14T13_18_46.avi,/media/toor/SeagateClean/Mouse1636/Round1.5/TMaze/2024-06-14T13_18_46/dlc/2024-06-14_13-18-46_TMaze_trimmed_trials.csv,/media/toor/SeagateClean/Mouse1636/Round1.5/TMaze/2024-06-14T13_18_46/dlc/2024-06-14_13-18-46_TMaze_TMaze_linearized_binned_trials_70nbins.csv,False,False
Mouse1636,TMaze,2024-06-15T17_49_08,2024-06-15,aging2024,align,aging,/media/toor/SeagateClean/Mouse1636/Round1.5/TMaze/2024-06-15T17_49_08,/media/toor/SeagatePortableDrive/AgingMiceNWB/sub-Mouse1636/Round1.5/TMaze_untrimmed/ses-20240615T174908/behavior2024-06-15T17_49_08.avi,/media/toor/SeagatePortableDrive/AgingMiceNWB/sub-Mouse1636/Round1.5/TMaze_untrimmed/ses-20240615T174908/timestamps2024-06-15T17_49_08.csv,True,/media/toor/SeagateClean/Bpod Local/Data/Mouse1636/TMaze2/Session Data/Mouse1636_TMaze2_20240615_175524.mat,1,/media/toor/SeagateClean/Mouse1636/Round1.5/TMaze/2024-06-15T17_49_08/dlc_trim_info.csv,/media/toor/SeagateClean/Mouse1636/Round1.5/TMaze/2024-06-15T17_49_08/TMaze_behavior2024-06-15T17_49_08.avi,/media/toor/SeagateClean/Mouse1636/Round1.5/TMaze/2024-06-15T17_49_08/dlc/2024-06-15_17-49-08_TMaze_trimmed_trials.csv,/media/toor/SeagateClean/Mouse1636/Round1.5/TMaze/2024-06-15T17_49_08/dlc/2024-06-15_17-49-08_TMaze_TMaze_linearized_binned_trials_70nbins.csv,True,True
Mouse1636,TMaze,2024-06-18T12_23_57,2024-06-18,aging2024,align,aging,/media/toor/SeagateClean/Mouse1636/Round1.5/TMaze/2024-06-18T12_23_57,/media/toor/SeagatePortableDrive/AgingMiceNWB/sub-Mouse1636/Round1.5/TMaze_untrimmed/ses-20240618T122357/behavior2024-06-18T12_23_57.avi,/media/toor/SeagatePortableDrive/AgingMiceNWB/sub-Mouse1636/Round1.5/TMaze_untrimmed/ses-20240618T122357/timestamps2024-06-18T12_23_57.csv,True,/media/toor/SeagateClean/Bpod Local/Data/Mouse1636/TMaze2/Session Data/Mouse1636_TMaze2_20240618_122955.mat,1,/media/toor/SeagateClean/Mouse1636/Round1.5/TMaze/2024-06-18T12_23_57/dlc_trim_info.csv,/media/toor/SeagateClean/Mouse1636/Round1.5/TMaze/2024-06-18T12_23_57/TMaze_behavior2024-06-18T12_23_57.avi,/media/toor/SeagateClean/Mouse1636/Round1.5/TMaze/2024-06-18T12_23_57/dlc/2024-06-18_12-23-57_TMaze_trimmed_trials.csv,/media/toor/SeagateClean/Mouse1636/Round1.5/TMaze/2024-06-18T12_23_57/dlc/2024-06-18_12-23-57_TMaze_TMaze_linearized_binned_trials_70nbins.csv,True,True
Mouse1636,TMaze,2024-06-19T12_38_45,2024-06-19,aging2024,align,aging,/media/toor/SeagateClean/Mouse1636/Round1.5/TMaze/2024-06-19T12_38_45,/media/toor/SeagatePortableDrive/AgingMiceNWB/sub-Mouse1636/Round1.5/TMaze_untrimmed/ses-20240619T123845/behavior2024-06-19T12_38_45.avi,/media/toor/SeagatePortableDrive/AgingMiceNWB/sub-Mouse1636/Round1.5/TMaze_untrimmed/ses-20240619T123845/timestamps2024-06-19T12_38_45.csv,True,/media/toor/SeagateClean/Bpod Local/Data/Mouse1636/TMaze4/Session Data/Mouse1636_TMaze4_20240619_124620.mat,1,/media/toor/SeagateClean/Mouse1636/Round1.5/TMaze/2024-06-19T12_38_45/dlc_trim_info.csv,/media/toor/SeagateClean/Mouse1636/Round1.5/TMaze/2024-06-19T12_38_45/TMaze_behavior2024-06-19T12_38_45.avi,/media/toor/SeagateClean/Mouse1636/Round1.5/TMaze/2024-06-19T12_38_45/dlc/2024-06-19_12-38-45_TMaze_trimmed_trials.csv,/media/toor/SeagateClean/Mouse1636/Round1.5/TMaze/2024-06-19T12_38_45/dlc/2024-06-19_12-38-45_TMaze_TMaze_linearized_binned_trials_70nbins.csv,True,True
Mouse1636,TMaze,2024-06-25T15_25_55,2024-06-25,aging2024,align,aging,/media/toor/SeagateClean/Mouse1636/Round1.5/TMaze/2024-06-25T15_25_55,/media/toor/SeagatePortableDrive/AgingMiceNWB/sub-Mouse1636/Round1.5/TMaze_untrimmed/ses-20240625T152555/behavior2024-06-25T15_25_55.avi,/media/toor/SeagatePortableDrive/AgingMiceNWB/sub-Mouse1636/Round1.5/TMaze_untrimmed/ses-20240625T152555/timestamps2024-06-25T15_25_55.csv,True,/media/toor/SeagateClean/Bpod Local/Data/Mouse1636/TMaze2/Session Data/Mouse1636_TMaze2_20240625_153101.mat,1,/media/toor/SeagateClean/Mouse1636/Round1.5/TMaze/2024-06-25T15_25_55/dlc_trim_info.csv,/media/toor/SeagateClean/Mouse1636/Round1.5/TMaze/2024-06-25T15_25_55/TMaze_behavior2024-06-25T15_25_55.avi,/media/toor/SeagateClean/Mouse1636/Round1.5/TMaze/2024-06-25T15_25_55/dlc/2024-06-25_15-25-55_TMaze_trimmed_trials.csv,/media/toor/SeagateClean/Mouse1636/Round1.5/TMaze/2024-06-25T15_25_55/dlc/2024-06-25_15-25-55_TMaze_TMaze_linearized_binned_trials_70nbins.csv,True,True
Mouse1636,TMaze,2024-06-26T13_40_48,2024-06-26,aging2024,align,aging,/media/toor/SeagateClean/Mouse1636/Round1.5/TMaze/2024-06-26T13_40_48,/media/toor/SeagatePortableDrive/AgingMiceNWB/sub-Mouse1636/Round1.5/TMaze_untrimmed/ses-20240626T134048/behavior2024-06-26T13_40_48.avi,/media/toor/SeagatePortableDrive/AgingMiceNWB/sub-Mouse1636/Round1.5/TMaze_untrimmed/ses-20240626T134048/timestamps2024-06-26T13_40_48.csv,True,/media/toor/SeagateClean/Bpod Local/Data/Mouse1636/TMaze2/Session Data/Mouse1636_TMaze2_20240626_134059.mat,1,/media/toor/SeagateClean/Mouse1636/Round1.5/TMaze/2024-06-26T13_40_48/dlc_trim_info.csv,/media/toor/SeagateClean/Mouse1636/Round1.5/TMaze/2024-06-26T13_40_48/TMaze_behavior2024-06-26T13_40_48.avi,/media/toor/SeagateClean/Mouse1636/Round1.5/TMaze/2024-06-26T13_40_48/dlc/2024-06-26_13-40-48_TMaze_trimmed_trials.csv,/media/toor/SeagateClean/Mouse1636/Round1.5/TMaze/2024-06-26T13_40_48/dlc/2024-06-26_13-40-48_TMaze_TMaze_linearized_binned_trials_70nbins.csv,True,True
Mouse1636,TMaze,2024-06-28T17_37_44,2024-06-28,aging2024,align,aging,/media/toor/SeagateClean/Mouse1636/Round1.5/TMaze/2024-06-28T17_37_44,/media/toor/SeagatePortableDrive/AgingMiceNWB/sub-Mouse1636/Round1.5/TMaze_untrimmed/ses-20240628T173744/behavior2024-06-28T17_37_44.avi,/media/toor/SeagatePortableDrive/AgingMiceNWB/sub-Mouse1636/Round1.5/TMaze_untrimmed/ses-20240628T173744/timestamps2024-06-28T17_37_44.csv,True,,0,/media/toor/SeagateClean/Mouse1636/Round1.5/TMaze/2024-06-28T17_37_44/dlc_trim_info.csv,/media/toor/SeagateClean/Mouse1636/Round1.5/TMaze/2024-06-28T17_37_44/TMaze_behavior2024-06-28T17_37_44.avi,/media/toor/SeagateClean/Mouse1636/Round1.5/TMaze/2024-06-28T17_37_44/dlc/2024-06-28_17-37-44_TMaze_trimmed_trials.csv,/media/toor/SeagateClean/Mouse1636/Round1.5/TMaze/2024-06-28T17_37_44/dlc/2024-06-28_17-37-44_TMaze_TMaze_linearized_binned_trials_70nbins.csv,False,False
Mouse1636,TMaze,2024-06-29T18_18_00,2024-06-29,aging2024,align,aging,/media/toor/SeagateClean/Mouse1636/Round1.5/TMaze/2024-06-29T18_18_00,/media/toor/SeagatePortableDrive/AgingMiceNWB/sub-Mouse1636/Round1.5/TMaze_untrimmed/ses-20240629T181800/behavior2024-06-29T18_18_00.avi,/media/toor/SeagatePortableDrive/AgingMiceNWB/sub-Mouse1636/Round1.5/TMaze_untrimmed/ses-20240629T181800/timestamps2024-06-29T18_18_00.csv,True,/media/toor/SeagateClean/Bpod Local/Data/Mouse1636/TMaze2/Session Data/Mouse1636_TMaze2_20240629_181818.mat,1,/media/toor/SeagateClean/Mouse1636/Round1.5/TMaze/2024-06-29T18_18_00/dlc_trim_info.csv,/media/toor/SeagateClean/Mouse1636/Round1.5/TMaze/2024-06-29T18_18_00/TMaze_behavior2024-06-29T18_18_00.avi,/media/toor/SeagateClean/Mouse1636/Round1.5/TMaze/2024-06-29T18_18_00/dlc/2024-06-29_18-18-00_TMaze_trimmed_trials.csv,/media/toor/SeagateClean/Mouse1636/Round1.5/TMaze/2024-06-29T18_18_00/dlc/2024-06-29_18-18-00_TMaze_TMaze_linearized_binned_trials_70nbins.csv,True,True
Mouse1637,Linear,2024-05-23T18_14_05,2024-05-23,pre2026-05,detect,aging,/media/toor/Seagate5/ARCHIVE/Mouse1637_testDLC/Round1/2024-05-23T18_14_05,/media/toor/Seagate5/ARCHIVE/Mouse1637_testDLC/Round1/Linear_untrimmed/ses-20240523T181405/behavior2024-05-23T18_14_05.avi,/media/toor/Seagate5/ARCHIVE/Mouse1637_testDLC/Round1/Linear_untrimmed/ses-20240523T181405/timestamps2024-05-23T18_14_05.csv,True,,0,/media/toor/Seagate5/ARCHIVE/Mouse1637_testDLC/Round1/2024-05-23T18_14_05/dlc_trim_info.csv,/media/toor/Seagate5/ARCHIVE/Mouse1637_testDLC/Round1/2024-05-23T18_14_05/Linear_behavior2024-05-23T18_14_05.avi,/media/toor/Seagate5/ARCHIVE/Mouse1637_testDLC/Round1/2024-05-23T18_14_05/dlc/2024-05-23_18-14-05_LinearTrack_lineartrack_trials.csv,/media/toor/Seagate5/ARCHIVE/Mouse1637_testDLC/Round1/2024-05-23T18_14_05/dlc/2024-05-23_18-14-05_LinearTrack_linearized_binned_trials_70nbins.csv,True,True
Mouse1637,Linear,2024-05-24T18_42_16,2024-05-24,pre2026-05,detect,aging,/media/toor/Seagate5/ARCHIVE/Mouse1637_testDLC/Round1/2024-05-24T18_42_16,/media/toor/Seagate5/ARCHIVE/Mouse1637_testDLC/Round1/Linear_untrimmed/ses-20240524T184216/behavior2024-05-24T18_42_16.avi,/media/toor/Seagate5/ARCHIVE/Mouse1637_testDLC/Round1/Linear_untrimmed/ses-20240524T184216/timestamps2024-05-24T18_42_16.csv,True,/media/toor/SeagateClean/Bpod Local/Data/Mouse1637/LinearTrack/Session Data/Mouse1637_LinearTrack_20240524_184858.mat,1,/media/toor/Seagate5/ARCHIVE/Mouse1637_testDLC/Round1/2024-05-24T18_42_16/dlc_trim_info.csv,/media/toor/Seagate5/ARCHIVE/Mouse1637_testDLC/Round1/2024-05-24T18_42_16/Linear_behavior2024-05-24T18_42_16.avi,/media/toor/Seagate5/ARCHIVE/Mouse1637_testDLC/Round1/2024-05-24T18_42_16/dlc/2024-05-24_18-42-16_LinearTrack_lineartrack_trials.csv,/media/toor/Seagate5/ARCHIVE/Mouse1637_testDLC/Round1/2024-05-24T18_42_16/dlc/2024-05-24_18-42-16_LinearTrack_linearized_binned_trials_70nbins.csv,True,True
Mouse1637,Linear,2024-05-25T18_27_34,2024-05-25,pre2026-05,detect,aging,/media/toor/Seagate5/ARCHIVE/Mouse1637_testDLC/Round1/Linear/2024-05-25T18_27_34,/media/toor/Seagate5/ARCHIVE/Mouse1637_testDLC/Round1/Linear_untrimmed/ses-20240525T182734/behavior2024-05-25T18_27_34.avi,/media/toor/Seagate5/ARCHIVE/Mouse1637_testDLC/Round1/Linear_untrimmed/ses-20240525T182734/timestamps2024-05-25T18_27_34.csv,True,/media/toor/SeagateClean/Bpod Local/Data/Mouse1637/LinearTrack/Session Data/Mouse1637_LinearTrack_20240525_183355.mat,1,/media/toor/Seagate5/ARCHIVE/Mouse1637_testDLC/Round1/Linear/2024-05-25T18_27_34/dlc_trim_info.csv,/media/toor/Seagate5/ARCHIVE/Mouse1637_testDLC/Round1/Linear/2024-05-25T18_27_34/Linear_behavior2024-05-25T18_27_34.avi,/media/toor/Seagate5/ARCHIVE/Mouse1637_testDLC/Round1/Linear/2024-05-25T18_27_34/dlc/2024-05-25_18-27-34_LinearTrack_lineartrack_trials.csv,/media/toor/Seagate5/ARCHIVE/Mouse1637_testDLC/Round1/Linear/2024-05-25T18_27_34/dlc/2024-05-25_18-27-34_LinearTrack_linearized_binned_trials_70nbins.csv,True,True
Mouse1637,Linear,2024-05-26T14_39_05,2024-05-26,pre2026-05,detect,aging,/media/toor/Seagate5/ARCHIVE/Mouse1637_testDLC/Round1/Linear/2024-05-26T14_39_05,/media/toor/Seagate5/ARCHIVE/Mouse1637_testDLC/Round1/Linear_untrimmed/ses-20240526T143905/behavior2024-05-26T14_39_05.avi,/media/toor/Seagate5/ARCHIVE/Mouse1637_testDLC/Round1/Linear_untrimmed/ses-20240526T143905/timestamps2024-05-26T14_39_05.csv,True,/media/toor/SeagateClean/Bpod Local/Data/Mouse1637/LinearTrack/Session Data/Mouse1637_LinearTrack_20240526_144437.mat,1,/media/toor/Seagate5/ARCHIVE/Mouse1637_testDLC/Round1/Linear/2024-05-26T14_39_05/dlc_trim_info.csv,/media/toor/Seagate5/ARCHIVE/Mouse1637_testDLC/Round1/Linear/2024-05-26T14_39_05/Linear_behavior2024-05-26T14_39_05.avi,/media/toor/Seagate5/ARCHIVE/Mouse1637_testDLC/Round1/Linear/2024-05-26T14_39_05/dlc/2024-05-26_14-39-05_LinearTrack_lineartrack_trials.csv,/media/toor/Seagate5/ARCHIVE/Mouse1637_testDLC/Round1/Linear/2024-05-26T14_39_05/dlc/2024-05-26_14-39-05_LinearTrack_linearized_binned_trials_70nbins.csv,True,True
Mouse1637,Linear,2024-05-27T14_03_29,2024-05-27,pre2026-05,detect,aging,/media/toor/Seagate5/ARCHIVE/Mouse1637_testDLC/Round1/Linear/2024-05-27T14_03_29,/media/toor/Seagate5/ARCHIVE/Mouse1637_testDLC/Round1/Linear_untrimmed/ses-20240527T140329/behavior2024-05-27T14_03_29.avi,/media/toor/Seagate5/ARCHIVE/Mouse1637_testDLC/Round1/Linear_untrimmed/ses-20240527T140329/timestamps2024-05-27T14_03_29.csv,True,/media/toor/SeagateClean/Bpod Local/Data/Mouse1637/LinearTrack/Session Data/Mouse1637_LinearTrack_20240527_140859.mat,1,/media/toor/Seagate5/ARCHIVE/Mouse1637_testDLC/Round1/Linear/2024-05-27T14_03_29/dlc_trim_info.csv,/media/toor/Seagate5/ARCHIVE/Mouse1637_testDLC/Round1/Linear/2024-05-27T14_03_29/Linear_behavior2024-05-27T14_03_29.avi,/media/toor/Seagate5/ARCHIVE/Mouse1637_testDLC/Round1/Linear/2024-05-27T14_03_29/dlc/2024-05-27_14-03-29_LinearTrack_lineartrack_trials.csv,/media/toor/Seagate5/ARCHIVE/Mouse1637_testDLC/Round1/Linear/2024-05-27T14_03_29/dlc/2024-05-27_14-03-29_LinearTrack_linearized_binned_trials_70nbins.csv,True,True
Mouse1637,Linear,2024-05-28T12_36_37,2024-05-28,pre2026-05,detect,aging,/media/toor/Seagate5/ARCHIVE/Mouse1637_testDLC/Round1/Linear/2024-05-28T12_36_37,/media/toor/Seagate5/ARCHIVE/Mouse1637_testDLC/Round1/Linear_untrimmed/ses-20240528T123637/behavior2024-05-28T12_36_37.avi,/media/toor/Seagate5/ARCHIVE/Mouse1637_testDLC/Round1/Linear_untrimmed/ses-20240528T123637/timestamps2024-05-28T12_36_37.csv,True,/media/toor/SeagateClean/Bpod Local/Data/Mouse1637/LinearTrack/Session Data/Mouse1637_LinearTrack_20240528_124254.mat,1,/media/toor/Seagate5/ARCHIVE/Mouse1637_testDLC/Round1/Linear/2024-05-28T12_36_37/dlc_trim_info.csv,/media/toor/Seagate5/ARCHIVE/Mouse1637_testDLC/Round1/Linear/2024-05-28T12_36_37/Linear_behavior2024-05-28T12_36_37.avi,/media/toor/Seagate5/ARCHIVE/Mouse1637_testDLC/Round1/Linear/2024-05-28T12_36_37/dlc/2024-05-28_12-36-37_LinearTrack_lineartrack_trials.csv,/media/toor/Seagate5/ARCHIVE/Mouse1637_testDLC/Round1/Linear/2024-05-28T12_36_37/dlc/2024-05-28_12-36-37_LinearTrack_linearized_binned_trials_70nbins.csv,True,True
Mouse1637,Linear,2024-05-29T16_51_58,2024-05-29,pre2026-05,detect,aging,/media/toor/Seagate5/ARCHIVE/Mouse1637_testDLC/Round1/Linear/2024-05-29T16_51_58,/media/toor/Seagate5/ARCHIVE/Mouse1637_testDLC/Round1/Linear_untrimmed/ses-20240529T165158/behavior2024-05-29T16_51_58.avi,/media/toor/Seagate5/ARCHIVE/Mouse1637_testDLC/Round1/Linear_untrimmed/ses-20240529T165158/timestamps2024-05-29T16_51_58.csv,True,/media/toor/SeagateClean/Bpod Local/Data/Mouse1637/LinearTrack/Session Data/Mouse1637_LinearTrack_20240529_165701.mat,1,/media/toor/Seagate5/ARCHIVE/Mouse1637_testDLC/Round1/Linear/2024-05-29T16_51_58/dlc_trim_info.csv,/media/toor/Seagate5/ARCHIVE/Mouse1637_testDLC/Round1/Linear/2024-05-29T16_51_58/Linear_behavior2024-05-29T16_51_58.avi,/media/toor/Seagate5/ARCHIVE/Mouse1637_testDLC/Round1/Linear/2024-05-29T16_51_58/dlc/2024-05-29_16-51-58_LinearTrack_lineartrack_trials.csv,/media/toor/Seagate5/ARCHIVE/Mouse1637_testDLC/Round1/Linear/2024-05-29T16_51_58/dlc/2024-05-29_16-51-58_LinearTrack_linearized_binned_trials_70nbins.csv,True,True
Mouse1637,Linear,2024-05-30T14_37_47,2024-05-30,pre2026-05,detect,aging,/media/toor/Seagate5/ARCHIVE/Mouse1637_testDLC/Round1/Linear/2024-05-30T14_37_47,/media/toor/Seagate5/ARCHIVE/Mouse1637_testDLC/Round1/Linear_untrimmed/ses-20240530T143747/behavior2024-05-30T14_37_47.avi,/media/toor/Seagate5/ARCHIVE/Mouse1637_testDLC/Round1/Linear_untrimmed/ses-20240530T143747/timestamps2024-05-30T14_37_47.csv,True,/media/toor/SeagateClean/Bpod Local/Data/Mouse1637/LinearTrack/Session Data/Mouse1637_LinearTrack_20240530_144340.mat,1,/media/toor/Seagate5/ARCHIVE/Mouse1637_testDLC/Round1/Linear/2024-05-30T14_37_47/dlc_trim_info.csv,/media/toor/Seagate5/ARCHIVE/Mouse1637_testDLC/Round1/Linear/2024-05-30T14_37_47/Linear_behavior2024-05-30T14_37_47.avi,/media/toor/Seagate5/ARCHIVE/Mouse1637_testDLC/Round1/Linear/2024-05-30T14_37_47/dlc/2024-05-30_14-37-47_LinearTrack_lineartrack_trials.csv,/media/toor/Seagate5/ARCHIVE/Mouse1637_testDLC/Round1/Linear/2024-05-30T14_37_47/dlc/2024-05-30_14-37-47_LinearTrack_linearized_binned_trials_70nbins.csv,True,True
Mouse1637,Linear,2024-05-31T13_36_37,2024-05-31,pre2026-05,detect,aging,/media/toor/Seagate5/ARCHIVE/Mouse1637_testDLC/Round1/Linear/2024-05-31T13_36_37,/media/toor/Seagate5/ARCHIVE/Mouse1637_testDLC/Round1/Linear_untrimmed/ses-20240531T133637/behavior2024-05-31T13_36_37.avi,/media/toor/Seagate5/ARCHIVE/Mouse1637_testDLC/Round1/Linear_untrimmed/ses-20240531T133637/timestamps2024-05-31T13_36_37.csv,True,/media/toor/SeagateClean/Bpod Local/Data/Mouse1637/LinearTrack/Session Data/Mouse1637_LinearTrack_20240531_134230.mat,1,/media/toor/Seagate5/ARCHIVE/Mouse1637_testDLC/Round1/Linear/2024-05-31T13_36_37/dlc_trim_info.csv,/media/toor/Seagate5/ARCHIVE/Mouse1637_testDLC/Round1/Linear/2024-05-31T13_36_37/Linear_behavior2024-05-31T13_36_37.avi,/media/toor/Seagate5/ARCHIVE/Mouse1637_testDLC/Round1/Linear/2024-05-31T13_36_37/dlc/2024-05-31_13-36-37_LinearTrack_lineartrack_trials.csv,/media/toor/Seagate5/ARCHIVE/Mouse1637_testDLC/Round1/Linear/2024-05-31T13_36_37/dlc/2024-05-31_13-36-37_LinearTrack_linearized_binned_trials_70nbins.csv,True,True
Mouse1637,Linear,2024-06-01T16_57_24,2024-06-01,pre2026-05,detect,aging,/media/toor/Seagate5/ARCHIVE/Mouse1637_testDLC/Round1/Linear/2024-06-01T16_57_24,/media/toor/Seagate5/ARCHIVE/Mouse1637_testDLC/Round1/Linear_untrimmed/ses-20240601T165724/behavior2024-06-01T16_57_24.avi,/media/toor/Seagate5/ARCHIVE/Mouse1637_testDLC/Round1/Linear_untrimmed/ses-20240601T165724/timestamps2024-06-01T16_57_24.csv,True,/media/toor/SeagateClean/Bpod Local/Data/Mouse1637/LinearTrack/Session Data/Mouse1637_LinearTrack_20240601_170247.mat,1,/media/toor/Seagate5/ARCHIVE/Mouse1637_testDLC/Round1/Linear/2024-06-01T16_57_24/dlc_trim_info.csv,/media/toor/Seagate5/ARCHIVE/Mouse1637_testDLC/Round1/Linear/2024-06-01T16_57_24/Linear_behavior2024-06-01T16_57_24.avi,/media/toor/Seagate5/ARCHIVE/Mouse1637_testDLC/Round1/Linear/2024-06-01T16_57_24/dlc/2024-06-01_16-57-24_LinearTrack_lineartrack_trials.csv,/media/toor/Seagate5/ARCHIVE/Mouse1637_testDLC/Round1/Linear/2024-06-01T16_57_24/dlc/2024-06-01_16-57-24_LinearTrack_linearized_binned_trials_70nbins.csv,True,True
Mouse1637,Linear,2024-06-02T13_36_34,2024-06-02,pre2026-05,detect,aging,/media/toor/Seagate5/ARCHIVE/Mouse1637_testDLC/Round1/Linear/2024-06-02T13_36_34,/media/toor/Seagate5/ARCHIVE/Mouse1637_testDLC/Round1/Linear_untrimmed/ses-20240602T133634/behavior2024-06-02T13_36_34.avi,/media/toor/Seagate5/ARCHIVE/Mouse1637_testDLC/Round1/Linear_untrimmed/ses-20240602T133634/timestamps2024-06-02T13_36_34.csv,True,/media/toor/SeagateClean/Bpod Local/Data/Mouse1637/LinearTrack/Session Data/Mouse1637_LinearTrack_20240602_134242.mat,1,/media/toor/Seagate5/ARCHIVE/Mouse1637_testDLC/Round1/Linear/2024-06-02T13_36_34/dlc_trim_info.csv,/media/toor/Seagate5/ARCHIVE/Mouse1637_testDLC/Round1/Linear/2024-06-02T13_36_34/Linear_behavior2024-06-02T13_36_34.avi,/media/toor/Seagate5/ARCHIVE/Mouse1637_testDLC/Round1/Linear/2024-06-02T13_36_34/dlc/2024-06-02_13-36-34_LinearTrack_lineartrack_trials.csv,/media/toor/Seagate5/ARCHIVE/Mouse1637_testDLC/Round1/Linear/2024-06-02T13_36_34/dlc/2024-06-02_13-36-34_LinearTrack_linearized_binned_trials_70nbins.csv,True,True
Mouse1637,Linear,2024-06-03T11_49_24,2024-06-03,pre2026-05,detect,aging,/media/toor/Seagate5/ARCHIVE/Mouse1637_testDLC/Round1/Linear/2024-06-03T11_49_24,/media/toor/Seagate5/ARCHIVE/Mouse1637_testDLC/Round1/Linear_untrimmed/ses-20240603T114924/behavior2024-06-03T11_49_24.avi,/media/toor/Seagate5/ARCHIVE/Mouse1637_testDLC/Round1/Linear_untrimmed/ses-20240603T114924/timestamps2024-06-03T11_49_24.csv,True,/media/toor/SeagateClean/Bpod Local/Data/Mouse1637/LinearTrack/Session Data/Mouse1637_LinearTrack_20240603_115543.mat,1,/media/toor/Seagate5/ARCHIVE/Mouse1637_testDLC/Round1/Linear/2024-06-03T11_49_24/dlc_trim_info.csv,/media/toor/Seagate5/ARCHIVE/Mouse1637_testDLC/Round1/Linear/2024-06-03T11_49_24/Linear_behavior2024-06-03T11_49_24.avi,/media/toor/Seagate5/ARCHIVE/Mouse1637_testDLC/Round1/Linear/2024-06-03T11_49_24/dlc/2024-06-03_11-49-24_LinearTrack_lineartrack_trials.csv,/media/toor/Seagate5/ARCHIVE/Mouse1637_testDLC/Round1/Linear/2024-06-03T11_49_24/dlc/2024-06-03_11-49-24_LinearTrack_linearized_binned_trials_70nbins.csv,True,True
Mouse1637,Linear,2024-06-04T10_37_19,2024-06-04,pre2026-05,detect,aging,/media/toor/Seagate5/ARCHIVE/Mouse1637_testDLC/Round1/Linear/2024-06-04T10_37_19,/media/toor/Seagate5/ARCHIVE/Mouse1637_testDLC/Round1/Linear_untrimmed/ses-20240604T103719/behavior2024-06-04T10_37_19.avi,/media/toor/Seagate5/ARCHIVE/Mouse1637_testDLC/Round1/Linear_untrimmed/ses-20240604T103719/timestamps2024-06-04T10_37_19.csv,True,/media/toor/SeagateClean/Bpod Local/Data/Mouse1637/LinearTrack/Session Data/Mouse1637_LinearTrack_20240604_104341.mat,1,/media/toor/Seagate5/ARCHIVE/Mouse1637_testDLC/Round1/Linear/2024-06-04T10_37_19/dlc_trim_info.csv,/media/toor/Seagate5/ARCHIVE/Mouse1637_testDLC/Round1/Linear/2024-06-04T10_37_19/Linear_behavior2024-06-04T10_37_19.avi,/media/toor/Seagate5/ARCHIVE/Mouse1637_testDLC/Round1/Linear/2024-06-04T10_37_19/dlc/2024-06-04_10-37-19_LinearTrack_lineartrack_trials.csv,/media/toor/Seagate5/ARCHIVE/Mouse1637_testDLC/Round1/Linear/2024-06-04T10_37_19/dlc/2024-06-04_10-37-19_LinearTrack_linearized_binned_trials_70nbins.csv,True,True
Mouse1637,Linear,2024-06-05T09_22_16,2024-06-05,pre2026-05,detect,aging,/media/toor/Seagate5/ARCHIVE/Mouse1637_testDLC/Round1/Linear/2024-06-05T09_22_16,/media/toor/Seagate5/ARCHIVE/Mouse1637_testDLC/Round1/Linear_untrimmed/ses-20240605T092216/behavior2024-06-05T09_22_16.avi,/media/toor/Seagate5/ARCHIVE/Mouse1637_testDLC/Round1/Linear_untrimmed/ses-20240605T092216/timestamps2024-06-05T09_22_16.csv,True,/media/toor/SeagateClean/Bpod Local/Data/Mouse1637/LinearTrack/Session Data/Mouse1637_LinearTrack_20240605_092821.mat,1,/media/toor/Seagate5/ARCHIVE/Mouse1637_testDLC/Round1/Linear/2024-06-05T09_22_16/dlc_trim_info.csv,/media/toor/Seagate5/ARCHIVE/Mouse1637_testDLC/Round1/Linear/2024-06-05T09_22_16/Linear_behavior2024-06-05T09_22_16.avi,/media/toor/Seagate5/ARCHIVE/Mouse1637_testDLC/Round1/Linear/2024-06-05T09_22_16/dlc/2024-06-05_09-22-16_LinearTrack_lineartrack_trials.csv,/media/toor/Seagate5/ARCHIVE/Mouse1637_testDLC/Round1/Linear/2024-06-05T09_22_16/dlc/2024-06-05_09-22-16_LinearTrack_linearized_binned_trials_70nbins.csv,True,True
Mouse1637,Linear,2024-06-06T14_35_51,2024-06-06,pre2026-05,detect,aging,/media/toor/Seagate5/ARCHIVE/Mouse1637_testDLC/Round1/Linear/2024-06-06T14_35_51,/media/toor/Seagate5/ARCHIVE/Mouse1637_testDLC/Round1/Linear_untrimmed/ses-20240606T143551/behavior2024-06-06T14_35_51.avi,/media/toor/Seagate5/ARCHIVE/Mouse1637_testDLC/Round1/Linear_untrimmed/ses-20240606T143551/timestamps2024-06-06T14_35_51.csv,True,/media/toor/SeagateClean/Bpod Local/Data/Mouse1637/LinearTrack/Session Data/Mouse1637_LinearTrack_20240606_144143.mat,1,/media/toor/Seagate5/ARCHIVE/Mouse1637_testDLC/Round1/Linear/2024-06-06T14_35_51/dlc_trim_info.csv,/media/toor/Seagate5/ARCHIVE/Mouse1637_testDLC/Round1/Linear/2024-06-06T14_35_51/Linear_behavior2024-06-06T14_35_51.avi,/media/toor/Seagate5/ARCHIVE/Mouse1637_testDLC/Round1/Linear/2024-06-06T14_35_51/dlc/2024-06-06_14-35-51_LinearTrack_lineartrack_trials.csv,/media/toor/Seagate5/ARCHIVE/Mouse1637_testDLC/Round1/Linear/2024-06-06T14_35_51/dlc/2024-06-06_14-35-51_LinearTrack_linearized_binned_trials_70nbins.csv,True,True
Mouse1637,Linear,2024-06-07T12_55_13,2024-06-07,pre2026-05,detect,aging,/media/toor/Seagate5/ARCHIVE/Mouse1637_testDLC/Round1/Linear/2024-06-07T12_55_13,/media/toor/Seagate5/ARCHIVE/Mouse1637_testDLC/Round1/Linear_untrimmed/ses-20240607T125513/behavior2024-06-07T12_55_13.avi,/media/toor/Seagate5/ARCHIVE/Mouse1637_testDLC/Round1/Linear_untrimmed/ses-20240607T125513/timestamps2024-06-07T12_55_13.csv,True,/media/toor/SeagateClean/Bpod Local/Data/Mouse1637/LinearTrack/Session Data/Mouse1637_LinearTrack_20240607_130101.mat,1,/media/toor/Seagate5/ARCHIVE/Mouse1637_testDLC/Round1/Linear/2024-06-07T12_55_13/dlc_trim_info.csv,/media/toor/Seagate5/ARCHIVE/Mouse1637_testDLC/Round1/Linear/2024-06-07T12_55_13/Linear_behavior2024-06-07T12_55_13.avi,/media/toor/Seagate5/ARCHIVE/Mouse1637_testDLC/Round1/Linear/2024-06-07T12_55_13/dlc/2024-06-07_12-55-13_LinearTrack_lineartrack_trials.csv,/media/toor/Seagate5/ARCHIVE/Mouse1637_testDLC/Round1/Linear/2024-06-07T12_55_13/dlc/2024-06-07_12-55-13_LinearTrack_linearized_binned_trials_70nbins.csv,True,True
Mouse1637,Linear,2024-06-08T15_56_23,2024-06-08,pre2026-05,detect,aging,/media/toor/Seagate5/ARCHIVE/Mouse1637_testDLC/Round1/Linear/2024-06-08T15_56_23,/media/toor/Seagate5/ARCHIVE/Mouse1637_testDLC/Round1/Linear_untrimmed/ses-20240608T155623/behavior2024-06-08T15_56_23.avi,/media/toor/Seagate5/ARCHIVE/Mouse1637_testDLC/Round1/Linear_untrimmed/ses-20240608T155623/timestamps2024-06-08T15_56_23.csv,True,/media/toor/SeagateClean/Bpod Local/Data/Mouse1637/LinearTrack/Session Data/Mouse1637_LinearTrack_20240608_160247.mat,1,/media/toor/Seagate5/ARCHIVE/Mouse1637_testDLC/Round1/Linear/2024-06-08T15_56_23/dlc_trim_info.csv,/media/toor/Seagate5/ARCHIVE/Mouse1637_testDLC/Round1/Linear/2024-06-08T15_56_23/Linear_behavior2024-06-08T15_56_23.avi,/media/toor/Seagate5/ARCHIVE/Mouse1637_testDLC/Round1/Linear/2024-06-08T15_56_23/dlc/2024-06-08_15-56-23_LinearTrack_lineartrack_trials.csv,/media/toor/Seagate5/ARCHIVE/Mouse1637_testDLC/Round1/Linear/2024-06-08T15_56_23/dlc/2024-06-08_15-56-23_LinearTrack_linearized_binned_trials_70nbins.csv,True,True
Mouse1637,Linear,2024-06-09T14_51_48,2024-06-09,pre2026-05,detect,aging,/media/toor/Seagate5/ARCHIVE/Mouse1637_testDLC/Round1/Linear/2024-06-09T14_51_48,/media/toor/Seagate5/ARCHIVE/Mouse1637_testDLC/Round1/Linear_untrimmed/ses-20240609T145148/behavior2024-06-09T14_51_48.avi,/media/toor/Seagate5/ARCHIVE/Mouse1637_testDLC/Round1/Linear_untrimmed/ses-20240609T145148/timestamps2024-06-09T14_51_48.csv,True,/media/toor/SeagateClean/Bpod Local/Data/Mouse1637/LinearTrack/Session Data/Mouse1637_LinearTrack_20240609_145749.mat,1,/media/toor/Seagate5/ARCHIVE/Mouse1637_testDLC/Round1/Linear/2024-06-09T14_51_48/dlc_trim_info.csv,/media/toor/Seagate5/ARCHIVE/Mouse1637_testDLC/Round1/Linear/2024-06-09T14_51_48/Linear_behavior2024-06-09T14_51_48.avi,/media/toor/Seagate5/ARCHIVE/Mouse1637_testDLC/Round1/Linear/2024-06-09T14_51_48/dlc/2024-06-09_14-51-48_LinearTrack_lineartrack_trials.csv,/media/toor/Seagate5/ARCHIVE/Mouse1637_testDLC/Round1/Linear/2024-06-09T14_51_48/dlc/2024-06-09_14-51-48_LinearTrack_linearized_binned_trials_70nbins.csv,True,True
Mouse1637,Linear,2024-06-10T18_27_47,2024-06-10,pre2026-05,detect,aging,/media/toor/SeagateClean/Mouse1637/Round1.5/Linear/2024-06-10T18_27_47,/media/toor/SeagatePortableDrive/AgingMiceNWB/sub-Mouse1637/Round1.5/Linear/ses-20240610T182747/behavior2024-06-10T18_27_47.avi,/media/toor/SeagatePortableDrive/AgingMiceNWB/sub-Mouse1637/Round1.5/Linear/ses-20240610T182747/timestamps2024-06-10T18_27_47.csv,True,/media/toor/SeagateClean/Bpod Local/Data/Mouse1637/LinearTrack/Session Data/Mouse1637_LinearTrack_20240610_183337.mat,1,/media/toor/SeagateClean/Mouse1637/Round1.5/Linear/2024-06-10T18_27_47/dlc_trim_info.csv,/media/toor/SeagateClean/Mouse1637/Round1.5/Linear/2024-06-10T18_27_47/Linear_behavior2024-06-10T18_27_47.avi,/media/toor/SeagateClean/Mouse1637/Round1.5/Linear/2024-06-10T18_27_47/dlc/2024-06-10_18-27-47_LinearTrack_lineartrack_trials.csv,/media/toor/SeagateClean/Mouse1637/Round1.5/Linear/2024-06-10T18_27_47/dlc/2024-06-10_18-27-47_LinearTrack_linearized_binned_trials_70nbins.csv,True,True
Mouse1637,Linear,2024-06-11T14_35_02,2024-06-11,pre2026-05,detect,aging,/media/toor/SeagateClean/Mouse1637/Round1.5/Linear/2024-06-11T14_35_02,/media/toor/SeagatePortableDrive/AgingMiceNWB/sub-Mouse1637/Round1.5/Linear/ses-20240611T143502/behavior2024-06-11T14_35_02.avi,/media/toor/SeagatePortableDrive/AgingMiceNWB/sub-Mouse1637/Round1.5/Linear/ses-20240611T143502/timestamps2024-06-11T14_35_02.csv,True,/media/toor/SeagateClean/Bpod Local/Data/Mouse1637/LinearTrack/Session Data/Mouse1637_LinearTrack_20240611_143524.mat,1,/media/toor/SeagateClean/Mouse1637/Round1.5/Linear/2024-06-11T14_35_02/dlc_trim_info.csv,/media/toor/SeagateClean/Mouse1637/Round1.5/Linear/2024-06-11T14_35_02/Linear_behavior2024-06-11T14_35_02.avi,/media/toor/SeagateClean/Mouse1637/Round1.5/Linear/2024-06-11T14_35_02/dlc/2024-06-11_14-35-02_LinearTrack_lineartrack_trials.csv,/media/toor/SeagateClean/Mouse1637/Round1.5/Linear/2024-06-11T14_35_02/dlc/2024-06-11_14-35-02_LinearTrack_linearized_binned_trials_70nbins.csv,True,True
Mouse1637,Linear,2024-06-12T13_37_36,2024-06-12,pre2026-05,detect,aging,/media/toor/SeagateClean/Mouse1637/Round1.5/Linear/2024-06-12T13_37_36,/media/toor/SeagatePortableDrive/AgingMiceNWB/sub-Mouse1637/Round1.5/Linear/ses-20240612T133736/behavior2024-06-12T13_37_36.avi,/media/toor/SeagatePortableDrive/AgingMiceNWB/sub-Mouse1637/Round1.5/Linear/ses-20240612T133736/timestamps2024-06-12T13_37_36.csv,True,/media/toor/SeagateClean/Bpod Local/Data/Mouse1637/LinearTrack/Session Data/Mouse1637_LinearTrack_20240612_133753.mat,1,/media/toor/SeagateClean/Mouse1637/Round1.5/Linear/2024-06-12T13_37_36/dlc_trim_info.csv,/media/toor/SeagateClean/Mouse1637/Round1.5/Linear/2024-06-12T13_37_36/Linear_behavior2024-06-12T13_37_36.avi,/media/toor/SeagateClean/Mouse1637/Round1.5/Linear/2024-06-12T13_37_36/dlc/2024-06-12_13-37-36_LinearTrack_lineartrack_trials.csv,/media/toor/SeagateClean/Mouse1637/Round1.5/Linear/2024-06-12T13_37_36/dlc/2024-06-12_13-37-36_LinearTrack_linearized_binned_trials_70nbins.csv,True,True
Mouse1637,Linear,2024-06-13T16_01_19,2024-06-13,pre2026-05,detect,aging,/media/toor/SeagateClean/Mouse1637/Round1.5/Linear/2024-06-13T16_01_19,/media/toor/SeagatePortableDrive/AgingMiceNWB/sub-Mouse1637/Round1.5/Linear/ses-20240613T160119/behavior2024-06-13T16_01_19.avi,/media/toor/SeagatePortableDrive/AgingMiceNWB/sub-Mouse1637/Round1.5/Linear/ses-20240613T160119/timestamps2024-06-13T16_01_19.csv,True,/media/toor/SeagateClean/Bpod Local/Data/Mouse1637/LinearTrack/Session Data/Mouse1637_LinearTrack_20240613_160137.mat,1,/media/toor/SeagateClean/Mouse1637/Round1.5/Linear/2024-06-13T16_01_19/dlc_trim_info.csv,/media/toor/SeagateClean/Mouse1637/Round1.5/Linear/2024-06-13T16_01_19/Linear_behavior2024-06-13T16_01_19.avi,/media/toor/SeagateClean/Mouse1637/Round1.5/Linear/2024-06-13T16_01_19/dlc/2024-06-13_16-01-19_LinearTrack_lineartrack_trials.csv,/media/toor/SeagateClean/Mouse1637/Round1.5/Linear/2024-06-13T16_01_19/dlc/2024-06-13_16-01-19_LinearTrack_linearized_binned_trials_70nbins.csv,True,True
Mouse1637,Linear,2024-06-14T17_49_23,2024-06-14,pre2026-05,detect,aging,/media/toor/SeagateClean/Mouse1637/Round1.5/Linear/2024-06-14T17_49_23,/media/toor/SeagatePortableDrive/AgingMiceNWB/sub-Mouse1637/Round1.5/Linear/ses-20240614T174923/behavior2024-06-14T17_49_23.avi,/media/toor/SeagatePortableDrive/AgingMiceNWB/sub-Mouse1637/Round1.5/Linear/ses-20240614T174923/timestamps2024-06-14T17_49_23.csv,True,/media/toor/SeagateClean/Bpod Local/Data/Mouse1637/LinearTrack/Session Data/Mouse1637_LinearTrack_20240614_174945.mat,1,/media/toor/SeagateClean/Mouse1637/Round1.5/Linear/2024-06-14T17_49_23/dlc_trim_info.csv,/media/toor/SeagateClean/Mouse1637/Round1.5/Linear/2024-06-14T17_49_23/Linear_behavior2024-06-14T17_49_23.avi,/media/toor/SeagateClean/Mouse1637/Round1.5/Linear/2024-06-14T17_49_23/dlc/2024-06-14_17-49-23_LinearTrack_lineartrack_trials.csv,/media/toor/SeagateClean/Mouse1637/Round1.5/Linear/2024-06-14T17_49_23/dlc/2024-06-14_17-49-23_LinearTrack_linearized_binned_trials_70nbins.csv,True,True
Mouse1637,Linear,2024-06-15T15_29_12,2024-06-15,pre2026-05,detect,aging,/media/toor/SeagateClean/Mouse1637/Round1.5/Linear/2024-06-15T15_29_12,/media/toor/SeagatePortableDrive/AgingMiceNWB/sub-Mouse1637/Round1.5/Linear/ses-20240615T152912/behavior2024-06-15T15_29_12.avi,/media/toor/SeagatePortableDrive/AgingMiceNWB/sub-Mouse1637/Round1.5/Linear/ses-20240615T152912/timestamps2024-06-15T15_29_12.csv,True,/media/toor/SeagateClean/Bpod Local/Data/Mouse1637/LinearTrack/Session Data/Mouse1637_LinearTrack_20240615_152927.mat,1,/media/toor/SeagateClean/Mouse1637/Round1.5/Linear/2024-06-15T15_29_12/dlc_trim_info.csv,/media/toor/SeagateClean/Mouse1637/Round1.5/Linear/2024-06-15T15_29_12/Linear_behavior2024-06-15T15_29_12.avi,/media/toor/SeagateClean/Mouse1637/Round1.5/Linear/2024-06-15T15_29_12/dlc/2024-06-15_15-29-12_LinearTrack_lineartrack_trials.csv,/media/toor/SeagateClean/Mouse1637/Round1.5/Linear/2024-06-15T15_29_12/dlc/2024-06-15_15-29-12_LinearTrack_linearized_binned_trials_70nbins.csv,True,True
Mouse1637,Linear,2024-06-16T10_16_06,2024-06-16,pre2026-05,detect,aging,/media/toor/SeagateClean/Mouse1637/Round1.5/Linear/2024-06-16T10_16_06,/media/toor/SeagatePortableDrive/AgingMiceNWB/sub-Mouse1637/Round1.5/Linear/ses-20240616T101606/behavior2024-06-16T10_16_06.avi,/media/toor/SeagatePortableDrive/AgingMiceNWB/sub-Mouse1637/Round1.5/Linear/ses-20240616T101606/timestamps2024-06-16T10_16_06.csv,True,/media/toor/SeagateClean/Bpod Local/Data/Mouse1637/LinearTrack/Session Data/Mouse1637_LinearTrack_20240616_101610.mat,1,/media/toor/SeagateClean/Mouse1637/Round1.5/Linear/2024-06-16T10_16_06/dlc_trim_info.csv,/media/toor/SeagateClean/Mouse1637/Round1.5/Linear/2024-06-16T10_16_06/Linear_behavior2024-06-16T10_16_06.avi,/media/toor/SeagateClean/Mouse1637/Round1.5/Linear/2024-06-16T10_16_06/dlc/2024-06-16_10-16-06_LinearTrack_lineartrack_trials.csv,/media/toor/SeagateClean/Mouse1637/Round1.5/Linear/2024-06-16T10_16_06/dlc/2024-06-16_10-16-06_LinearTrack_linearized_binned_trials_70nbins.csv,True,True
Mouse1637,Linear,2024-06-17T17_49_02,2024-06-17,pre2026-05,detect,aging,/media/toor/SeagateClean/Mouse1637/Round1.5/Linear/2024-06-17T17_49_02,/media/toor/SeagatePortableDrive/AgingMiceNWB/sub-Mouse1637/Round1.5/Linear/ses-20240617T174902/behavior2024-06-17T17_49_02.avi,/media/toor/SeagatePortableDrive/AgingMiceNWB/sub-Mouse1637/Round1.5/Linear/ses-20240617T174902/timestamps2024-06-17T17_49_02.csv,True,/media/toor/SeagateClean/Bpod Local/Data/Mouse1637/LinearTrack/Session Data/Mouse1637_LinearTrack_20240617_174911.mat,1,/media/toor/SeagateClean/Mouse1637/Round1.5/Linear/2024-06-17T17_49_02/dlc_trim_info.csv,/media/toor/SeagateClean/Mouse1637/Round1.5/Linear/2024-06-17T17_49_02/Linear_behavior2024-06-17T17_49_02.avi,/media/toor/SeagateClean/Mouse1637/Round1.5/Linear/2024-06-17T17_49_02/dlc/2024-06-17_17-49-02_LinearTrack_lineartrack_trials.csv,/media/toor/SeagateClean/Mouse1637/Round1.5/Linear/2024-06-17T17_49_02/dlc/2024-06-17_17-49-02_LinearTrack_linearized_binned_trials_70nbins.csv,True,True
Mouse1637,Linear,2024-06-18T16_00_58,2024-06-18,pre2026-05,detect,aging,/media/toor/SeagateClean/Mouse1637/Round1.5/Linear/2024-06-18T16_00_58,/media/toor/SeagatePortableDrive/AgingMiceNWB/sub-Mouse1637/Round1.5/Linear/ses-20240618T160058/behavior2024-06-18T16_00_58.avi,/media/toor/SeagatePortableDrive/AgingMiceNWB/sub-Mouse1637/Round1.5/Linear/ses-20240618T160058/timestamps2024-06-18T16_00_58.csv,True,/media/toor/SeagateClean/Bpod Local/Data/Mouse1637/LinearTrack/Session Data/Mouse1637_LinearTrack_20240618_160115.mat,1,/media/toor/SeagateClean/Mouse1637/Round1.5/Linear/2024-06-18T16_00_58/dlc_trim_info.csv,/media/toor/SeagateClean/Mouse1637/Round1.5/Linear/2024-06-18T16_00_58/Linear_behavior2024-06-18T16_00_58.avi,/media/toor/SeagateClean/Mouse1637/Round1.5/Linear/2024-06-18T16_00_58/dlc/2024-06-18_16-00-58_LinearTrack_lineartrack_trials.csv,/media/toor/SeagateClean/Mouse1637/Round1.5/Linear/2024-06-18T16_00_58/dlc/2024-06-18_16-00-58_LinearTrack_linearized_binned_trials_70nbins.csv,True,True
Mouse1637,Linear,2024-06-19T10_45_15,2024-06-19,pre2026-05,detect,aging,/media/toor/SeagateClean/Mouse1637/Round1.5/Linear/2024-06-19T10_45_15,/media/toor/SeagatePortableDrive/AgingMiceNWB/sub-Mouse1637/Round1.5/Linear/ses-20240619T104515/behavior2024-06-19T10_45_15.avi,/media/toor/SeagatePortableDrive/AgingMiceNWB/sub-Mouse1637/Round1.5/Linear/ses-20240619T104515/timestamps2024-06-19T10_45_15.csv,True,/media/toor/SeagateClean/Bpod Local/Data/Mouse1637/LinearTrack/Session Data/Mouse1637_LinearTrack_20240619_104525.mat,1,/media/toor/SeagateClean/Mouse1637/Round1.5/Linear/2024-06-19T10_45_15/dlc_trim_info.csv,/media/toor/SeagateClean/Mouse1637/Round1.5/Linear/2024-06-19T10_45_15/Linear_behavior2024-06-19T10_45_15.avi,/media/toor/SeagateClean/Mouse1637/Round1.5/Linear/2024-06-19T10_45_15/dlc/2024-06-19_10-45-15_LinearTrack_lineartrack_trials.csv,/media/toor/SeagateClean/Mouse1637/Round1.5/Linear/2024-06-19T10_45_15/dlc/2024-06-19_10-45-15_LinearTrack_linearized_binned_trials_70nbins.csv,True,True
Mouse1637,Linear,2024-06-20T14_04_10,2024-06-20,pre2026-05,detect,aging,/media/toor/SeagateClean/Mouse1637/Round1.5/Linear/2024-06-20T14_04_10,/media/toor/SeagatePortableDrive/AgingMiceNWB/sub-Mouse1637/Round1.5/Linear/ses-20240620T140410/behavior2024-06-20T14_04_10.avi,/media/toor/SeagatePortableDrive/AgingMiceNWB/sub-Mouse1637/Round1.5/Linear/ses-20240620T140410/timestamps2024-06-20T14_04_10.csv,True,/media/toor/SeagateClean/Bpod Local/Data/Mouse1637/LinearTrack/Session Data/Mouse1637_LinearTrack_20240620_140426.mat,1,/media/toor/SeagateClean/Mouse1637/Round1.5/Linear/2024-06-20T14_04_10/dlc_trim_info.csv,/media/toor/SeagateClean/Mouse1637/Round1.5/Linear/2024-06-20T14_04_10/Linear_behavior2024-06-20T14_04_10.avi,/media/toor/SeagateClean/Mouse1637/Round1.5/Linear/2024-06-20T14_04_10/dlc/2024-06-20_14-04-10_LinearTrack_lineartrack_trials.csv,/media/toor/SeagateClean/Mouse1637/Round1.5/Linear/2024-06-20T14_04_10/dlc/2024-06-20_14-04-10_LinearTrack_linearized_binned_trials_70nbins.csv,True,True
Mouse1637,Linear,2024-06-21T13_22_46,2024-06-21,pre2026-05,detect,aging,/media/toor/SeagateClean/Mouse1637/Round1.5/Linear/2024-06-21T13_22_46,/media/toor/SeagatePortableDrive/AgingMiceNWB/sub-Mouse1637/Round1.5/Linear/ses-20240621T132246/behavior2024-06-21T13_22_46.avi,/media/toor/SeagatePortableDrive/AgingMiceNWB/sub-Mouse1637/Round1.5/Linear/ses-20240621T132246/timestamps2024-06-21T13_22_46.csv,True,/media/toor/SeagateClean/Bpod Local/Data/Mouse1637/LinearTrack/Session Data/Mouse1637_LinearTrack_20240621_132813.mat,1,/media/toor/SeagateClean/Mouse1637/Round1.5/Linear/2024-06-21T13_22_46/dlc_trim_info.csv,/media/toor/SeagateClean/Mouse1637/Round1.5/Linear/2024-06-21T13_22_46/Linear_behavior2024-06-21T13_22_46.avi,/media/toor/SeagateClean/Mouse1637/Round1.5/Linear/2024-06-21T13_22_46/dlc/2024-06-21_13-22-46_LinearTrack_lineartrack_trials.csv,/media/toor/SeagateClean/Mouse1637/Round1.5/Linear/2024-06-21T13_22_46/dlc/2024-06-21_13-22-46_LinearTrack_linearized_binned_trials_70nbins.csv,True,True
Mouse1637,Linear,2024-06-22T17_15_00,2024-06-22,pre2026-05,detect,aging,/media/toor/SeagateClean/Mouse1637/Round1.5/Linear/2024-06-22T17_15_00,/media/toor/SeagatePortableDrive/AgingMiceNWB/sub-Mouse1637/Round1.5/Linear/ses-20240622T171500/behavior2024-06-22T17_15_00.avi,/media/toor/SeagatePortableDrive/AgingMiceNWB/sub-Mouse1637/Round1.5/Linear/ses-20240622T171500/timestamps2024-06-22T17_15_00.csv,True,/media/toor/SeagateClean/Bpod Local/Data/Mouse1637/LinearTrack/Session Data/Mouse1637_LinearTrack_20240622_171510.mat,1,/media/toor/SeagateClean/Mouse1637/Round1.5/Linear/2024-06-22T17_15_00/dlc_trim_info.csv,/media/toor/SeagateClean/Mouse1637/Round1.5/Linear/2024-06-22T17_15_00/Linear_behavior2024-06-22T17_15_00.avi,/media/toor/SeagateClean/Mouse1637/Round1.5/Linear/2024-06-22T17_15_00/dlc/2024-06-22_17-15-00_LinearTrack_lineartrack_trials.csv,/media/toor/SeagateClean/Mouse1637/Round1.5/Linear/2024-06-22T17_15_00/dlc/2024-06-22_17-15-00_LinearTrack_linearized_binned_trials_70nbins.csv,True,True
Mouse1637,Linear,2024-06-23T09_40_38,2024-06-23,pre2026-05,detect,aging,/media/toor/SeagateClean/Mouse1637/Round1.5/Linear/2024-06-23T09_40_38,/media/toor/SeagatePortableDrive/AgingMiceNWB/sub-Mouse1637/Round1.5/Linear/ses-20240623T094038/behavior2024-06-23T09_40_38.avi,/media/toor/SeagatePortableDrive/AgingMiceNWB/sub-Mouse1637/Round1.5/Linear/ses-20240623T094038/timestamps2024-06-23T09_40_38.csv,True,/media/toor/SeagateClean/Bpod Local/Data/Mouse1637/LinearTrack/Session Data/Mouse1637_LinearTrack_20240623_094057.mat,1,/media/toor/SeagateClean/Mouse1637/Round1.5/Linear/2024-06-23T09_40_38/dlc_trim_info.csv,/media/toor/SeagateClean/Mouse1637/Round1.5/Linear/2024-06-23T09_40_38/Linear_behavior2024-06-23T09_40_38.avi,/media/toor/SeagateClean/Mouse1637/Round1.5/Linear/2024-06-23T09_40_38/dlc/2024-06-23_09-40-38_LinearTrack_lineartrack_trials.csv,/media/toor/SeagateClean/Mouse1637/Round1.5/Linear/2024-06-23T09_40_38/dlc/2024-06-23_09-40-38_LinearTrack_linearized_binned_trials_70nbins.csv,True,True
Mouse1637,Linear,2024-06-24T15_10_37,2024-06-24,pre2026-05,detect,aging,/media/toor/SeagateClean/Mouse1637/Round1.5/Linear/2024-06-24T15_10_37,/media/toor/SeagatePortableDrive/AgingMiceNWB/sub-Mouse1637/Round1.5/Linear/ses-20240624T151037/behavior2024-06-24T15_10_37.avi,/media/toor/SeagatePortableDrive/AgingMiceNWB/sub-Mouse1637/Round1.5/Linear/ses-20240624T151037/timestamps2024-06-24T15_10_37.csv,True,/media/toor/SeagateClean/Bpod Local/Data/Mouse1637/LinearTrack/Session Data/Mouse1637_LinearTrack_20240624_151612.mat,1,/media/toor/SeagateClean/Mouse1637/Round1.5/Linear/2024-06-24T15_10_37/dlc_trim_info.csv,/media/toor/SeagateClean/Mouse1637/Round1.5/Linear/2024-06-24T15_10_37/Linear_behavior2024-06-24T15_10_37.avi,/media/toor/SeagateClean/Mouse1637/Round1.5/Linear/2024-06-24T15_10_37/dlc/2024-06-24_15-10-37_LinearTrack_lineartrack_trials.csv,/media/toor/SeagateClean/Mouse1637/Round1.5/Linear/2024-06-24T15_10_37/dlc/2024-06-24_15-10-37_LinearTrack_linearized_binned_trials_70nbins.csv,True,True
Mouse1637,Linear,2024-06-25T18_04_58,2024-06-25,pre2026-05,detect,aging,/media/toor/SeagateClean/Mouse1637/Round1.5/Linear/2024-06-25T18_04_58,/media/toor/SeagatePortableDrive/AgingMiceNWB/sub-Mouse1637/Round1.5/Linear/ses-20240625T180458/behavior2024-06-25T18_04_58.avi,/media/toor/SeagatePortableDrive/AgingMiceNWB/sub-Mouse1637/Round1.5/Linear/ses-20240625T180458/timestamps2024-06-25T18_04_58.csv,True,/media/toor/SeagateClean/Bpod Local/Data/Mouse1637/LinearTrack/Session Data/Mouse1637_LinearTrack_20240625_180507.mat,1,/media/toor/SeagateClean/Mouse1637/Round1.5/Linear/2024-06-25T18_04_58/dlc_trim_info.csv,/media/toor/SeagateClean/Mouse1637/Round1.5/Linear/2024-06-25T18_04_58/Linear_behavior2024-06-25T18_04_58.avi,/media/toor/SeagateClean/Mouse1637/Round1.5/Linear/2024-06-25T18_04_58/dlc/2024-06-25_18-04-58_LinearTrack_lineartrack_trials.csv,/media/toor/SeagateClean/Mouse1637/Round1.5/Linear/2024-06-25T18_04_58/dlc/2024-06-25_18-04-58_LinearTrack_linearized_binned_trials_70nbins.csv,True,True
Mouse1637,Linear,2024-06-26T14_39_53,2024-06-26,pre2026-05,detect,aging,/media/toor/SeagateClean/Mouse1637/Round1.5/Linear/2024-06-26T14_39_53,/media/toor/SeagatePortableDrive/AgingMiceNWB/sub-Mouse1637/Round1.5/Linear/ses-20240626T143953/behavior2024-06-26T14_39_53.avi,/media/toor/SeagatePortableDrive/AgingMiceNWB/sub-Mouse1637/Round1.5/Linear/ses-20240626T143953/timestamps2024-06-26T14_39_53.csv,True,/media/toor/SeagateClean/Bpod Local/Data/Mouse1637/LinearTrack/Session Data/Mouse1637_LinearTrack_20240626_144014.mat,1,/media/toor/SeagateClean/Mouse1637/Round1.5/Linear/2024-06-26T14_39_53/dlc_trim_info.csv,/media/toor/SeagateClean/Mouse1637/Round1.5/Linear/2024-06-26T14_39_53/Linear_behavior2024-06-26T14_39_53.avi,/media/toor/SeagateClean/Mouse1637/Round1.5/Linear/2024-06-26T14_39_53/dlc/2024-06-26_14-39-53_LinearTrack_lineartrack_trials.csv,/media/toor/SeagateClean/Mouse1637/Round1.5/Linear/2024-06-26T14_39_53/dlc/2024-06-26_14-39-53_LinearTrack_linearized_binned_trials_70nbins.csv,True,True
Mouse1637,Linear,2024-06-27T16_43_57,2024-06-27,pre2026-05,detect,aging,/media/toor/SeagateClean/Mouse1637/Round1.5/Linear/2024-06-27T16_43_57,/media/toor/SeagatePortableDrive/AgingMiceNWB/sub-Mouse1637/Round1.5/Linear/ses-20240627T164357/behavior2024-06-27T16_43_57.avi,/media/toor/SeagatePortableDrive/AgingMiceNWB/sub-Mouse1637/Round1.5/Linear/ses-20240627T164357/timestamps2024-06-27T16_43_57.csv,True,/media/toor/SeagateClean/Bpod Local/Data/Mouse1637/LinearTrack/Session Data/Mouse1637_LinearTrack_20240627_164409.mat,1,/media/toor/SeagateClean/Mouse1637/Round1.5/Linear/2024-06-27T16_43_57/dlc_trim_info.csv,/media/toor/SeagateClean/Mouse1637/Round1.5/Linear/2024-06-27T16_43_57/Linear_behavior2024-06-27T16_43_57.avi,/media/toor/SeagateClean/Mouse1637/Round1.5/Linear/2024-06-27T16_43_57/dlc/2024-06-27_16-43-57_LinearTrack_lineartrack_trials.csv,/media/toor/SeagateClean/Mouse1637/Round1.5/Linear/2024-06-27T16_43_57/dlc/2024-06-27_16-43-57_LinearTrack_linearized_binned_trials_70nbins.csv,True,True
Mouse1637,Linear,2024-06-28T14_00_26,2024-06-28,pre2026-05,detect,aging,/media/toor/SeagateClean/Mouse1637/Round1.5/Linear/2024-06-28T14_00_26,/media/toor/SeagatePortableDrive/AgingMiceNWB/sub-Mouse1637/Round1.5/Linear/ses-20240628T140026/behavior2024-06-28T14_00_26.avi,/media/toor/SeagatePortableDrive/AgingMiceNWB/sub-Mouse1637/Round1.5/Linear/ses-20240628T140026/timestamps2024-06-28T14_00_26.csv,True,/media/toor/SeagateClean/Bpod Local/Data/Mouse1637/LinearTrack/Session Data/Mouse1637_LinearTrack_20240628_140617.mat,1,/media/toor/SeagateClean/Mouse1637/Round1.5/Linear/2024-06-28T14_00_26/dlc_trim_info.csv,/media/toor/SeagateClean/Mouse1637/Round1.5/Linear/2024-06-28T14_00_26/Linear_behavior2024-06-28T14_00_26.avi,/media/toor/SeagateClean/Mouse1637/Round1.5/Linear/2024-06-28T14_00_26/dlc/2024-06-28_14-00-26_LinearTrack_lineartrack_trials.csv,/media/toor/SeagateClean/Mouse1637/Round1.5/Linear/2024-06-28T14_00_26/dlc/2024-06-28_14-00-26_LinearTrack_linearized_binned_trials_70nbins.csv,True,True
Mouse1637,Linear,2024-06-29T17_09_22,2024-06-29,pre2026-05,detect,aging,/media/toor/SeagateClean/Mouse1637/Round1.5/Linear/2024-06-29T17_09_22,/media/toor/SeagatePortableDrive/AgingMiceNWB/sub-Mouse1637/Round1.5/Linear/ses-20240629T170922/behavior2024-06-29T17_09_22.avi,/media/toor/SeagatePortableDrive/AgingMiceNWB/sub-Mouse1637/Round1.5/Linear/ses-20240629T170922/timestamps2024-06-29T17_09_22.csv,True,/media/toor/SeagateClean/Bpod Local/Data/Mouse1637/LinearTrack/Session Data/Mouse1637_LinearTrack_20240629_171538.mat,1,/media/toor/SeagateClean/Mouse1637/Round1.5/Linear/2024-06-29T17_09_22/dlc_trim_info.csv,/media/toor/SeagateClean/Mouse1637/Round1.5/Linear/2024-06-29T17_09_22/Linear_behavior2024-06-29T17_09_22.avi,/media/toor/SeagateClean/Mouse1637/Round1.5/Linear/2024-06-29T17_09_22/dlc/2024-06-29_17-09-22_LinearTrack_lineartrack_trials.csv,/media/toor/SeagateClean/Mouse1637/Round1.5/Linear/2024-06-29T17_09_22/dlc/2024-06-29_17-09-22_LinearTrack_linearized_binned_trials_70nbins.csv,True,True
Mouse1637,Linear,2024-10-02T13_38_21,2024-10-02,pre2026-05,detect,aging,/media/toor/SeagateClean/Mouse1637/Round3/Linear/2024-10-02T13_38_21,/media/toor/SeagatePortableDrive/AGING_MICE/Mouse1637/ThirdRound/behavior2024-10-02T13_38_21.avi,/media/toor/SeagatePortableDrive/AGING_MICE/Mouse1637/ThirdRound/timestamps2024-10-02T13_38_21.csv,True,/media/toor/SeagateClean/Bpod Local/Data/Mouse1637/LinearTrack/Session Data/Mouse1637_LinearTrack_20241002_133837.mat,1,/media/toor/SeagateClean/Mouse1637/Round3/Linear/2024-10-02T13_38_21/dlc_trim_info.csv,/media/toor/SeagateClean/Mouse1637/Round3/Linear/2024-10-02T13_38_21/Linear_behavior2024-10-02T13_38_21.avi,/media/toor/SeagateClean/Mouse1637/Round3/Linear/2024-10-02T13_38_21/dlc/2024-10-02_13-38-21_LinearTrack_lineartrack_trials.csv,/media/toor/SeagateClean/Mouse1637/Round3/Linear/2024-10-02T13_38_21/dlc/2024-10-02_13-38-21_LinearTrack_linearized_binned_trials_70nbins.csv,True,True
Mouse1637,Linear,2024-10-03T14_16_18,2024-10-03,pre2026-05,detect,aging,/media/toor/SeagateClean/Mouse1637/Round3/Linear/2024-10-03T14_16_18,/media/toor/SeagatePortableDrive/AGING_MICE/Mouse1637/ThirdRound/behavior2024-10-03T14_16_18.avi,/media/toor/SeagatePortableDrive/AGING_MICE/Mouse1637/ThirdRound/timestamps2024-10-03T14_16_18.csv,True,/media/toor/SeagateClean/Bpod Local/Data/Mouse1637/LinearTrack/Session Data/Mouse1637_LinearTrack_20241003_142142.mat,1,/media/toor/SeagateClean/Mouse1637/Round3/Linear/2024-10-03T14_16_18/dlc_trim_info.csv,/media/toor/SeagateClean/Mouse1637/Round3/Linear/2024-10-03T14_16_18/Linear_behavior2024-10-03T14_16_18.avi,/media/toor/SeagateClean/Mouse1637/Round3/Linear/2024-10-03T14_16_18/dlc/2024-10-03_14-16-18_LinearTrack_lineartrack_trials.csv,/media/toor/SeagateClean/Mouse1637/Round3/Linear/2024-10-03T14_16_18/dlc/2024-10-03_14-16-18_LinearTrack_linearized_binned_trials_70nbins.csv,True,True
Mouse1637,Linear,2024-10-04T13_17_47,2024-10-04,pre2026-05,detect,aging,/media/toor/SeagateClean/Mouse1637/Round3/Linear/2024-10-04T13_17_47,/media/toor/SeagatePortableDrive/AGING_MICE/Mouse1637/ThirdRound/behavior2024-10-04T13_17_47.avi,/media/toor/SeagatePortableDrive/AGING_MICE/Mouse1637/ThirdRound/timestamps2024-10-04T13_17_47.csv,True,/media/toor/SeagateClean/Bpod Local/Data/Mouse1637/LinearTrack/Session Data/Mouse1637_LinearTrack_20241004_131844.mat,1,/media/toor/SeagateClean/Mouse1637/Round3/Linear/2024-10-04T13_17_47/dlc_trim_info.csv,/media/toor/SeagateClean/Mouse1637/Round3/Linear/2024-10-04T13_17_47/Linear_behavior2024-10-04T13_17_47.avi,/media/toor/SeagateClean/Mouse1637/Round3/Linear/2024-10-04T13_17_47/dlc/2024-10-04_13-17-47_LinearTrack_lineartrack_trials.csv,/media/toor/SeagateClean/Mouse1637/Round3/Linear/2024-10-04T13_17_47/dlc/2024-10-04_13-17-47_LinearTrack_linearized_binned_trials_70nbins.csv,True,True
Mouse1637,Linear,2024-10-05T15_02_39,2024-10-05,pre2026-05,detect,aging,/media/toor/SeagateClean/Mouse1637/Round3/Linear/2024-10-05T15_02_39,/media/toor/SeagatePortableDrive/AGING_MICE/Mouse1637/ThirdRound/behavior2024-10-05T15_02_39.avi,/media/toor/SeagatePortableDrive/AGING_MICE/Mouse1637/ThirdRound/timestamps2024-10-05T15_02_39.csv,True,/media/toor/SeagateClean/Bpod Local/Data/Mouse1637/LinearTrack/Session Data/Mouse1637_LinearTrack_20241005_150239.mat,1,/media/toor/SeagateClean/Mouse1637/Round3/Linear/2024-10-05T15_02_39/dlc_trim_info.csv,/media/toor/SeagateClean/Mouse1637/Round3/Linear/2024-10-05T15_02_39/Linear_behavior2024-10-05T15_02_39.avi,/media/toor/SeagateClean/Mouse1637/Round3/Linear/2024-10-05T15_02_39/dlc/2024-10-05_15-02-39_LinearTrack_lineartrack_trials.csv,/media/toor/SeagateClean/Mouse1637/Round3/Linear/2024-10-05T15_02_39/dlc/2024-10-05_15-02-39_LinearTrack_linearized_binned_trials_70nbins.csv,True,True
Mouse1637,Linear,2024-10-06T12_48_27,2024-10-06,pre2026-05,detect,aging,/media/toor/SeagateClean/Mouse1637/Round3/Linear/2024-10-06T12_48_27,/media/toor/SeagatePortableDrive/AGING_MICE/Mouse1637/ThirdRound/behavior2024-10-06T12_48_27.avi,/media/toor/SeagatePortableDrive/AGING_MICE/Mouse1637/ThirdRound/timestamps2024-10-06T12_48_27.csv,True,/media/toor/SeagateClean/Bpod Local/Data/Mouse1637/LinearTrack/Session Data/Mouse1637_LinearTrack_20241006_124852.mat,1,/media/toor/SeagateClean/Mouse1637/Round3/Linear/2024-10-06T12_48_27/dlc_trim_info.csv,/media/toor/SeagateClean/Mouse1637/Round3/Linear/2024-10-06T12_48_27/Linear_behavior2024-10-06T12_48_27.avi,/media/toor/SeagateClean/Mouse1637/Round3/Linear/2024-10-06T12_48_27/dlc/2024-10-06_12-48-27_LinearTrack_lineartrack_trials.csv,/media/toor/SeagateClean/Mouse1637/Round3/Linear/2024-10-06T12_48_27/dlc/2024-10-06_12-48-27_LinearTrack_linearized_binned_trials_70nbins.csv,True,True
Mouse1637,Linear,2024-10-07T14_02_49,2024-10-07,pre2026-05,detect,aging,/media/toor/SeagateClean/Mouse1637/Round3/Linear/2024-10-07T14_02_49,/media/toor/SeagatePortableDrive/AGING_MICE/Mouse1637/ThirdRound/behavior2024-10-07T14_02_49.avi,/media/toor/SeagatePortableDrive/AGING_MICE/Mouse1637/ThirdRound/timestamps2024-10-07T14_02_49.csv,True,/media/toor/SeagateClean/Bpod Local/Data/Mouse1637/LinearTrack/Session Data/Mouse1637_LinearTrack_20241007_140253.mat,1,/media/toor/SeagateClean/Mouse1637/Round3/Linear/2024-10-07T14_02_49/dlc_trim_info.csv,/media/toor/SeagateClean/Mouse1637/Round3/Linear/2024-10-07T14_02_49/Linear_behavior2024-10-07T14_02_49.avi,/media/toor/SeagateClean/Mouse1637/Round3/Linear/2024-10-07T14_02_49/dlc/2024-10-07_14-02-49_LinearTrack_lineartrack_trials.csv,/media/toor/SeagateClean/Mouse1637/Round3/Linear/2024-10-07T14_02_49/dlc/2024-10-07_14-02-49_LinearTrack_linearized_binned_trials_70nbins.csv,True,True
Mouse1637,Linear,2024-10-08T13_45_20,2024-10-08,pre2026-05,detect,aging,/media/toor/SeagateClean/Mouse1637/Round3/Linear/2024-10-08T13_45_20,/media/toor/SeagatePortableDrive/AGING_MICE/Mouse1637/ThirdRound/behavior2024-10-08T13_45_20.avi,/media/toor/SeagatePortableDrive/AGING_MICE/Mouse1637/ThirdRound/timestamps2024-10-08T13_45_20.csv,True,/media/toor/SeagateClean/Bpod Local/Data/Mouse1637/LinearTrack/Session Data/Mouse1637_LinearTrack_20241008_134506.mat,1,/media/toor/SeagateClean/Mouse1637/Round3/Linear/2024-10-08T13_45_20/dlc_trim_info.csv,/media/toor/SeagateClean/Mouse1637/Round3/Linear/2024-10-08T13_45_20/Linear_behavior2024-10-08T13_45_20.avi,/media/toor/SeagateClean/Mouse1637/Round3/Linear/2024-10-08T13_45_20/dlc/2024-10-08_13-45-20_LinearTrack_lineartrack_trials.csv,/media/toor/SeagateClean/Mouse1637/Round3/Linear/2024-10-08T13_45_20/dlc/2024-10-08_13-45-20_LinearTrack_linearized_binned_trials_70nbins.csv,True,True
Mouse1637,Linear,2024-10-09T14_12_40,2024-10-09,pre2026-05,detect,aging,/media/toor/SeagateClean/Mouse1637/Round3/Linear/2024-10-09T14_12_40,/media/toor/SeagatePortableDrive/AGING_MICE/Mouse1637/ThirdRound/behavior2024-10-09T14_12_40.avi,/media/toor/SeagatePortableDrive/AGING_MICE/Mouse1637/ThirdRound/timestamps2024-10-09T14_12_40.csv,True,/media/toor/SeagateClean/Bpod Local/Data/Mouse1637/LinearTrack/Session Data/Mouse1637_LinearTrack_20241009_141252.mat,1,/media/toor/SeagateClean/Mouse1637/Round3/Linear/2024-10-09T14_12_40/dlc_trim_info.csv,/media/toor/SeagateClean/Mouse1637/Round3/Linear/2024-10-09T14_12_40/Linear_behavior2024-10-09T14_12_40.avi,/media/toor/SeagateClean/Mouse1637/Round3/Linear/2024-10-09T14_12_40/dlc/2024-10-09_14-12-40_LinearTrack_lineartrack_trials.csv,/media/toor/SeagateClean/Mouse1637/Round3/Linear/2024-10-09T14_12_40/dlc/2024-10-09_14-12-40_LinearTrack_linearized_binned_trials_70nbins.csv,True,True
Mouse1637,Linear,2024-10-10T12_58_46,2024-10-10,pre2026-05,detect,aging,/media/toor/SeagateClean/Mouse1637/Round3/Linear/2024-10-10T12_58_46,/media/toor/SeagatePortableDrive/AGING_MICE/Mouse1637/ThirdRound/behavior2024-10-10T12_58_46.avi,/media/toor/SeagatePortableDrive/AGING_MICE/Mouse1637/ThirdRound/timestamps2024-10-10T12_58_46.csv,True,/media/toor/SeagateClean/Bpod Local/Data/Mouse1637/LinearTrack/Session Data/Mouse1637_LinearTrack_20241010_125901.mat,1,/media/toor/SeagateClean/Mouse1637/Round3/Linear/2024-10-10T12_58_46/dlc_trim_info.csv,/media/toor/SeagateClean/Mouse1637/Round3/Linear/2024-10-10T12_58_46/Linear_behavior2024-10-10T12_58_46.avi,/media/toor/SeagateClean/Mouse1637/Round3/Linear/2024-10-10T12_58_46/dlc/2024-10-10_12-58-46_LinearTrack_lineartrack_trials.csv,/media/toor/SeagateClean/Mouse1637/Round3/Linear/2024-10-10T12_58_46/dlc/2024-10-10_12-58-46_LinearTrack_linearized_binned_trials_70nbins.csv,True,True
Mouse1637,Linear,2024-10-11T15_17_23,2024-10-11,pre2026-05,detect,aging,/media/toor/SeagateClean/Mouse1637/Round3/Linear/2024-10-11T15_17_23,/media/toor/SeagatePortableDrive/AGING_MICE/Mouse1637/ThirdRound/behavior2024-10-11T15_17_23.avi,/media/toor/SeagatePortableDrive/AGING_MICE/Mouse1637/ThirdRound/timestamps2024-10-11T15_17_23.csv,True,/media/toor/SeagateClean/Bpod Local/Data/Mouse1637/LinearTrack/Session Data/Mouse1637_LinearTrack_20241011_151735.mat,1,/media/toor/SeagateClean/Mouse1637/Round3/Linear/2024-10-11T15_17_23/dlc_trim_info.csv,/media/toor/SeagateClean/Mouse1637/Round3/Linear/2024-10-11T15_17_23/Linear_behavior2024-10-11T15_17_23.avi,/media/toor/SeagateClean/Mouse1637/Round3/Linear/2024-10-11T15_17_23/dlc/2024-10-11_15-17-23_LinearTrack_lineartrack_trials.csv,/media/toor/SeagateClean/Mouse1637/Round3/Linear/2024-10-11T15_17_23/dlc/2024-10-11_15-17-23_LinearTrack_linearized_binned_trials_70nbins.csv,True,True
Mouse1637,Linear,2024-10-12T14_58_08,2024-10-12,pre2026-05,detect,aging,/media/toor/SeagateClean/Mouse1637/Round3/Linear/2024-10-12T14_58_08,/media/toor/SeagatePortableDrive/AGING_MICE/Mouse1637/ThirdRound/behavior2024-10-12T14_58_08.avi,/media/toor/SeagatePortableDrive/AGING_MICE/Mouse1637/ThirdRound/timestamps2024-10-12T14_58_08.csv,True,/media/toor/SeagateClean/Bpod Local/Data/Mouse1637/LinearTrack/Session Data/Mouse1637_LinearTrack_20241012_145625.mat,1,/media/toor/SeagateClean/Mouse1637/Round3/Linear/2024-10-12T14_58_08/dlc_trim_info.csv,/media/toor/SeagateClean/Mouse1637/Round3/Linear/2024-10-12T14_58_08/Linear_behavior2024-10-12T14_58_08.avi,/media/toor/SeagateClean/Mouse1637/Round3/Linear/2024-10-12T14_58_08/dlc/2024-10-12_14-58-08_LinearTrack_lineartrack_trials.csv,/media/toor/SeagateClean/Mouse1637/Round3/Linear/2024-10-12T14_58_08/dlc/2024-10-12_14-58-08_LinearTrack_linearized_binned_trials_70nbins.csv,True,True
Mouse1637,Linear,2024-10-14T13_05_45,2024-10-14,pre2026-05,detect,aging,/media/toor/SeagateClean/Mouse1637/Round3/Linear/2024-10-14T13_05_45,/media/toor/SeagatePortableDrive/AGING_MICE/Mouse1637/ThirdRound/behavior2024-10-14T13_05_45.avi,/media/toor/SeagatePortableDrive/AGING_MICE/Mouse1637/ThirdRound/timestamps2024-10-14T13_05_45.csv,True,/media/toor/SeagateClean/Bpod Local/Data/Mouse1637/LinearTrack/Session Data/Mouse1637_LinearTrack_20241014_130554.mat,1,/media/toor/SeagateClean/Mouse1637/Round3/Linear/2024-10-14T13_05_45/dlc_trim_info.csv,/media/toor/SeagateClean/Mouse1637/Round3/Linear/2024-10-14T13_05_45/Linear_behavior2024-10-14T13_05_45.avi,/media/toor/SeagateClean/Mouse1637/Round3/Linear/2024-10-14T13_05_45/dlc/2024-10-14_13-05-45_LinearTrack_lineartrack_trials.csv,/media/toor/SeagateClean/Mouse1637/Round3/Linear/2024-10-14T13_05_45/dlc/2024-10-14_13-05-45_LinearTrack_linearized_binned_trials_70nbins.csv,True,True
Mouse1637,Linear,2024-10-15T14_43_02,2024-10-15,pre2026-05,detect,aging,/media/toor/SeagateClean/Mouse1637/Round3/Linear/2024-10-15T14_43_02,/media/toor/SeagatePortableDrive/AGING_MICE/Mouse1637/ThirdRound/behavior2024-10-15T14_43_02.avi,/media/toor/SeagatePortableDrive/AGING_MICE/Mouse1637/ThirdRound/timestamps2024-10-15T14_43_02.csv,True,/media/toor/SeagateClean/Bpod Local/Data/Mouse1637/LinearTrack/Session Data/Mouse1637_LinearTrack_20241015_144310.mat,1,/media/toor/SeagateClean/Mouse1637/Round3/Linear/2024-10-15T14_43_02/dlc_trim_info.csv,/media/toor/SeagateClean/Mouse1637/Round3/Linear/2024-10-15T14_43_02/Linear_behavior2024-10-15T14_43_02.avi,/media/toor/SeagateClean/Mouse1637/Round3/Linear/2024-10-15T14_43_02/dlc/2024-10-15_14-43-02_LinearTrack_lineartrack_trials.csv,/media/toor/SeagateClean/Mouse1637/Round3/Linear/2024-10-15T14_43_02/dlc/2024-10-15_14-43-02_LinearTrack_linearized_binned_trials_70nbins.csv,True,True
Mouse1637,Linear,2024-10-16T13_38_56,2024-10-16,pre2026-05,detect,aging,/media/toor/SeagateClean/Mouse1637/Round3/Linear/2024-10-16T13_38_56,/media/toor/SeagatePortableDrive/AGING_MICE/Mouse1637/ThirdRound/behavior2024-10-16T13_38_56.avi,/media/toor/SeagatePortableDrive/AGING_MICE/Mouse1637/ThirdRound/timestamps2024-10-16T13_38_56.csv,True,/media/toor/SeagateClean/Bpod Local/Data/Mouse1637/LinearTrack/Session Data/Mouse1637_LinearTrack_20241016_133905.mat,1,/media/toor/SeagateClean/Mouse1637/Round3/Linear/2024-10-16T13_38_56/dlc_trim_info.csv,/media/toor/SeagateClean/Mouse1637/Round3/Linear/2024-10-16T13_38_56/Linear_behavior2024-10-16T13_38_56.avi,/media/toor/SeagateClean/Mouse1637/Round3/Linear/2024-10-16T13_38_56/dlc/2024-10-16_13-38-56_LinearTrack_lineartrack_trials.csv,/media/toor/SeagateClean/Mouse1637/Round3/Linear/2024-10-16T13_38_56/dlc/2024-10-16_13-38-56_LinearTrack_linearized_binned_trials_70nbins.csv,True,True
Mouse1637,Linear,2024-10-17T15_02_01,2024-10-17,pre2026-05,detect,aging,/media/toor/SeagateClean/Mouse1637/Round3/Linear/2024-10-17T15_02_01,/media/toor/SeagatePortableDrive/AGING_MICE/Mouse1637/ThirdRound/behavior2024-10-17T15_02_01.avi,/media/toor/SeagatePortableDrive/AGING_MICE/Mouse1637/ThirdRound/timestamps2024-10-17T15_02_01.csv,True,/media/toor/SeagateClean/Bpod Local/Data/Mouse1637/LinearTrack/Session Data/Mouse1637_LinearTrack_20241017_150301.mat,1,/media/toor/SeagateClean/Mouse1637/Round3/Linear/2024-10-17T15_02_01/dlc_trim_info.csv,/media/toor/SeagateClean/Mouse1637/Round3/Linear/2024-10-17T15_02_01/Linear_behavior2024-10-17T15_02_01.avi,/media/toor/SeagateClean/Mouse1637/Round3/Linear/2024-10-17T15_02_01/dlc/2024-10-17_15-02-01_LinearTrack_lineartrack_trials.csv,/media/toor/SeagateClean/Mouse1637/Round3/Linear/2024-10-17T15_02_01/dlc/2024-10-17_15-02-01_LinearTrack_linearized_binned_trials_70nbins.csv,True,True
Mouse1637,Linear,2024-10-18T13_46_24,2024-10-18,pre2026-05,detect,aging,/media/toor/SeagateClean/Mouse1637/Round3/Linear/2024-10-18T13_46_24,/media/toor/SeagatePortableDrive/AGING_MICE/Mouse1637/ThirdRound/behavior2024-10-18T13_46_24.avi,/media/toor/SeagatePortableDrive/AGING_MICE/Mouse1637/ThirdRound/timestamps2024-10-18T13_46_24.csv,True,/media/toor/SeagateClean/Bpod Local/Data/Mouse1637/LinearTrack/Session Data/Mouse1637_LinearTrack_20241018_134636.mat,1,/media/toor/SeagateClean/Mouse1637/Round3/Linear/2024-10-18T13_46_24/dlc_trim_info.csv,/media/toor/SeagateClean/Mouse1637/Round3/Linear/2024-10-18T13_46_24/Linear_behavior2024-10-18T13_46_24.avi,/media/toor/SeagateClean/Mouse1637/Round3/Linear/2024-10-18T13_46_24/dlc/2024-10-18_13-46-24_LinearTrack_lineartrack_trials.csv,/media/toor/SeagateClean/Mouse1637/Round3/Linear/2024-10-18T13_46_24/dlc/2024-10-18_13-46-24_LinearTrack_linearized_binned_trials_70nbins.csv,True,True
Mouse1637,Linear,2024-10-19T16_09_05,2024-10-19,pre2026-05,detect,aging,/media/toor/SeagateClean/Mouse1637/Round3/Linear/2024-10-19T16_09_05,/media/toor/SeagatePortableDrive/AGING_MICE/Mouse1637/ThirdRound/behavior2024-10-19T16_09_05.avi,/media/toor/SeagatePortableDrive/AGING_MICE/Mouse1637/ThirdRound/timestamps2024-10-19T16_09_05.csv,True,/media/toor/SeagateClean/Bpod Local/Data/Mouse1637/LinearTrack/Session Data/Mouse1637_LinearTrack_20241019_160909.mat,1,/media/toor/SeagateClean/Mouse1637/Round3/Linear/2024-10-19T16_09_05/dlc_trim_info.csv,/media/toor/SeagateClean/Mouse1637/Round3/Linear/2024-10-19T16_09_05/Linear_behavior2024-10-19T16_09_05.avi,/media/toor/SeagateClean/Mouse1637/Round3/Linear/2024-10-19T16_09_05/dlc/2024-10-19_16-09-05_LinearTrack_lineartrack_trials.csv,/media/toor/SeagateClean/Mouse1637/Round3/Linear/2024-10-19T16_09_05/dlc/2024-10-19_16-09-05_LinearTrack_linearized_binned_trials_70nbins.csv,True,True
Mouse1637,Linear,2024-10-20T14_33_04,2024-10-20,pre2026-05,detect,aging,/media/toor/SeagateClean/Mouse1637/Round3/Linear/2024-10-20T14_33_04,/media/toor/SeagatePortableDrive/AGING_MICE/Mouse1637/ThirdRound/behavior2024-10-20T14_33_04.avi,/media/toor/SeagatePortableDrive/AGING_MICE/Mouse1637/ThirdRound/timestamps2024-10-20T14_33_04.csv,True,/media/toor/SeagateClean/Bpod Local/Data/Mouse1637/LinearTrack/Session Data/Mouse1637_LinearTrack_20241020_143311.mat,1,/media/toor/SeagateClean/Mouse1637/Round3/Linear/2024-10-20T14_33_04/dlc_trim_info.csv,/media/toor/SeagateClean/Mouse1637/Round3/Linear/2024-10-20T14_33_04/Linear_behavior2024-10-20T14_33_04.avi,/media/toor/SeagateClean/Mouse1637/Round3/Linear/2024-10-20T14_33_04/dlc/2024-10-20_14-33-04_LinearTrack_lineartrack_trials.csv,/media/toor/SeagateClean/Mouse1637/Round3/Linear/2024-10-20T14_33_04/dlc/2024-10-20_14-33-04_LinearTrack_linearized_binned_trials_70nbins.csv,True,True
Mouse1637,Linear,2024-10-21T15_00_44,2024-10-21,pre2026-05,detect,aging,/media/toor/SeagateClean/Mouse1637/Round3/Linear/2024-10-21T15_00_44,/media/toor/SeagatePortableDrive/AGING_MICE/Mouse1637/ThirdRound/behavior2024-10-21T15_00_44.avi,/media/toor/SeagatePortableDrive/AGING_MICE/Mouse1637/ThirdRound/timestamps2024-10-21T15_00_44.csv,True,/media/toor/SeagateClean/Bpod Local/Data/Mouse1637/LinearTrack/Session Data/Mouse1637_LinearTrack_20241021_150051.mat,1,/media/toor/SeagateClean/Mouse1637/Round3/Linear/2024-10-21T15_00_44/dlc_trim_info.csv,/media/toor/SeagateClean/Mouse1637/Round3/Linear/2024-10-21T15_00_44/Linear_behavior2024-10-21T15_00_44.avi,/media/toor/SeagateClean/Mouse1637/Round3/Linear/2024-10-21T15_00_44/dlc/2024-10-21_15-00-44_LinearTrack_lineartrack_trials.csv,/media/toor/SeagateClean/Mouse1637/Round3/Linear/2024-10-21T15_00_44/dlc/2024-10-21_15-00-44_LinearTrack_linearized_binned_trials_70nbins.csv,True,True
Mouse1637,Linear,2024-10-22T12_51_41,2024-10-22,pre2026-05,detect,aging,/media/toor/SeagateClean/Mouse1637/Round3/Linear/2024-10-22T12_51_41,/media/toor/SeagatePortableDrive/AGING_MICE/Mouse1637/ThirdRound/behavior2024-10-22T12_51_41.avi,/media/toor/SeagatePortableDrive/AGING_MICE/Mouse1637/ThirdRound/timestamps2024-10-22T12_51_41.csv,True,/media/toor/SeagateClean/Bpod Local/Data/Mouse1637/LinearTrack/Session Data/Mouse1637_LinearTrack_20241022_125148.mat,1,/media/toor/SeagateClean/Mouse1637/Round3/Linear/2024-10-22T12_51_41/dlc_trim_info.csv,/media/toor/SeagateClean/Mouse1637/Round3/Linear/2024-10-22T12_51_41/Linear_behavior2024-10-22T12_51_41.avi,/media/toor/SeagateClean/Mouse1637/Round3/Linear/2024-10-22T12_51_41/dlc/2024-10-22_12-51-41_LinearTrack_lineartrack_trials.csv,/media/toor/SeagateClean/Mouse1637/Round3/Linear/2024-10-22T12_51_41/dlc/2024-10-22_12-51-41_LinearTrack_linearized_binned_trials_70nbins.csv,True,True
Mouse1637,Linear,2024-10-23T13_53_18,2024-10-23,pre2026-05,detect,aging,/media/toor/SeagateClean/Mouse1637/Round3/Linear/2024-10-23T13_53_18,/media/toor/SeagatePortableDrive/AGING_MICE/Mouse1637/ThirdRound/behavior2024-10-23T13_53_18.avi,/media/toor/SeagatePortableDrive/AGING_MICE/Mouse1637/ThirdRound/timestamps2024-10-23T13_53_18.csv,True,/media/toor/SeagateClean/Bpod Local/Data/Mouse1637/LinearTrack/Session Data/Mouse1637_LinearTrack_20241023_135324.mat,1,/media/toor/SeagateClean/Mouse1637/Round3/Linear/2024-10-23T13_53_18/dlc_trim_info.csv,/media/toor/SeagateClean/Mouse1637/Round3/Linear/2024-10-23T13_53_18/Linear_behavior2024-10-23T13_53_18.avi,/media/toor/SeagateClean/Mouse1637/Round3/Linear/2024-10-23T13_53_18/dlc/2024-10-23_13-53-18_LinearTrack_lineartrack_trials.csv,/media/toor/SeagateClean/Mouse1637/Round3/Linear/2024-10-23T13_53_18/dlc/2024-10-23_13-53-18_LinearTrack_linearized_binned_trials_70nbins.csv,True,True
Mouse1637,Linear,2024-10-24T14_09_39,2024-10-24,pre2026-05,detect,aging,/media/toor/SeagateClean/Mouse1637/Round3/Linear/2024-10-24T14_09_39,/media/toor/SeagatePortableDrive/AGING_MICE/Mouse1637/ThirdRound/behavior2024-10-24T14_09_39.avi,/media/toor/SeagatePortableDrive/AGING_MICE/Mouse1637/ThirdRound/timestamps2024-10-24T14_09_39.csv,True,,0,/media/toor/SeagateClean/Mouse1637/Round3/Linear/2024-10-24T14_09_39/dlc_trim_info.csv,/media/toor/SeagateClean/Mouse1637/Round3/Linear/2024-10-24T14_09_39/Linear_behavior2024-10-24T14_09_39.avi,/media/toor/SeagateClean/Mouse1637/Round3/Linear/2024-10-24T14_09_39/dlc/2024-10-24_14-09-39_LinearTrack_lineartrack_trials.csv,/media/toor/SeagateClean/Mouse1637/Round3/Linear/2024-10-24T14_09_39/dlc/2024-10-24_14-09-39_LinearTrack_linearized_binned_trials_70nbins.csv,True,True
Mouse1637,Linear,2024-10-25T13_40_17,2024-10-25,pre2026-05,detect,aging,/media/toor/SeagateClean/Mouse1637/Round3/Linear/2024-10-25T13_40_17,/media/toor/SeagatePortableDrive/AGING_MICE/Mouse1637/ThirdRound/behavior2024-10-25T13_40_17.avi,/media/toor/SeagatePortableDrive/AGING_MICE/Mouse1637/ThirdRound/timestamps2024-10-25T13_40_17.csv,True,/media/toor/SeagateClean/Bpod Local/Data/Mouse1637/LinearTrack/Session Data/Mouse1637_LinearTrack_20241025_134028.mat,1,/media/toor/SeagateClean/Mouse1637/Round3/Linear/2024-10-25T13_40_17/dlc_trim_info.csv,/media/toor/SeagateClean/Mouse1637/Round3/Linear/2024-10-25T13_40_17/Linear_behavior2024-10-25T13_40_17.avi,/media/toor/SeagateClean/Mouse1637/Round3/Linear/2024-10-25T13_40_17/dlc/2024-10-25_13-40-17_LinearTrack_lineartrack_trials.csv,/media/toor/SeagateClean/Mouse1637/Round3/Linear/2024-10-25T13_40_17/dlc/2024-10-25_13-40-17_LinearTrack_linearized_binned_trials_70nbins.csv,True,True
Mouse1637,Linear,2024-10-26T13_14_59,2024-10-26,pre2026-05,detect,aging,/media/toor/SeagateClean/Mouse1637/Round3/Linear/2024-10-26T13_14_59,/media/toor/SeagatePortableDrive/AGING_MICE/Mouse1637/ThirdRound/behavior2024-10-26T13_14_59.avi,/media/toor/SeagatePortableDrive/AGING_MICE/Mouse1637/ThirdRound/timestamps2024-10-26T13_14_59.csv,True,/media/toor/SeagateClean/Bpod Local/Data/Mouse1637/LinearTrack/Session Data/Mouse1637_LinearTrack_20241026_131311.mat,1,/media/toor/SeagateClean/Mouse1637/Round3/Linear/2024-10-26T13_14_59/dlc_trim_info.csv,/media/toor/SeagateClean/Mouse1637/Round3/Linear/2024-10-26T13_14_59/Linear_behavior2024-10-26T13_14_59.avi,/media/toor/SeagateClean/Mouse1637/Round3/Linear/2024-10-26T13_14_59/dlc/2024-10-26_13-14-59_LinearTrack_lineartrack_trials.csv,/media/toor/SeagateClean/Mouse1637/Round3/Linear/2024-10-26T13_14_59/dlc/2024-10-26_13-14-59_LinearTrack_linearized_binned_trials_70nbins.csv,True,True
Mouse1637,Linear,2024-10-27T15_22_15,2024-10-27,pre2026-05,detect,aging,/media/toor/SeagateClean/Mouse1637/Round3/Linear/2024-10-27T15_22_15,/media/toor/SeagatePortableDrive/AGING_MICE/Mouse1637/ThirdRound/behavior2024-10-27T15_22_15.avi,/media/toor/SeagatePortableDrive/AGING_MICE/Mouse1637/ThirdRound/timestamps2024-10-27T15_22_15.csv,True,/media/toor/SeagateClean/Bpod Local/Data/Mouse1637/LinearTrack/Session Data/Mouse1637_LinearTrack_20241027_152219.mat,1,/media/toor/SeagateClean/Mouse1637/Round3/Linear/2024-10-27T15_22_15/dlc_trim_info.csv,/media/toor/SeagateClean/Mouse1637/Round3/Linear/2024-10-27T15_22_15/Linear_behavior2024-10-27T15_22_15.avi,/media/toor/SeagateClean/Mouse1637/Round3/Linear/2024-10-27T15_22_15/dlc/2024-10-27_15-22-15_LinearTrack_lineartrack_trials.csv,/media/toor/SeagateClean/Mouse1637/Round3/Linear/2024-10-27T15_22_15/dlc/2024-10-27_15-22-15_LinearTrack_linearized_binned_trials_70nbins.csv,True,True
Mouse1637,Linear,2024-10-28T14_54_19,2024-10-28,pre2026-05,detect,aging,/media/toor/SeagateClean/Mouse1637/Round3/Linear/2024-10-28T14_54_19,/media/toor/SeagatePortableDrive/AGING_MICE/Mouse1637/ThirdRound/behavior2024-10-28T14_54_19.avi,/media/toor/SeagatePortableDrive/AGING_MICE/Mouse1637/ThirdRound/timestamps2024-10-28T14_54_19.csv,True,/media/toor/SeagateClean/Bpod Local/Data/Mouse1637/LinearTrack/Session Data/Mouse1637_LinearTrack_20241028_145431.mat,1,/media/toor/SeagateClean/Mouse1637/Round3/Linear/2024-10-28T14_54_19/dlc_trim_info.csv,/media/toor/SeagateClean/Mouse1637/Round3/Linear/2024-10-28T14_54_19/Linear_behavior2024-10-28T14_54_19.avi,/media/toor/SeagateClean/Mouse1637/Round3/Linear/2024-10-28T14_54_19/dlc/2024-10-28_14-54-19_LinearTrack_lineartrack_trials.csv,/media/toor/SeagateClean/Mouse1637/Round3/Linear/2024-10-28T14_54_19/dlc/2024-10-28_14-54-19_LinearTrack_linearized_binned_trials_70nbins.csv,True,True
Mouse1637,Linear,2024-10-29T15_19_08,2024-10-29,pre2026-05,detect,aging,/media/toor/SeagateClean/Mouse1637/Round3/Linear/2024-10-29T15_19_08,/media/toor/SeagatePortableDrive/AGING_MICE/Mouse1637/ThirdRound/behavior2024-10-29T15_19_08.avi,/media/toor/SeagatePortableDrive/AGING_MICE/Mouse1637/ThirdRound/timestamps2024-10-29T15_19_08.csv,True,/media/toor/SeagateClean/Bpod Local/Data/Mouse1637/LinearTrack/Session Data/Mouse1637_LinearTrack_20241029_151904.mat,1,/media/toor/SeagateClean/Mouse1637/Round3/Linear/2024-10-29T15_19_08/dlc_trim_info.csv,/media/toor/SeagateClean/Mouse1637/Round3/Linear/2024-10-29T15_19_08/Linear_behavior2024-10-29T15_19_08.avi,/media/toor/SeagateClean/Mouse1637/Round3/Linear/2024-10-29T15_19_08/dlc/2024-10-29_15-19-08_LinearTrack_lineartrack_trials.csv,/media/toor/SeagateClean/Mouse1637/Round3/Linear/2024-10-29T15_19_08/dlc/2024-10-29_15-19-08_LinearTrack_linearized_binned_trials_70nbins.csv,True,True
Mouse1637,Linear,2024-10-30T14_36_05,2024-10-30,pre2026-05,detect,aging,/media/toor/SeagateClean/Mouse1637/Round3/Linear/2024-10-30T14_36_05,/media/toor/SeagatePortableDrive/AGING_MICE/Mouse1637/ThirdRound/behavior2024-10-30T14_36_05.avi,/media/toor/SeagatePortableDrive/AGING_MICE/Mouse1637/ThirdRound/timestamps2024-10-30T14_36_05.csv,True,/media/toor/SeagateClean/Bpod Local/Data/Mouse1637/LinearTrack/Session Data/Mouse1637_LinearTrack_20241030_143504.mat,1,/media/toor/SeagateClean/Mouse1637/Round3/Linear/2024-10-30T14_36_05/dlc_trim_info.csv,/media/toor/SeagateClean/Mouse1637/Round3/Linear/2024-10-30T14_36_05/Linear_behavior2024-10-30T14_36_05.avi,/media/toor/SeagateClean/Mouse1637/Round3/Linear/2024-10-30T14_36_05/dlc/2024-10-30_14-36-05_LinearTrack_lineartrack_trials.csv,/media/toor/SeagateClean/Mouse1637/Round3/Linear/2024-10-30T14_36_05/dlc/2024-10-30_14-36-05_LinearTrack_linearized_binned_trials_70nbins.csv,True,True
Mouse1637,Linear,2024-10-31T13_40_30,2024-10-31,pre2026-05,detect,aging,/media/toor/SeagateClean/Mouse1637/Round3.5/Linear/2024-10-31T13_40_30,/media/toor/SeagatePortableDrive/AGING_MICE/Mouse1637/Round3.5/behavior2024-10-31T13_40_30.avi,/media/toor/SeagatePortableDrive/AGING_MICE/Mouse1637/Round3.5/timestamps2024-10-31T13_40_30.csv,True,/media/toor/SeagateClean/Bpod Local/Data/Mouse1637/LinearTrack/Session Data/Mouse1637_LinearTrack_20241031_134557.mat,1,/media/toor/SeagateClean/Mouse1637/Round3.5/Linear/2024-10-31T13_40_30/dlc_trim_info.csv,/media/toor/SeagateClean/Mouse1637/Round3.5/Linear/2024-10-31T13_40_30/Linear_behavior2024-10-31T13_40_30.avi,,,True,False
Mouse1637,Linear,2024-11-01T13_08_11,2024-11-01,pre2026-05,detect,aging,/media/toor/SeagateClean/Mouse1637/Round3.5/Linear/2024-11-01T13_08_11,/media/toor/SeagatePortableDrive/AGING_MICE/Mouse1637/Round3.5/behavior2024-11-01T13_08_11.avi,/media/toor/SeagatePortableDrive/AGING_MICE/Mouse1637/Round3.5/timestamps2024-11-01T13_08_11.csv,True,/media/toor/SeagateClean/Bpod Local/Data/Mouse1637/LinearTrack/Session Data/Mouse1637_LinearTrack_20241101_131349.mat,1,/media/toor/SeagateClean/Mouse1637/Round3.5/Linear/2024-11-01T13_08_11/dlc_trim_info.csv,/media/toor/SeagateClean/Mouse1637/Round3.5/Linear/2024-11-01T13_08_11/Linear_behavior2024-11-01T13_08_11.avi,,,True,False
Mouse1637,Linear,2024-11-02T13_06_59,2024-11-02,pre2026-05,detect,aging,/media/toor/SeagateClean/Mouse1637/Round3.5/Linear/2024-11-02T13_06_59,/media/toor/SeagatePortableDrive/AGING_MICE/Mouse1637/Round3.5/behavior2024-11-02T13_06_59.avi,/media/toor/SeagatePortableDrive/AGING_MICE/Mouse1637/Round3.5/timestamps2024-11-02T13_06_59.csv,True,/media/toor/SeagateClean/Bpod Local/Data/Mouse1637/LinearTrack/Session Data/Mouse1637_LinearTrack_20241102_131139.mat,1,/media/toor/SeagateClean/Mouse1637/Round3.5/Linear/2024-11-02T13_06_59/dlc_trim_info.csv,/media/toor/SeagateClean/Mouse1637/Round3.5/Linear/2024-11-02T13_06_59/Linear_behavior2024-11-02T13_06_59.avi,,,True,False
Mouse1637,Linear,2024-11-03T13_10_29,2024-11-03,pre2026-05,detect,aging,/media/toor/SeagateClean/Mouse1637/Round3.5/Linear/2024-11-03T13_10_29,/media/toor/SeagatePortableDrive/AGING_MICE/Mouse1637/Round3.5/behavior2024-11-03T13_10_29.avi,/media/toor/SeagatePortableDrive/AGING_MICE/Mouse1637/Round3.5/timestamps2024-11-03T13_10_29.csv,True,/media/toor/SeagateClean/Bpod Local/Data/Mouse1637/LinearTrack/Session Data/Mouse1637_LinearTrack_20241103_131801.mat,1,/media/toor/SeagateClean/Mouse1637/Round3.5/Linear/2024-11-03T13_10_29/dlc_trim_info.csv,/media/toor/SeagateClean/Mouse1637/Round3.5/Linear/2024-11-03T13_10_29/Linear_behavior2024-11-03T13_10_29.avi,,,True,False
Mouse1637,Linear,2024-11-04T14_19_30,2024-11-04,pre2026-05,detect,aging,/media/toor/SeagateClean/Mouse1637/Round3.5/Linear/2024-11-04T14_19_30,/media/toor/SeagatePortableDrive/AGING_MICE/Mouse1637/Round3.5/behavior2024-11-04T14_19_30.avi,/media/toor/SeagatePortableDrive/AGING_MICE/Mouse1637/Round3.5/timestamps2024-11-04T14_19_30.csv,True,/media/toor/SeagateClean/Bpod Local/Data/Mouse1637/LinearTrack/Session Data/Mouse1637_LinearTrack_20241104_142512.mat,2,/media/toor/SeagateClean/Mouse1637/Round3.5/Linear/2024-11-04T14_19_30/dlc_trim_info.csv,/media/toor/SeagateClean/Mouse1637/Round3.5/Linear/2024-11-04T14_19_30/Linear_behavior2024-11-04T14_19_30.avi,,,True,False
Mouse1637,Linear,2024-11-05T14_39_19,2024-11-05,pre2026-05,detect,aging,/media/toor/SeagateClean/Mouse1637/Round3.5/Linear/2024-11-05T14_39_19,/media/toor/SeagatePortableDrive/AGING_MICE/Mouse1637/Round3.5/behavior2024-11-05T14_39_19.avi,/media/toor/SeagatePortableDrive/AGING_MICE/Mouse1637/Round3.5/timestamps2024-11-05T14_39_19.csv,True,/media/toor/SeagateClean/Bpod Local/Data/Mouse1637/LinearTrack/Session Data/Mouse1637_LinearTrack_20241105_143809.mat,1,/media/toor/SeagateClean/Mouse1637/Round3.5/Linear/2024-11-05T14_39_19/dlc_trim_info.csv,/media/toor/SeagateClean/Mouse1637/Round3.5/Linear/2024-11-05T14_39_19/Linear_behavior2024-11-05T14_39_19.avi,,,True,False
Mouse1637,Linear,2024-11-06T14_59_26,2024-11-06,pre2026-05,detect,aging,/media/toor/SeagateClean/Mouse1637/Round3.5/Linear/2024-11-06T14_59_26,/media/toor/SeagatePortableDrive/AGING_MICE/Mouse1637/Round3.5/behavior2024-11-06T14_59_26.avi,/media/toor/SeagatePortableDrive/AGING_MICE/Mouse1637/Round3.5/timestamps2024-11-06T14_59_26.csv,True,/media/toor/SeagateClean/Bpod Local/Data/Mouse1637/LinearTrack/Session Data/Mouse1637_LinearTrack_20241106_145837.mat,1,/media/toor/SeagateClean/Mouse1637/Round3.5/Linear/2024-11-06T14_59_26/dlc_trim_info.csv,/media/toor/SeagateClean/Mouse1637/Round3.5/Linear/2024-11-06T14_59_26/Linear_behavior2024-11-06T14_59_26.avi,,,True,False
Mouse1637,Linear,2024-11-07T14_12_14,2024-11-07,pre2026-05,detect,aging,/media/toor/SeagateClean/Mouse1637/Round3.5/Linear/2024-11-07T14_12_14,/media/toor/SeagatePortableDrive/AGING_MICE/Mouse1637/Round3.5/behavior2024-11-07T14_12_14.avi,/media/toor/SeagatePortableDrive/AGING_MICE/Mouse1637/Round3.5/timestamps2024-11-07T14_12_14.csv,True,/media/toor/SeagateClean/Bpod Local/Data/Mouse1637/LinearTrack/Session Data/Mouse1637_LinearTrack_20241107_141041.mat,1,/media/toor/SeagateClean/Mouse1637/Round3.5/Linear/2024-11-07T14_12_14/dlc_trim_info.csv,/media/toor/SeagateClean/Mouse1637/Round3.5/Linear/2024-11-07T14_12_14/Linear_behavior2024-11-07T14_12_14.avi,,,True,False
Mouse1637,Linear,2024-11-08T14_14_47,2024-11-08,pre2026-05,detect,aging,/media/toor/SeagateClean/Mouse1637/Round3.5/Linear/2024-11-08T14_14_47,/media/toor/SeagatePortableDrive/AGING_MICE/Mouse1637/Round3.5/behavior2024-11-08T14_14_47.avi,/media/toor/SeagatePortableDrive/AGING_MICE/Mouse1637/Round3.5/timestamps2024-11-08T14_14_47.csv,True,/media/toor/SeagateClean/Bpod Local/Data/Mouse1637/LinearTrack/Session Data/Mouse1637_LinearTrack_20241108_141747.mat,1,/media/toor/SeagateClean/Mouse1637/Round3.5/Linear/2024-11-08T14_14_47/dlc_trim_info.csv,/media/toor/SeagateClean/Mouse1637/Round3.5/Linear/2024-11-08T14_14_47/Linear_behavior2024-11-08T14_14_47.avi,,,True,False
Mouse1637,Linear,2024-11-09T14_30_28,2024-11-09,pre2026-05,detect,aging,/media/toor/SeagateClean/Mouse1637/Round3.5/Linear/2024-11-09T14_30_28,/media/toor/SeagatePortableDrive/AGING_MICE/Mouse1637/Round3.5/behavior2024-11-09T14_30_28.avi,/media/toor/SeagatePortableDrive/AGING_MICE/Mouse1637/Round3.5/timestamps2024-11-09T14_30_28.csv,True,/media/toor/SeagateClean/Bpod Local/Data/Mouse1637/LinearTrack/Session Data/Mouse1637_LinearTrack_20241109_143125.mat,1,/media/toor/SeagateClean/Mouse1637/Round3.5/Linear/2024-11-09T14_30_28/dlc_trim_info.csv,/media/toor/SeagateClean/Mouse1637/Round3.5/Linear/2024-11-09T14_30_28/Linear_behavior2024-11-09T14_30_28.avi,,,True,False
Mouse1637,Linear,2024-11-10T14_57_58,2024-11-10,pre2026-05,detect,aging,/media/toor/SeagateClean/Mouse1637/Round3.5/Linear/2024-11-10T14_57_58,/media/toor/SeagatePortableDrive/AGING_MICE/Mouse1637/Round3.5/behavior2024-11-10T14_57_58.avi,/media/toor/SeagatePortableDrive/AGING_MICE/Mouse1637/Round3.5/timestamps2024-11-10T14_57_58.csv,True,/media/toor/SeagateClean/Bpod Local/Data/Mouse1637/LinearTrack/Session Data/Mouse1637_LinearTrack_20241110_150311.mat,1,/media/toor/SeagateClean/Mouse1637/Round3.5/Linear/2024-11-10T14_57_58/dlc_trim_info.csv,/media/toor/SeagateClean/Mouse1637/Round3.5/Linear/2024-11-10T14_57_58/Linear_behavior2024-11-10T14_57_58.avi,,,True,False
Mouse1637,Linear,2024-11-11T14_09_51,2024-11-11,pre2026-05,detect,aging,/media/toor/SeagateClean/Mouse1637/Round3.5/Linear/2024-11-11T14_09_51,/media/toor/SeagatePortableDrive/AGING_MICE/Mouse1637/Round3.5/behavior2024-11-11T14_09_51.avi,/media/toor/SeagatePortableDrive/AGING_MICE/Mouse1637/Round3.5/timestamps2024-11-11T14_09_51.csv,True,/media/toor/SeagateClean/Bpod Local/Data/Mouse1637/LinearTrack/Session Data/Mouse1637_LinearTrack_20241111_141525.mat,1,/media/toor/SeagateClean/Mouse1637/Round3.5/Linear/2024-11-11T14_09_51/dlc_trim_info.csv,/media/toor/SeagateClean/Mouse1637/Round3.5/Linear/2024-11-11T14_09_51/Linear_behavior2024-11-11T14_09_51.avi,,,True,False
Mouse1637,Linear,2024-11-12T11_52_38,2024-11-12,pre2026-05,detect,aging,/media/toor/SeagateClean/Mouse1637/Round3.5/Linear/2024-11-12T11_52_38,/media/toor/SeagatePortableDrive/AGING_MICE/Mouse1637/Round3.5/behavior2024-11-12T11_52_38.avi,/media/toor/SeagatePortableDrive/AGING_MICE/Mouse1637/Round3.5/timestamps2024-11-12T11_52_38.csv,True,/media/toor/SeagateClean/Bpod Local/Data/Mouse1637/LinearTrack/Session Data/Mouse1637_LinearTrack_20241112_115810.mat,1,/media/toor/SeagateClean/Mouse1637/Round3.5/Linear/2024-11-12T11_52_38/dlc_trim_info.csv,/media/toor/SeagateClean/Mouse1637/Round3.5/Linear/2024-11-12T11_52_38/Linear_behavior2024-11-12T11_52_38.avi,,,True,False
Mouse1637,Linear,2024-11-13T13_14_55,2024-11-13,pre2026-05,detect,aging,/media/toor/SeagateClean/Mouse1637/Round3.5/Linear/2024-11-13T13_14_55,/media/toor/SeagatePortableDrive/AGING_MICE/Mouse1637/Round3.5/behavior2024-11-13T13_14_55.avi,/media/toor/SeagatePortableDrive/AGING_MICE/Mouse1637/Round3.5/timestamps2024-11-13T13_14_55.csv,True,/media/toor/SeagateClean/Bpod Local/Data/Mouse1637/LinearTrack/Session Data/Mouse1637_LinearTrack_20241113_132023.mat,1,/media/toor/SeagateClean/Mouse1637/Round3.5/Linear/2024-11-13T13_14_55/dlc_trim_info.csv,/media/toor/SeagateClean/Mouse1637/Round3.5/Linear/2024-11-13T13_14_55/Linear_behavior2024-11-13T13_14_55.avi,,,True,False
Mouse1637,TMaze,2024-06-10T17_53_09,2024-06-10,aging2024,align,aging,/media/toor/SeagateClean/Mouse1637/Round1.5/TMaze/2024-06-10T17_53_09,/media/toor/SeagatePortableDrive/AgingMiceNWB/sub-Mouse1637/Round1.5/TMaze/ses-20240610T175309/behavior2024-06-10T17_53_09.avi,/media/toor/SeagatePortableDrive/AgingMiceNWB/sub-Mouse1637/Round1.5/TMaze/ses-20240610T175309/timestamps2024-06-10T17_53_09.csv,True,/media/toor/SeagateClean/Bpod Local/Data/Mouse1637/TMaze2/Session Data/Mouse1637_TMaze2_20240610_175950.mat,1,/media/toor/SeagateClean/Mouse1637/Round1.5/TMaze/2024-06-10T17_53_09/dlc_trim_info.csv,/media/toor/SeagateClean/Mouse1637/Round1.5/TMaze/2024-06-10T17_53_09/TMaze_behavior2024-06-10T17_53_09.avi,/media/toor/SeagateClean/Mouse1637/Round1.5/TMaze/2024-06-10T17_53_09/dlc/2024-06-10_17-53-09_TMaze_trials.csv,/media/toor/SeagateClean/Mouse1637/Round1.5/TMaze/2024-06-10T17_53_09/dlc/2024-06-10_17-53-09_TMaze_TMaze_linearized_binned_trials_70nbins.csv,True,True
Mouse1637,TMaze,2024-06-11T14_04_49,2024-06-11,aging2024,align,aging,/media/toor/SeagateClean/Mouse1637/Round1.5/TMaze/2024-06-11T14_04_49,/media/toor/SeagatePortableDrive/AgingMiceNWB/sub-Mouse1637/Round1.5/TMaze/ses-20240611T140449/behavior2024-06-11T14_04_49.avi,/media/toor/SeagatePortableDrive/AgingMiceNWB/sub-Mouse1637/Round1.5/TMaze/ses-20240611T140449/timestamps2024-06-11T14_04_49.csv,True,/media/toor/SeagateClean/Bpod Local/Data/Mouse1637/TMaze2/Session Data/Mouse1637_TMaze2_20240611_141112.mat,1,/media/toor/SeagateClean/Mouse1637/Round1.5/TMaze/2024-06-11T14_04_49/dlc_trim_info.csv,/media/toor/SeagateClean/Mouse1637/Round1.5/TMaze/2024-06-11T14_04_49/TMaze_behavior2024-06-11T14_04_49.avi,/media/toor/SeagateClean/Mouse1637/Round1.5/TMaze/2024-06-11T14_04_49/dlc/2024-06-11_14-04-49_TMaze_trials.csv,/media/toor/SeagateClean/Mouse1637/Round1.5/TMaze/2024-06-11T14_04_49/dlc/2024-06-11_14-04-49_TMaze_TMaze_linearized_binned_trials_70nbins.csv,True,True
Mouse1637,TMaze,2024-06-12T13_05_34,2024-06-12,aging2024,align,aging,/media/toor/SeagateClean/Mouse1637/Round1.5/TMaze/2024-06-12T13_05_34,/media/toor/SeagatePortableDrive/AgingMiceNWB/sub-Mouse1637/Round1.5/TMaze/ses-20240612T130534/behavior2024-06-12T13_05_34.avi,/media/toor/SeagatePortableDrive/AgingMiceNWB/sub-Mouse1637/Round1.5/TMaze/ses-20240612T130534/timestamps2024-06-12T13_05_34.csv,True,/media/toor/SeagateClean/Bpod Local/Data/Mouse1637/TMaze2/Session Data/Mouse1637_TMaze2_20240612_131151.mat,1,/media/toor/SeagateClean/Mouse1637/Round1.5/TMaze/2024-06-12T13_05_34/dlc_trim_info.csv,/media/toor/SeagateClean/Mouse1637/Round1.5/TMaze/2024-06-12T13_05_34/TMaze_behavior2024-06-12T13_05_34.avi,/media/toor/SeagateClean/Mouse1637/Round1.5/TMaze/2024-06-12T13_05_34/dlc/2024-06-12_13-05-34_TMaze_trials.csv,/media/toor/SeagateClean/Mouse1637/Round1.5/TMaze/2024-06-12T13_05_34/dlc/2024-06-12_13-05-34_TMaze_TMaze_linearized_binned_trials_70nbins.csv,True,True
Mouse1637,TMaze,2024-06-13T15_32_54,2024-06-13,aging2024,align,aging,/media/toor/SeagateClean/Mouse1637/Round1.5/TMaze/2024-06-13T15_32_54,/media/toor/SeagatePortableDrive/AgingMiceNWB/sub-Mouse1637/Round1.5/TMaze/ses-20240613T153254/behavior2024-06-13T15_32_54.avi,/media/toor/SeagatePortableDrive/AgingMiceNWB/sub-Mouse1637/Round1.5/TMaze/ses-20240613T153254/timestamps2024-06-13T15_32_54.csv,True,/media/toor/SeagateClean/Bpod Local/Data/Mouse1637/TMaze2/Session Data/Mouse1637_TMaze2_20240613_153945.mat,1,/media/toor/SeagateClean/Mouse1637/Round1.5/TMaze/2024-06-13T15_32_54/dlc_trim_info.csv,/media/toor/SeagateClean/Mouse1637/Round1.5/TMaze/2024-06-13T15_32_54/TMaze_behavior2024-06-13T15_32_54.avi,/media/toor/SeagateClean/Mouse1637/Round1.5/TMaze/2024-06-13T15_32_54/dlc/2024-06-13_15-32-54_TMaze_trials.csv,/media/toor/SeagateClean/Mouse1637/Round1.5/TMaze/2024-06-13T15_32_54/dlc/2024-06-13_15-32-54_TMaze_TMaze_linearized_binned_trials_70nbins.csv,True,True
Mouse1637,TMaze,2024-06-14T17_19_31,2024-06-14,aging2024,align,aging,/media/toor/SeagateClean/Mouse1637/Round1.5/TMaze/2024-06-14T17_19_31,/media/toor/SeagatePortableDrive/AgingMiceNWB/sub-Mouse1637/Round1.5/TMaze/ses-20240614T171931/behavior2024-06-14T17_19_31.avi,/media/toor/SeagatePortableDrive/AgingMiceNWB/sub-Mouse1637/Round1.5/TMaze/ses-20240614T171931/timestamps2024-06-14T17_19_31.csv,True,/media/toor/SeagateClean/Bpod Local/Data/Mouse1637/TMaze2/Session Data/Mouse1637_TMaze2_20240614_172509.mat,1,/media/toor/SeagateClean/Mouse1637/Round1.5/TMaze/2024-06-14T17_19_31/dlc_trim_info.csv,/media/toor/SeagateClean/Mouse1637/Round1.5/TMaze/2024-06-14T17_19_31/TMaze_behavior2024-06-14T17_19_31.avi,/media/toor/SeagateClean/Mouse1637/Round1.5/TMaze/2024-06-14T17_19_31/dlc/2024-06-14_17-19-31_TMaze_trials.csv,/media/toor/SeagateClean/Mouse1637/Round1.5/TMaze/2024-06-14T17_19_31/dlc/2024-06-14_17-19-31_TMaze_TMaze_linearized_binned_trials_70nbins.csv,True,True
Mouse1637,TMaze,2024-06-15T14_59_45,2024-06-15,aging2024,align,aging,/media/toor/SeagateClean/Mouse1637/Round1.5/TMaze/2024-06-15T14_59_45,/media/toor/SeagatePortableDrive/AgingMiceNWB/sub-Mouse1637/Round1.5/TMaze/ses-20240615T145945/behavior2024-06-15T14_59_45.avi,/media/toor/SeagatePortableDrive/AgingMiceNWB/sub-Mouse1637/Round1.5/TMaze/ses-20240615T145945/timestamps2024-06-15T14_59_45.csv,True,/media/toor/SeagateClean/Bpod Local/Data/Mouse1637/TMaze2/Session Data/Mouse1637_TMaze2_20240615_150622.mat,1,/media/toor/SeagateClean/Mouse1637/Round1.5/TMaze/2024-06-15T14_59_45/dlc_trim_info.csv,/media/toor/SeagateClean/Mouse1637/Round1.5/TMaze/2024-06-15T14_59_45/TMaze_behavior2024-06-15T14_59_45.avi,/media/toor/SeagateClean/Mouse1637/Round1.5/TMaze/2024-06-15T14_59_45/dlc/2024-06-15_14-59-45_TMaze_trials.csv,/media/toor/SeagateClean/Mouse1637/Round1.5/TMaze/2024-06-15T14_59_45/dlc/2024-06-15_14-59-45_TMaze_TMaze_linearized_binned_trials_70nbins.csv,True,True
Mouse1637,TMaze,2024-06-16T09_47_26,2024-06-16,aging2024,align,aging,/media/toor/SeagateClean/Mouse1637/Round1.5/TMaze/2024-06-16T09_47_26,/media/toor/SeagatePortableDrive/AgingMiceNWB/sub-Mouse1637/Round1.5/TMaze/ses-20240616T094726/behavior2024-06-16T09_47_26.avi,/media/toor/SeagatePortableDrive/AgingMiceNWB/sub-Mouse1637/Round1.5/TMaze/ses-20240616T094726/timestamps2024-06-16T09_47_26.csv,True,/media/toor/SeagateClean/Bpod Local/Data/Mouse1637/TMaze2/Session Data/Mouse1637_TMaze2_20240616_095233.mat,1,/media/toor/SeagateClean/Mouse1637/Round1.5/TMaze/2024-06-16T09_47_26/dlc_trim_info.csv,/media/toor/SeagateClean/Mouse1637/Round1.5/TMaze/2024-06-16T09_47_26/TMaze_behavior2024-06-16T09_47_26.avi,/media/toor/SeagateClean/Mouse1637/Round1.5/TMaze/2024-06-16T09_47_26/dlc/2024-06-16_09-47-26_TMaze_trials.csv,/media/toor/SeagateClean/Mouse1637/Round1.5/TMaze/2024-06-16T09_47_26/dlc/2024-06-16_09-47-26_TMaze_TMaze_linearized_binned_trials_70nbins.csv,True,True
Mouse1637,TMaze,2024-06-17T17_20_01,2024-06-17,aging2024,align,aging,/media/toor/SeagateClean/Mouse1637/Round1.5/TMaze/2024-06-17T17_20_01,/media/toor/SeagatePortableDrive/AgingMiceNWB/sub-Mouse1637/Round1.5/TMaze/ses-20240617T172001/behavior2024-06-17T17_20_01.avi,/media/toor/SeagatePortableDrive/AgingMiceNWB/sub-Mouse1637/Round1.5/TMaze/ses-20240617T172001/timestamps2024-06-17T17_20_01.csv,True,/media/toor/SeagateClean/Bpod Local/Data/Mouse1637/TMaze2/Session Data/Mouse1637_TMaze2_20240617_172525.mat,1,/media/toor/SeagateClean/Mouse1637/Round1.5/TMaze/2024-06-17T17_20_01/dlc_trim_info.csv,/media/toor/SeagateClean/Mouse1637/Round1.5/TMaze/2024-06-17T17_20_01/TMaze_behavior2024-06-17T17_20_01.avi,/media/toor/SeagateClean/Mouse1637/Round1.5/TMaze/2024-06-17T17_20_01/dlc/2024-06-17_17-20-01_TMaze_trials.csv,/media/toor/SeagateClean/Mouse1637/Round1.5/TMaze/2024-06-17T17_20_01/dlc/2024-06-17_17-20-01_TMaze_TMaze_linearized_binned_trials_70nbins.csv,True,True
Mouse1637,TMaze,2024-06-18T15_31_59,2024-06-18,aging2024,align,aging,/media/toor/SeagateClean/Mouse1637/Round1.5/TMaze/2024-06-18T15_31_59,/media/toor/SeagatePortableDrive/AgingMiceNWB/sub-Mouse1637/Round1.5/TMaze/ses-20240618T153159/behavior2024-06-18T15_31_59.avi,/media/toor/SeagatePortableDrive/AgingMiceNWB/sub-Mouse1637/Round1.5/TMaze/ses-20240618T153159/timestamps2024-06-18T15_31_59.csv,True,/media/toor/SeagateClean/Bpod Local/Data/Mouse1637/TMaze2/Session Data/Mouse1637_TMaze2_20240618_153826.mat,1,/media/toor/SeagateClean/Mouse1637/Round1.5/TMaze/2024-06-18T15_31_59/dlc_trim_info.csv,/media/toor/SeagateClean/Mouse1637/Round1.5/TMaze/2024-06-18T15_31_59/TMaze_behavior2024-06-18T15_31_59.avi,/media/toor/SeagateClean/Mouse1637/Round1.5/TMaze/2024-06-18T15_31_59/dlc/2024-06-18_15-31-59_TMaze_trials.csv,/media/toor/SeagateClean/Mouse1637/Round1.5/TMaze/2024-06-18T15_31_59/dlc/2024-06-18_15-31-59_TMaze_TMaze_linearized_binned_trials_70nbins.csv,True,True
Mouse1637,TMaze,2024-06-19T10_16_49,2024-06-19,aging2024,align,aging,/media/toor/SeagateClean/Mouse1637/Round1.5/TMaze/2024-06-19T10_16_49,/media/toor/SeagatePortableDrive/AgingMiceNWB/sub-Mouse1637/Round1.5/TMaze/ses-20240619T101649/behavior2024-06-19T10_16_49.avi,/media/toor/SeagatePortableDrive/AgingMiceNWB/sub-Mouse1637/Round1.5/TMaze/ses-20240619T101649/timestamps2024-06-19T10_16_49.csv,True,/media/toor/SeagateClean/Bpod Local/Data/Mouse1637/TMaze2/Session Data/Mouse1637_TMaze2_20240619_102235.mat,1,/media/toor/SeagateClean/Mouse1637/Round1.5/TMaze/2024-06-19T10_16_49/dlc_trim_info.csv,/media/toor/SeagateClean/Mouse1637/Round1.5/TMaze/2024-06-19T10_16_49/TMaze_behavior2024-06-19T10_16_49.avi,/media/toor/SeagateClean/Mouse1637/Round1.5/TMaze/2024-06-19T10_16_49/dlc/2024-06-19_10-16-49_TMaze_trials.csv,/media/toor/SeagateClean/Mouse1637/Round1.5/TMaze/2024-06-19T10_16_49/dlc/2024-06-19_10-16-49_TMaze_TMaze_linearized_binned_trials_70nbins.csv,True,True
Mouse1637,TMaze,2024-06-20T13_33_38,2024-06-20,aging2024,align,aging,/media/toor/SeagateClean/Mouse1637/Round1.5/TMaze/2024-06-20T13_33_38,/media/toor/SeagatePortableDrive/AgingMiceNWB/sub-Mouse1637/Round1.5/TMaze/ses-20240620T133338/behavior2024-06-20T13_33_38.avi,/media/toor/SeagatePortableDrive/AgingMiceNWB/sub-Mouse1637/Round1.5/TMaze/ses-20240620T133338/timestamps2024-06-20T13_33_38.csv,True,/media/toor/SeagateClean/Bpod Local/Data/Mouse1637/TMaze2/Session Data/Mouse1637_TMaze2_20240620_133932.mat,1,/media/toor/SeagateClean/Mouse1637/Round1.5/TMaze/2024-06-20T13_33_38/dlc_trim_info.csv,/media/toor/SeagateClean/Mouse1637/Round1.5/TMaze/2024-06-20T13_33_38/TMaze_behavior2024-06-20T13_33_38.avi,/media/toor/SeagateClean/Mouse1637/Round1.5/TMaze/2024-06-20T13_33_38/dlc/2024-06-20_13-33-38_TMaze_trials.csv,/media/toor/SeagateClean/Mouse1637/Round1.5/TMaze/2024-06-20T13_33_38/dlc/2024-06-20_13-33-38_TMaze_TMaze_linearized_binned_trials_70nbins.csv,True,True
Mouse1637,TMaze,2024-06-21T13_47_43,2024-06-21,aging2024,align,aging,/media/toor/SeagateClean/Mouse1637/Round1.5/TMaze/2024-06-21T13_47_43,/media/toor/SeagatePortableDrive/AgingMiceNWB/sub-Mouse1637/Round1.5/TMaze/ses-20240621T134743/behavior2024-06-21T13_47_43.avi,/media/toor/SeagatePortableDrive/AgingMiceNWB/sub-Mouse1637/Round1.5/TMaze/ses-20240621T134743/timestamps2024-06-21T13_47_43.csv,True,/media/toor/SeagateClean/Bpod Local/Data/Mouse1637/TMaze2/Session Data/Mouse1637_TMaze2_20240621_134801.mat,1,/media/toor/SeagateClean/Mouse1637/Round1.5/TMaze/2024-06-21T13_47_43/dlc_trim_info.csv,/media/toor/SeagateClean/Mouse1637/Round1.5/TMaze/2024-06-21T13_47_43/TMaze_behavior2024-06-21T13_47_43.avi,/media/toor/SeagateClean/Mouse1637/Round1.5/TMaze/2024-06-21T13_47_43/dlc/2024-06-21_13-47-43_TMaze_trials.csv,/media/toor/SeagateClean/Mouse1637/Round1.5/TMaze/2024-06-21T13_47_43/dlc/2024-06-21_13-47-43_TMaze_TMaze_linearized_binned_trials_70nbins.csv,True,True
Mouse1637,TMaze,2024-06-22T16_45_33,2024-06-22,aging2024,align,aging,/media/toor/SeagateClean/Mouse1637/Round1.5/TMaze/2024-06-22T16_45_33,/media/toor/SeagatePortableDrive/AgingMiceNWB/sub-Mouse1637/Round1.5/TMaze/ses-20240622T164533/behavior2024-06-22T16_45_33.avi,/media/toor/SeagatePortableDrive/AgingMiceNWB/sub-Mouse1637/Round1.5/TMaze/ses-20240622T164533/timestamps2024-06-22T16_45_33.csv,True,/media/toor/SeagateClean/Bpod Local/Data/Mouse1637/TMaze2/Session Data/Mouse1637_TMaze2_20240622_165056.mat,1,/media/toor/SeagateClean/Mouse1637/Round1.5/TMaze/2024-06-22T16_45_33/dlc_trim_info.csv,/media/toor/SeagateClean/Mouse1637/Round1.5/TMaze/2024-06-22T16_45_33/TMaze_behavior2024-06-22T16_45_33.avi,/media/toor/SeagateClean/Mouse1637/Round1.5/TMaze/2024-06-22T16_45_33/dlc/2024-06-22_16-45-33_TMaze_trials.csv,/media/toor/SeagateClean/Mouse1637/Round1.5/TMaze/2024-06-22T16_45_33/dlc/2024-06-22_16-45-33_TMaze_TMaze_linearized_binned_trials_70nbins.csv,True,True
Mouse1637,TMaze,2024-06-23T09_09_11,2024-06-23,aging2024,align,aging,/media/toor/SeagateClean/Mouse1637/Round1.5/TMaze/2024-06-23T09_09_11,/media/toor/SeagatePortableDrive/AgingMiceNWB/sub-Mouse1637/Round1.5/TMaze/ses-20240623T090911/behavior2024-06-23T09_09_11.avi,/media/toor/SeagatePortableDrive/AgingMiceNWB/sub-Mouse1637/Round1.5/TMaze/ses-20240623T090911/timestamps2024-06-23T09_09_11.csv,True,/media/toor/SeagateClean/Bpod Local/Data/Mouse1637/TMaze2/Session Data/Mouse1637_TMaze2_20240623_091441.mat,1,/media/toor/SeagateClean/Mouse1637/Round1.5/TMaze/2024-06-23T09_09_11/dlc_trim_info.csv,/media/toor/SeagateClean/Mouse1637/Round1.5/TMaze/2024-06-23T09_09_11/TMaze_behavior2024-06-23T09_09_11.avi,/media/toor/SeagateClean/Mouse1637/Round1.5/TMaze/2024-06-23T09_09_11/dlc/2024-06-23_09-09-11_TMaze_trials.csv,/media/toor/SeagateClean/Mouse1637/Round1.5/TMaze/2024-06-23T09_09_11/dlc/2024-06-23_09-09-11_TMaze_TMaze_linearized_binned_trials_70nbins.csv,True,True
Mouse1637,TMaze,2024-06-24T15_34_25,2024-06-24,aging2024,align,aging,/media/toor/SeagateClean/Mouse1637/Round1.5/TMaze/2024-06-24T15_34_25,/media/toor/SeagatePortableDrive/AgingMiceNWB/sub-Mouse1637/Round1.5/TMaze/ses-20240624T153425/behavior2024-06-24T15_34_25.avi,/media/toor/SeagatePortableDrive/AgingMiceNWB/sub-Mouse1637/Round1.5/TMaze/ses-20240624T153425/timestamps2024-06-24T15_34_25.csv,True,/media/toor/SeagateClean/Bpod Local/Data/Mouse1637/TMaze2/Session Data/Mouse1637_TMaze2_20240624_153436.mat,1,/media/toor/SeagateClean/Mouse1637/Round1.5/TMaze/2024-06-24T15_34_25/dlc_trim_info.csv,/media/toor/SeagateClean/Mouse1637/Round1.5/TMaze/2024-06-24T15_34_25/TMaze_behavior2024-06-24T15_34_25.avi,/media/toor/SeagateClean/Mouse1637/Round1.5/TMaze/2024-06-24T15_34_25/dlc/2024-06-24_15-34-25_TMaze_trials.csv,/media/toor/SeagateClean/Mouse1637/Round1.5/TMaze/2024-06-24T15_34_25/dlc/2024-06-24_15-34-25_TMaze_TMaze_linearized_binned_trials_70nbins.csv,True,True
Mouse1637,TMaze,2024-06-25T17_37_17,2024-06-25,aging2024,align,aging,/media/toor/SeagateClean/Mouse1637/Round1.5/TMaze/2024-06-25T17_37_17,/media/toor/SeagatePortableDrive/AgingMiceNWB/sub-Mouse1637/Round1.5/TMaze/ses-20240625T173717/behavior2024-06-25T17_37_17.avi,/media/toor/SeagatePortableDrive/AgingMiceNWB/sub-Mouse1637/Round1.5/TMaze/ses-20240625T173717/timestamps2024-06-25T17_37_17.csv,True,/media/toor/SeagateClean/Bpod Local/Data/Mouse1637/TMaze2/Session Data/Mouse1637_TMaze2_20240625_174243.mat,1,/media/toor/SeagateClean/Mouse1637/Round1.5/TMaze/2024-06-25T17_37_17/dlc_trim_info.csv,/media/toor/SeagateClean/Mouse1637/Round1.5/TMaze/2024-06-25T17_37_17/TMaze_behavior2024-06-25T17_37_17.avi,/media/toor/SeagateClean/Mouse1637/Round1.5/TMaze/2024-06-25T17_37_17/dlc/2024-06-25_17-37-17_TMaze_trials.csv,/media/toor/SeagateClean/Mouse1637/Round1.5/TMaze/2024-06-25T17_37_17/dlc/2024-06-25_17-37-17_TMaze_TMaze_linearized_binned_trials_70nbins.csv,True,True
Mouse1637,TMaze,2024-06-26T14_09_02,2024-06-26,aging2024,align,aging,/media/toor/SeagateClean/Mouse1637/Round1.5/TMaze/2024-06-26T14_09_02,/media/toor/SeagatePortableDrive/AgingMiceNWB/sub-Mouse1637/Round1.5/TMaze/ses-20240626T140902/behavior2024-06-26T14_09_02.avi,/media/toor/SeagatePortableDrive/AgingMiceNWB/sub-Mouse1637/Round1.5/TMaze/ses-20240626T140902/timestamps2024-06-26T14_09_02.csv,True,/media/toor/SeagateClean/Bpod Local/Data/Mouse1637/TMaze2/Session Data/Mouse1637_TMaze2_20240626_141420.mat,1,/media/toor/SeagateClean/Mouse1637/Round1.5/TMaze/2024-06-26T14_09_02/dlc_trim_info.csv,/media/toor/SeagateClean/Mouse1637/Round1.5/TMaze/2024-06-26T14_09_02/TMaze_behavior2024-06-26T14_09_02.avi,/media/toor/SeagateClean/Mouse1637/Round1.5/TMaze/2024-06-26T14_09_02/dlc/2024-06-26_14-09-02_TMaze_trials.csv,/media/toor/SeagateClean/Mouse1637/Round1.5/TMaze/2024-06-26T14_09_02/dlc/2024-06-26_14-09-02_TMaze_TMaze_linearized_binned_trials_70nbins.csv,True,True
Mouse1637,TMaze,2024-06-27T16_15_00,2024-06-27,aging2024,align,aging,/media/toor/SeagateClean/Mouse1637/Round1.5/TMaze/2024-06-27T16_15_00,/media/toor/SeagatePortableDrive/AgingMiceNWB/sub-Mouse1637/Round1.5/TMaze/ses-20240627T161500/behavior2024-06-27T16_15_00.avi,/media/toor/SeagatePortableDrive/AgingMiceNWB/sub-Mouse1637/Round1.5/TMaze/ses-20240627T161500/timestamps2024-06-27T16_15_00.csv,True,/media/toor/SeagateClean/Bpod Local/Data/Mouse1637/TMaze2/Session Data/Mouse1637_TMaze2_20240627_162040.mat,1,/media/toor/SeagateClean/Mouse1637/Round1.5/TMaze/2024-06-27T16_15_00/dlc_trim_info.csv,/media/toor/SeagateClean/Mouse1637/Round1.5/TMaze/2024-06-27T16_15_00/TMaze_behavior2024-06-27T16_15_00.avi,/media/toor/SeagateClean/Mouse1637/Round1.5/TMaze/2024-06-27T16_15_00/dlc/2024-06-27_16-15-00_TMaze_trials.csv,/media/toor/SeagateClean/Mouse1637/Round1.5/TMaze/2024-06-27T16_15_00/dlc/2024-06-27_16-15-00_TMaze_TMaze_linearized_binned_trials_70nbins.csv,True,True
Mouse1637,TMaze,2024-06-28T14_39_53,2024-06-28,aging2024,align,aging,/media/toor/SeagateClean/Mouse1637/Round1.5/TMaze/2024-06-28T14_39_53,/media/toor/SeagatePortableDrive/AgingMiceNWB/sub-Mouse1637/Round1.5/TMaze/ses-20240628T143953/behavior2024-06-28T14_39_53.avi,/media/toor/SeagatePortableDrive/AgingMiceNWB/sub-Mouse1637/Round1.5/TMaze/ses-20240628T143953/timestamps2024-06-28T14_39_53.csv,True,/media/toor/SeagateClean/Bpod Local/Data/Mouse1637/TMaze2/Session Data/Mouse1637_TMaze2_20240628_144019.mat,1,/media/toor/SeagateClean/Mouse1637/Round1.5/TMaze/2024-06-28T14_39_53/dlc_trim_info.csv,/media/toor/SeagateClean/Mouse1637/Round1.5/TMaze/2024-06-28T14_39_53/TMaze_behavior2024-06-28T14_39_53.avi,/media/toor/SeagateClean/Mouse1637/Round1.5/TMaze/2024-06-28T14_39_53/dlc/2024-06-28_14-39-53_TMaze_trials.csv,/media/toor/SeagateClean/Mouse1637/Round1.5/TMaze/2024-06-28T14_39_53/dlc/2024-06-28_14-39-53_TMaze_TMaze_linearized_binned_trials_70nbins.csv,True,True
Mouse1637,TMaze,2024-06-29T17_32_11,2024-06-29,aging2024,align,aging,/media/toor/SeagateClean/Mouse1637/Round1.5/TMaze/2024-06-29T17_32_11,/media/toor/SeagatePortableDrive/AgingMiceNWB/sub-Mouse1637/Round1.5/TMaze/ses-20240629T173211/behavior2024-06-29T17_32_11.avi,/media/toor/SeagatePortableDrive/AgingMiceNWB/sub-Mouse1637/Round1.5/TMaze/ses-20240629T173211/timestamps2024-06-29T17_32_11.csv,True,/media/toor/SeagateClean/Bpod Local/Data/Mouse1637/TMaze2/Session Data/Mouse1637_TMaze2_20240629_173229.mat,1,/media/toor/SeagateClean/Mouse1637/Round1.5/TMaze/2024-06-29T17_32_11/dlc_trim_info.csv,/media/toor/SeagateClean/Mouse1637/Round1.5/TMaze/2024-06-29T17_32_11/TMaze_behavior2024-06-29T17_32_11.avi,/media/toor/SeagateClean/Mouse1637/Round1.5/TMaze/2024-06-29T17_32_11/dlc/2024-06-29_17-32-11_TMaze_trials.csv,/media/toor/SeagateClean/Mouse1637/Round1.5/TMaze/2024-06-29T17_32_11/dlc/2024-06-29_17-32-11_TMaze_TMaze_linearized_binned_trials_70nbins.csv,True,True
Mouse1639,Linear,2024-05-22T18_43_07,2024-05-22,pre2026-05,detect,aging,/media/toor/Seagate2/Mouse1639/Round1/caiman_test_why_it doenswork/2024-05-22T18_43_07,/media/toor/SeagatePortableDrive/$RECYCLE.BIN/S-1-5-21-1567802019-673313642-2207994177-1001/$R67IXTM/behavior2024-05-22T18_43_07.avi,/media/toor/SeagatePortableDrive/$RECYCLE.BIN/S-1-5-21-1567802019-673313642-2207994177-1001/$R67IXTM/timestamps2024-05-22T18_43_07.csv,True,,0,/media/toor/Seagate2/Mouse1639/Round1/caiman_test_why_it doenswork/2024-05-22T18_43_07/dlc_trim_info.csv,/media/toor/Seagate2/Mouse1639/Round1/caiman_test_why_it doenswork/2024-05-22T18_43_07/Linear_behavior2024-05-22T18_43_07.avi,,,True,False
Mouse1639,Linear,2024-05-23T17_10_09,2024-05-23,pre2026-05,detect,aging,/media/toor/Seagate2/Mouse1639/Round1/Linear/2024-05-23T17_10_09,/media/toor/Seagate2/Mouse1639/Round1/Linear_untrimmed/2024-05-23T17_10_09/behavior2024-05-23T17_10_09.avi,/media/toor/Seagate2/Mouse1639/Round1/Linear_untrimmed/2024-05-23T17_10_09/timestamps2024-05-23T17_10_09.csv,True,/media/toor/SeagateClean/Bpod Local/Data/Mouse1639/LinearTrack/Session Data/Mouse1639_LinearTrack_20240523_164444.mat,2,/media/toor/Seagate2/Mouse1639/Round1/Linear/2024-05-23T17_10_09/dlc_trim_info.csv,/media/toor/Seagate2/Mouse1639/Round1/Linear/2024-05-23T17_10_09/Linear_behavior2024-05-23T17_10_09.avi,,,True,False
Mouse1639,Linear,2024-05-24T17_02_07,2024-05-24,pre2026-05,detect,aging,/media/toor/Seagate2/Mouse1639/Round1/Linear/2024-05-24T17_02_07,/media/toor/Seagate2/Mouse1639/Round1/Linear_untrimmed/2024-05-24T17_02_07/behavior2024-05-24T17_02_07.avi,/media/toor/Seagate2/Mouse1639/Round1/Linear_untrimmed/2024-05-24T17_02_07/timestamps2024-05-24T17_02_07.csv,True,/media/toor/SeagateClean/Bpod Local/Data/Mouse1639/LinearTrack/Session Data/Mouse1639_LinearTrack_20240524_170848.mat,1,/media/toor/Seagate2/Mouse1639/Round1/Linear/2024-05-24T17_02_07/dlc_trim_info.csv,/media/toor/Seagate2/Mouse1639/Round1/Linear/2024-05-24T17_02_07/Linear_behavior2024-05-24T17_02_07.avi,,,True,False
Mouse1639,Linear,2024-05-25T19_15_57,2024-05-25,pre2026-05,detect,aging,/media/toor/Seagate2/Mouse1639/Round1/Linear/2024-05-25T19_15_57,/media/toor/Seagate2/Mouse1639/Round1/Linear_untrimmed/2024-05-25T19_15_57/behavior2024-05-25T19_15_57.avi,/media/toor/Seagate2/Mouse1639/Round1/Linear_untrimmed/2024-05-25T19_15_57/timestamps2024-05-25T19_15_57.csv,True,/media/toor/SeagateClean/Bpod Local/Data/Mouse1639/LinearTrack/Session Data/Mouse1639_LinearTrack_20240525_190143.mat,1,/media/toor/Seagate2/Mouse1639/Round1/Linear/2024-05-25T19_15_57/dlc_trim_info.csv,/media/toor/Seagate2/Mouse1639/Round1/Linear/2024-05-25T19_15_57/Linear_behavior2024-05-25T19_15_57.avi,,,True,False
Mouse1639,Linear,2024-05-26T13_33_52,2024-05-26,pre2026-05,detect,aging,/media/toor/Seagate2/Mouse1639/Round1/Linear/2024-05-26T13_33_52,/media/toor/Seagate2/Mouse1639/Round1/Linear_untrimmed/2024-05-26T13_33_52/behavior2024-05-26T13_33_52.avi,/media/toor/Seagate2/Mouse1639/Round1/Linear_untrimmed/2024-05-26T13_33_52/timestamps2024-05-26T13_33_52.csv,True,/media/toor/SeagateClean/Bpod Local/Data/Mouse1639/LinearTrack/Session Data/Mouse1639_LinearTrack_20240526_134003.mat,1,/media/toor/Seagate2/Mouse1639/Round1/Linear/2024-05-26T13_33_52/dlc_trim_info.csv,/media/toor/Seagate2/Mouse1639/Round1/Linear/2024-05-26T13_33_52/Linear_behavior2024-05-26T13_33_52.avi,,,True,False
Mouse1639,Linear,2024-05-27T14_38_30,2024-05-27,pre2026-05,detect,aging,/media/toor/Seagate2/Mouse1639/Round1/Linear/2024-05-27T14_38_30,/media/toor/Seagate2/Mouse1639/Round1/Linear_untrimmed/2024-05-27T14_38_30/behavior2024-05-27T14_38_30.avi,/media/toor/Seagate2/Mouse1639/Round1/Linear_untrimmed/2024-05-27T14_38_30/timestamps2024-05-27T14_38_30.csv,True,/media/toor/SeagateClean/Bpod Local/Data/Mouse1639/LinearTrack/Session Data/Mouse1639_LinearTrack_20240527_144457.mat,1,/media/toor/Seagate2/Mouse1639/Round1/Linear/2024-05-27T14_38_30/dlc_trim_info.csv,/media/toor/Seagate2/Mouse1639/Round1/Linear/2024-05-27T14_38_30/Linear_behavior2024-05-27T14_38_30.avi,,,True,False
Mouse1639,Linear,2024-05-28T13_57_12,2024-05-28,pre2026-05,detect,aging,/media/toor/Seagate2/Mouse1639/Round1/Linear/2024-05-28T13_57_12,/media/toor/Seagate2/Mouse1639/Round1/Linear_untrimmed/2024-05-28T13_57_12/behavior2024-05-28T13_57_12.avi,/media/toor/Seagate2/Mouse1639/Round1/Linear_untrimmed/2024-05-28T13_57_12/timestamps2024-05-28T13_57_12.csv,True,/media/toor/SeagateClean/Bpod Local/Data/Mouse1639/LinearTrack/Session Data/Mouse1639_LinearTrack_20240528_140318.mat,1,/media/toor/Seagate2/Mouse1639/Round1/Linear/2024-05-28T13_57_12/dlc_trim_info.csv,/media/toor/Seagate2/Mouse1639/Round1/Linear/2024-05-28T13_57_12/Linear_behavior2024-05-28T13_57_12.avi,,,True,False
Mouse1639,Linear,2024-05-29T17_24_09,2024-05-29,pre2026-05,detect,aging,/media/toor/Seagate2/Mouse1639/Round1/Linear/2024-05-29T17_24_09,/media/toor/Seagate2/Mouse1639/Round1/Linear_untrimmed/2024-05-29T17_24_09/behavior2024-05-29T17_24_09.avi,/media/toor/Seagate2/Mouse1639/Round1/Linear_untrimmed/2024-05-29T17_24_09/timestamps2024-05-29T17_24_09.csv,True,/media/toor/SeagateClean/Bpod Local/Data/Mouse1639/LinearTrack/Session Data/Mouse1639_LinearTrack_20240529_173015.mat,1,/media/toor/Seagate2/Mouse1639/Round1/Linear/2024-05-29T17_24_09/dlc_trim_info.csv,/media/toor/Seagate2/Mouse1639/Round1/Linear/2024-05-29T17_24_09/Linear_behavior2024-05-29T17_24_09.avi,,,True,False
Mouse1639,Linear,2024-05-30T14_05_49,2024-05-30,pre2026-05,detect,aging,/media/toor/Seagate2/Mouse1639/Round1/Linear/2024-05-30T14_05_49,/media/toor/Seagate2/Mouse1639/Round1/Linear_untrimmed/2024-05-30T14_05_49/behavior2024-05-30T14_05_49.avi,/media/toor/Seagate2/Mouse1639/Round1/Linear_untrimmed/2024-05-30T14_05_49/timestamps2024-05-30T14_05_49.csv,True,/media/toor/SeagateClean/Bpod Local/Data/Mouse1639/LinearTrack/Session Data/Mouse1639_LinearTrack_20240530_141250.mat,1,/media/toor/Seagate2/Mouse1639/Round1/Linear/2024-05-30T14_05_49/dlc_trim_info.csv,/media/toor/Seagate2/Mouse1639/Round1/Linear/2024-05-30T14_05_49/Linear_behavior2024-05-30T14_05_49.avi,,,True,False
Mouse1639,Linear,2024-05-31T13_05_57,2024-05-31,pre2026-05,detect,aging,/media/toor/Seagate2/Mouse1639/Round1/Linear/2024-05-31T13_05_57,/media/toor/Seagate2/Mouse1639/Round1/Linear_untrimmed/2024-05-31T13_05_57/behavior2024-05-31T13_05_57.avi,/media/toor/Seagate2/Mouse1639/Round1/Linear_untrimmed/2024-05-31T13_05_57/timestamps2024-05-31T13_05_57.csv,True,/media/toor/SeagateClean/Bpod Local/Data/Mouse1639/LinearTrack/Session Data/Mouse1639_LinearTrack_20240531_131143.mat,1,/media/toor/Seagate2/Mouse1639/Round1/Linear/2024-05-31T13_05_57/dlc_trim_info.csv,/media/toor/Seagate2/Mouse1639/Round1/Linear/2024-05-31T13_05_57/Linear_behavior2024-05-31T13_05_57.avi,,,True,False
Mouse1639,Linear,2024-06-01T16_27_44,2024-06-01,pre2026-05,detect,aging,/media/toor/Seagate2/Mouse1639/Round1/Linear/2024-06-01T16_27_44,/media/toor/Seagate2/Mouse1639/Round1/Linear_untrimmed/2024-06-01T16_27_44/behavior2024-06-01T16_27_44.avi,/media/toor/Seagate2/Mouse1639/Round1/Linear_untrimmed/2024-06-01T16_27_44/timestamps2024-06-01T16_27_44.csv,True,/media/toor/SeagateClean/Bpod Local/Data/Mouse1639/LinearTrack/Session Data/Mouse1639_LinearTrack_20240601_163327.mat,1,/media/toor/Seagate2/Mouse1639/Round1/Linear/2024-06-01T16_27_44/dlc_trim_info.csv,/media/toor/Seagate2/Mouse1639/Round1/Linear/2024-06-01T16_27_44/Linear_behavior2024-06-01T16_27_44.avi,,,True,False
Mouse1639,Linear,2024-06-02T14_06_58,2024-06-02,pre2026-05,detect,aging,/media/toor/Seagate2/Mouse1639/Round1/Linear/2024-06-02T14_06_58,/media/toor/Seagate2/Mouse1639/Round1/Linear_untrimmed/2024-06-02T14_06_58/behavior2024-06-02T14_06_58.avi,/media/toor/Seagate2/Mouse1639/Round1/Linear_untrimmed/2024-06-02T14_06_58/timestamps2024-06-02T14_06_58.csv,True,/media/toor/SeagateClean/Bpod Local/Data/Mouse1639/LinearTrack/Session Data/Mouse1639_LinearTrack_20240602_141319.mat,1,/media/toor/Seagate2/Mouse1639/Round1/Linear/2024-06-02T14_06_58/dlc_trim_info.csv,/media/toor/Seagate2/Mouse1639/Round1/Linear/2024-06-02T14_06_58/Linear_behavior2024-06-02T14_06_58.avi,,,True,False
Mouse1639,Linear,2024-06-03T13_32_48,2024-06-03,pre2026-05,detect,aging,/media/toor/Seagate2/Mouse1639/Round1/Linear/2024-06-03T13_32_48,/media/toor/Seagate2/Mouse1639/Round1/Linear_untrimmed/2024-06-03T13_32_48/behavior2024-06-03T13_32_48.avi,/media/toor/Seagate2/Mouse1639/Round1/Linear_untrimmed/2024-06-03T13_32_48/timestamps2024-06-03T13_32_48.csv,True,/media/toor/SeagateClean/Bpod Local/Data/Mouse1639/LinearTrack/Session Data/Mouse1639_LinearTrack_20240603_133852.mat,1,/media/toor/Seagate2/Mouse1639/Round1/Linear/2024-06-03T13_32_48/dlc_trim_info.csv,/media/toor/Seagate2/Mouse1639/Round1/Linear/2024-06-03T13_32_48/Linear_behavior2024-06-03T13_32_48.avi,,,True,False
Mouse1639,Linear,2024-06-04T08_50_54,2024-06-04,pre2026-05,detect,aging,/media/toor/Seagate2/Mouse1639/Round1/Linear/2024-06-04T08_50_54,/media/toor/Seagate2/Mouse1639/Round1/Linear_untrimmed/2024-06-04T08_50_54/behavior2024-06-04T08_50_54.avi,/media/toor/Seagate2/Mouse1639/Round1/Linear_untrimmed/2024-06-04T08_50_54/timestamps2024-06-04T08_50_54.csv,True,/media/toor/SeagateClean/Bpod Local/Data/Mouse1639/LinearTrack/Session Data/Mouse1639_LinearTrack_20240604_085831.mat,1,/media/toor/Seagate2/Mouse1639/Round1/Linear/2024-06-04T08_50_54/dlc_trim_info.csv,/media/toor/Seagate2/Mouse1639/Round1/Linear/2024-06-04T08_50_54/Linear_behavior2024-06-04T08_50_54.avi,,,True,False
Mouse1639,Linear,2024-06-05T10_42_51,2024-06-05,pre2026-05,detect,aging,/media/toor/Seagate2/Mouse1639/Round1/Linear/2024-06-05T10_42_51,/media/toor/Seagate2/Mouse1639/Round1/Linear_untrimmed/2024-06-05T10_42_51/behavior2024-06-05T10_42_51.avi,/media/toor/Seagate2/Mouse1639/Round1/Linear_untrimmed/2024-06-05T10_42_51/timestamps2024-06-05T10_42_51.csv,True,/media/toor/SeagateClean/Bpod Local/Data/Mouse1639/LinearTrack/Session Data/Mouse1639_LinearTrack_20240605_104927.mat,1,/media/toor/Seagate2/Mouse1639/Round1/Linear/2024-06-05T10_42_51/dlc_trim_info.csv,/media/toor/Seagate2/Mouse1639/Round1/Linear/2024-06-05T10_42_51/Linear_behavior2024-06-05T10_42_51.avi,,,True,False
Mouse1639,Linear,2024-06-06T13_34_19,2024-06-06,pre2026-05,detect,aging,/media/toor/Seagate2/Mouse1639/Round1/Linear/2024-06-06T13_34_19,/media/toor/Seagate2/Mouse1639/Round1/Linear_untrimmed/2024-06-06T13_34_19/behavior2024-06-06T13_34_19.avi,/media/toor/Seagate2/Mouse1639/Round1/Linear_untrimmed/2024-06-06T13_34_19/timestamps2024-06-06T13_34_19.csv,True,/media/toor/SeagateClean/Bpod Local/Data/Mouse1639/LinearTrack/Session Data/Mouse1639_LinearTrack_20240606_134020.mat,1,/media/toor/Seagate2/Mouse1639/Round1/Linear/2024-06-06T13_34_19/dlc_trim_info.csv,/media/toor/Seagate2/Mouse1639/Round1/Linear/2024-06-06T13_34_19/Linear_behavior2024-06-06T13_34_19.avi,,,True,False
Mouse1639,Linear,2024-06-07T13_58_48,2024-06-07,pre2026-05,detect,aging,/media/toor/Seagate2/Mouse1639/Round1/2024-06-07T13_58_48 - LINEAR NO MINISCOPE RECORDINGS,/media/toor/Seagate2/Mouse1639/Round1/Linear_untrimmed/2024-06-07T13_58_48/behavior2024-06-07T13_58_48.avi,/media/toor/Seagate2/Mouse1639/Round1/Linear_untrimmed/2024-06-07T13_58_48/timestamps2024-06-07T13_58_48.csv,True,/media/toor/SeagateClean/Bpod Local/Data/Mouse1639/LinearTrack/Session Data/Mouse1639_LinearTrack_20240607_140411.mat,1,/media/toor/Seagate2/Mouse1639/Round1/2024-06-07T13_58_48 - LINEAR NO MINISCOPE RECORDINGS/dlc_trim_info.csv,/media/toor/Seagate2/Mouse1639/Round1/2024-06-07T13_58_48 - LINEAR NO MINISCOPE RECORDINGS/Linear_behavior2024-06-07T13_58_48.avi,,,True,False
Mouse1639,Linear,2024-06-08T17_23_02,2024-06-08,pre2026-05,detect,aging,/media/toor/Seagate2/Mouse1639/Round1/2024-06-08T17_23_02 - LINEAR UNUSABLE NO MINISCOPE,/media/toor/Seagate2/Mouse1639/Round1/Linear_untrimmed/2024-06-08T17_23_02/behavior2024-06-08T17_23_02.avi,/media/toor/Seagate2/Mouse1639/Round1/Linear_untrimmed/2024-06-08T17_23_02/timestamps2024-06-08T17_23_02.csv,True,/media/toor/SeagateClean/Bpod Local/Data/Mouse1639/LinearTrack/Session Data/Mouse1639_LinearTrack_20240608_172826.mat,1,/media/toor/Seagate2/Mouse1639/Round1/2024-06-08T17_23_02 - LINEAR UNUSABLE NO MINISCOPE/dlc_trim_info.csv,/media/toor/Seagate2/Mouse1639/Round1/2024-06-08T17_23_02 - LINEAR UNUSABLE NO MINISCOPE/Linear_behavior2024-06-08T17_23_02.avi,,,True,False
Mouse1639,Linear,2024-06-10T14_19_09,2024-06-10,pre2026-05,detect,aging,/media/toor/Seagate2/Mouse1639/Round1.5/2024-06-10T14_19_09 - LINEAR UNUSABLE NO MINISCOPE,/media/toor/Seagate2/Mouse1639/Round1.5/Linear_untrimmed/2024-06-10T14_19_09/behavior2024-06-10T14_19_09.avi,/media/toor/Seagate2/Mouse1639/Round1.5/Linear_untrimmed/2024-06-10T14_19_09/timestamps2024-06-10T14_19_09.csv,True,/media/toor/SeagateClean/Bpod Local/Data/Mouse1639/LinearTrack/Session Data/Mouse1639_LinearTrack_20240610_142516.mat,1,/media/toor/Seagate2/Mouse1639/Round1.5/2024-06-10T14_19_09 - LINEAR UNUSABLE NO MINISCOPE/dlc_trim_info.csv,/media/toor/Seagate2/Mouse1639/Round1.5/2024-06-10T14_19_09 - LINEAR UNUSABLE NO MINISCOPE/Linear_behavior2024-06-10T14_19_09.avi,,,True,False
Mouse1639,Linear,2024-06-11T12_38_18,2024-06-11,pre2026-05,detect,aging,/media/toor/Seagate2/Mouse1639/Round1.5/2024-06-11T12_38_18 - LINEAR UNUSABLE - NO MINISCOPE,/media/toor/Seagate2/Mouse1639/Round1.5/Linear_untrimmed/2024-06-11T12_38_18/behavior2024-06-11T12_38_18.avi,/media/toor/Seagate2/Mouse1639/Round1.5/Linear_untrimmed/2024-06-11T12_38_18/timestamps2024-06-11T12_38_18.csv,True,/media/toor/SeagateClean/Bpod Local/Data/Mouse1639/LinearTrack/Session Data/Mouse1639_LinearTrack_20240611_124409.mat,1,/media/toor/Seagate2/Mouse1639/Round1.5/2024-06-11T12_38_18 - LINEAR UNUSABLE - NO MINISCOPE/dlc_trim_info.csv,/media/toor/Seagate2/Mouse1639/Round1.5/2024-06-11T12_38_18 - LINEAR UNUSABLE - NO MINISCOPE/Linear_behavior2024-06-11T12_38_18.avi,,,True,False
Mouse1639,Linear,2024-06-13T13_52_41,2024-06-13,pre2026-05,detect,aging,/media/toor/Seagate2/Mouse1639/Round1.5/Linear/2024-06-13T13_52_41,/media/toor/Seagate2/Mouse1639/Round1.5/Linear_untrimmed/2024-06-13T13_52_41/behavior2024-06-13T13_52_41.avi,/media/toor/Seagate2/Mouse1639/Round1.5/Linear_untrimmed/2024-06-13T13_52_41/timestamps2024-06-13T13_52_41.csv,True,/media/toor/SeagateClean/Bpod Local/Data/Mouse1639/LinearTrack/Session Data/Mouse1639_LinearTrack_20240613_135301.mat,1,/media/toor/Seagate2/Mouse1639/Round1.5/Linear/2024-06-13T13_52_41/dlc_trim_info.csv,/media/toor/Seagate2/Mouse1639/Round1.5/Linear/2024-06-13T13_52_41/Linear_behavior2024-06-13T13_52_41.avi,,,True,False
Mouse1639,Linear,2024-06-14T18_45_28,2024-06-14,pre2026-05,detect,aging,/media/toor/Seagate2/Mouse1639/Round1.5/Linear/2024-06-14T18_45_28,/media/toor/Seagate2/Mouse1639/Round1.5/Linear_untrimmed/2024-06-14T18_45_28/behavior2024-06-14T18_45_28.avi,/media/toor/Seagate2/Mouse1639/Round1.5/Linear_untrimmed/2024-06-14T18_45_28/timestamps2024-06-14T18_45_28.csv,True,/media/toor/SeagateClean/Bpod Local/Data/Mouse1639/LinearTrack/Session Data/Mouse1639_LinearTrack_20240614_184544.mat,1,/media/toor/Seagate2/Mouse1639/Round1.5/Linear/2024-06-14T18_45_28/dlc_trim_info.csv,/media/toor/Seagate2/Mouse1639/Round1.5/Linear/2024-06-14T18_45_28/Linear_behavior2024-06-14T18_45_28.avi,,,True,False
Mouse1639,Linear,2024-06-15T16_27_44,2024-06-15,pre2026-05,detect,aging,/media/toor/Seagate2/Mouse1639/Round1.5/Linear/2024-06-15T16_27_44,/media/toor/Seagate2/Mouse1639/Round1.5/Linear_untrimmed/2024-06-15T16_27_44/behavior2024-06-15T16_27_44.avi,/media/toor/Seagate2/Mouse1639/Round1.5/Linear_untrimmed/2024-06-15T16_27_44/timestamps2024-06-15T16_27_44.csv,True,/media/toor/SeagateClean/Bpod Local/Data/Mouse1639/LinearTrack/Session Data/Mouse1639_LinearTrack_20240615_162757.mat,1,/media/toor/Seagate2/Mouse1639/Round1.5/Linear/2024-06-15T16_27_44/dlc_trim_info.csv,/media/toor/Seagate2/Mouse1639/Round1.5/Linear/2024-06-15T16_27_44/Linear_behavior2024-06-15T16_27_44.avi,,,True,False
Mouse1639,Linear,2024-06-16T11_12_23,2024-06-16,pre2026-05,detect,aging,/media/toor/Seagate2/Mouse1639/Round1.5/Linear/2024-06-16T11_12_23,/media/toor/Seagate2/Mouse1639/Round1.5/Linear_untrimmed/2024-06-16T11_12_23/behavior2024-06-16T11_12_23.avi,/media/toor/Seagate2/Mouse1639/Round1.5/Linear_untrimmed/2024-06-16T11_12_23/timestamps2024-06-16T11_12_23.csv,True,/media/toor/SeagateClean/Bpod Local/Data/Mouse1639/LinearTrack/Session Data/Mouse1639_LinearTrack_20240616_111233.mat,1,/media/toor/Seagate2/Mouse1639/Round1.5/Linear/2024-06-16T11_12_23/dlc_trim_info.csv,/media/toor/Seagate2/Mouse1639/Round1.5/Linear/2024-06-16T11_12_23/Linear_behavior2024-06-16T11_12_23.avi,,,True,False
Mouse1639,Linear,2024-06-17T12_28_56,2024-06-17,pre2026-05,detect,aging,/media/toor/Seagate2/Mouse1639/Round1.5/Linear/2024-06-17T12_28_56,/media/toor/Seagate2/Mouse1639/Round1.5/Linear_untrimmed/2024-06-17T12_28_56/behavior2024-06-17T12_28_56.avi,/media/toor/Seagate2/Mouse1639/Round1.5/Linear_untrimmed/2024-06-17T12_28_56/timestamps2024-06-17T12_28_56.csv,True,/media/toor/SeagateClean/Bpod Local/Data/Mouse1639/LinearTrack/Session Data/Mouse1639_LinearTrack_20240617_122910.mat,1,/media/toor/Seagate2/Mouse1639/Round1.5/Linear/2024-06-17T12_28_56/dlc_trim_info.csv,/media/toor/Seagate2/Mouse1639/Round1.5/Linear/2024-06-17T12_28_56/Linear_behavior2024-06-17T12_28_56.avi,,,True,False
Mouse1639,Linear,2024-06-18T15_06_31,2024-06-18,pre2026-05,detect,aging,/media/toor/Seagate2/Mouse1639/Round1.5/Linear/2024-06-18T15_06_31,/media/toor/Seagate2/Mouse1639/Round1.5/Linear_untrimmed/2024-06-18T15_06_31/behavior2024-06-18T15_06_31.avi,/media/toor/Seagate2/Mouse1639/Round1.5/Linear_untrimmed/2024-06-18T15_06_31/timestamps2024-06-18T15_06_31.csv,True,/media/toor/SeagateClean/Bpod Local/Data/Mouse1639/LinearTrack/Session Data/Mouse1639_LinearTrack_20240618_150646.mat,1,/media/toor/Seagate2/Mouse1639/Round1.5/Linear/2024-06-18T15_06_31/dlc_trim_info.csv,/media/toor/Seagate2/Mouse1639/Round1.5/Linear/2024-06-18T15_06_31/Linear_behavior2024-06-18T15_06_31.avi,,,True,False
Mouse1639,Linear,2024-06-19T12_12_26,2024-06-19,pre2026-05,detect,aging,/media/toor/Seagate2/Mouse1639/Round1.5/Linear/2024-06-19T12_12_26,/media/toor/Seagate2/Mouse1639/Round1.5/Linear_untrimmed/2024-06-19T12_12_26/behavior2024-06-19T12_12_26.avi,/media/toor/Seagate2/Mouse1639/Round1.5/Linear_untrimmed/2024-06-19T12_12_26/timestamps2024-06-19T12_12_26.csv,True,/media/toor/SeagateClean/Bpod Local/Data/Mouse1639/LinearTrack/Session Data/Mouse1639_LinearTrack_20240619_121251.mat,1,/media/toor/Seagate2/Mouse1639/Round1.5/Linear/2024-06-19T12_12_26/dlc_trim_info.csv,/media/toor/Seagate2/Mouse1639/Round1.5/Linear/2024-06-19T12_12_26/Linear_behavior2024-06-19T12_12_26.avi,,,True,False
Mouse1639,Linear,2024-06-20T15_59_49,2024-06-20,pre2026-05,detect,aging,/media/toor/Seagate2/Mouse1639/Round1.5/Linear/2024-06-20T15_59_49,/media/toor/Seagate2/Mouse1639/Round1.5/Linear_untrimmed/2024-06-20T15_59_49/behavior2024-06-20T15_59_49.avi,/media/toor/Seagate2/Mouse1639/Round1.5/Linear_untrimmed/2024-06-20T15_59_49/timestamps2024-06-20T15_59_49.csv,True,/media/toor/SeagateClean/Bpod Local/Data/Mouse1639/LinearTrack/Session Data/Mouse1639_LinearTrack_20240620_160738.mat,1,/media/toor/Seagate2/Mouse1639/Round1.5/Linear/2024-06-20T15_59_49/dlc_trim_info.csv,/media/toor/Seagate2/Mouse1639/Round1.5/Linear/2024-06-20T15_59_49/Linear_behavior2024-06-20T15_59_49.avi,,,True,False
Mouse1639,Linear,2024-06-21T14_58_49,2024-06-21,pre2026-05,detect,aging,/media/toor/Seagate2/Mouse1639/Round1.5/Linear/2024-06-21T14_58_49,/media/toor/Seagate2/Mouse1639/Round1.5/Linear_untrimmed/2024-06-21T14_58_49/behavior2024-06-21T14_58_49.avi,/media/toor/Seagate2/Mouse1639/Round1.5/Linear_untrimmed/2024-06-21T14_58_49/timestamps2024-06-21T14_58_49.csv,True,/media/toor/SeagateClean/Bpod Local/Data/Mouse1639/LinearTrack/Session Data/Mouse1639_LinearTrack_20240621_145912.mat,1,/media/toor/Seagate2/Mouse1639/Round1.5/Linear/2024-06-21T14_58_49/dlc_trim_info.csv,/media/toor/Seagate2/Mouse1639/Round1.5/Linear/2024-06-21T14_58_49/Linear_behavior2024-06-21T14_58_49.avi,,,True,False
Mouse1639,Linear,2024-06-22T15_01_27,2024-06-22,pre2026-05,detect,aging,/media/toor/Seagate2/Mouse1639/Round1.5/Linear/2024-06-22T15_01_27,/media/toor/Seagate2/Mouse1639/Round1.5/Linear_untrimmed/2024-06-22T15_01_27/behavior2024-06-22T15_01_27.avi,/media/toor/Seagate2/Mouse1639/Round1.5/Linear_untrimmed/2024-06-22T15_01_27/timestamps2024-06-22T15_01_27.csv,True,/media/toor/SeagateClean/Bpod Local/Data/Mouse1639/LinearTrack/Session Data/Mouse1639_LinearTrack_20240622_150715.mat,1,/media/toor/Seagate2/Mouse1639/Round1.5/Linear/2024-06-22T15_01_27/dlc_trim_info.csv,/media/toor/Seagate2/Mouse1639/Round1.5/Linear/2024-06-22T15_01_27/Linear_behavior2024-06-22T15_01_27.avi,,,True,False
Mouse1639,Linear,2024-06-23T10_06_28,2024-06-23,pre2026-05,detect,aging,/media/toor/Seagate2/Mouse1639/Round1.5/Linear/2024-06-23T10_06_28,/media/toor/Seagate2/Mouse1639/Round1.5/Linear_untrimmed/2024-06-23T10_06_28/behavior2024-06-23T10_06_28.avi,/media/toor/Seagate2/Mouse1639/Round1.5/Linear_untrimmed/2024-06-23T10_06_28/timestamps2024-06-23T10_06_28.csv,True,/media/toor/SeagateClean/Bpod Local/Data/Mouse1639/LinearTrack/Session Data/Mouse1639_LinearTrack_20240623_101326.mat,1,/media/toor/Seagate2/Mouse1639/Round1.5/Linear/2024-06-23T10_06_28/dlc_trim_info.csv,/media/toor/Seagate2/Mouse1639/Round1.5/Linear/2024-06-23T10_06_28/Linear_behavior2024-06-23T10_06_28.avi,,,True,False
Mouse1639,Linear,2024-06-24T14_44_30,2024-06-24,pre2026-05,detect,aging,/media/toor/Seagate2/Mouse1639/Round1.5/Linear/2024-06-24T14_44_30,/media/toor/Seagate2/Mouse1639/Round1.5/Linear_untrimmed/2024-06-24T14_44_30/behavior2024-06-24T14_44_30.avi,/media/toor/Seagate2/Mouse1639/Round1.5/Linear_untrimmed/2024-06-24T14_44_30/timestamps2024-06-24T14_44_30.csv,True,/media/toor/SeagateClean/Bpod Local/Data/Mouse1639/LinearTrack/Session Data/Mouse1639_LinearTrack_20240624_144455.mat,1,/media/toor/Seagate2/Mouse1639/Round1.5/Linear/2024-06-24T14_44_30/dlc_trim_info.csv,/media/toor/Seagate2/Mouse1639/Round1.5/Linear/2024-06-24T14_44_30/Linear_behavior2024-06-24T14_44_30.avi,,,True,False
Mouse1639,Linear,2024-06-25T16_54_55,2024-06-25,pre2026-05,detect,aging,/media/toor/Seagate2/Mouse1639/Round1.5/Linear/2024-06-25T16_54_55,/media/toor/Seagate2/Mouse1639/Round1.5/Linear_untrimmed/2024-06-25T16_54_55/behavior2024-06-25T16_54_55.avi,/media/toor/Seagate2/Mouse1639/Round1.5/Linear_untrimmed/2024-06-25T16_54_55/timestamps2024-06-25T16_54_55.csv,True,/media/toor/SeagateClean/Bpod Local/Data/Mouse1639/LinearTrack/Session Data/Mouse1639_LinearTrack_20240625_170035.mat,1,/media/toor/Seagate2/Mouse1639/Round1.5/Linear/2024-06-25T16_54_55/dlc_trim_info.csv,/media/toor/Seagate2/Mouse1639/Round1.5/Linear/2024-06-25T16_54_55/Linear_behavior2024-06-25T16_54_55.avi,,,True,False
Mouse1639,Linear,2024-06-26T15_06_41,2024-06-26,pre2026-05,detect,aging,/media/toor/Seagate2/Mouse1639/Round1.5/Linear/2024-06-26T15_06_41,/media/toor/Seagate2/Mouse1639/Round1.5/Linear_untrimmed/2024-06-26T15_06_41/behavior2024-06-26T15_06_41.avi,/media/toor/Seagate2/Mouse1639/Round1.5/Linear_untrimmed/2024-06-26T15_06_41/timestamps2024-06-26T15_06_41.csv,True,/media/toor/SeagateClean/Bpod Local/Data/Mouse1639/LinearTrack/Session Data/Mouse1639_LinearTrack_20240626_151240.mat,1,/media/toor/Seagate2/Mouse1639/Round1.5/Linear/2024-06-26T15_06_41/dlc_trim_info.csv,/media/toor/Seagate2/Mouse1639/Round1.5/Linear/2024-06-26T15_06_41/Linear_behavior2024-06-26T15_06_41.avi,,,True,False
Mouse1639,Linear,2024-06-27T13_47_46,2024-06-27,pre2026-05,detect,aging,/media/toor/Seagate2/Mouse1639/Round1.5/Linear/2024-06-27T13_47_46,/media/toor/Seagate2/Mouse1639/Round1.5/Linear_untrimmed/2024-06-27T13_47_46/behavior2024-06-27T13_47_46.avi,/media/toor/Seagate2/Mouse1639/Round1.5/Linear_untrimmed/2024-06-27T13_47_46/timestamps2024-06-27T13_47_46.csv,True,/media/toor/SeagateClean/Bpod Local/Data/Mouse1639/LinearTrack/Session Data/Mouse1639_LinearTrack_20240627_135329.mat,2,/media/toor/Seagate2/Mouse1639/Round1.5/Linear/2024-06-27T13_47_46/dlc_trim_info.csv,/media/toor/Seagate2/Mouse1639/Round1.5/Linear/2024-06-27T13_47_46/Linear_behavior2024-06-27T13_47_46.avi,,,True,False
Mouse1639,Linear,2024-06-27T15_28_46,2024-06-27,pre2026-05,detect,aging,/media/toor/Seagate2/Mouse1639/Round1.5/Linear/2024-06-27T15_28_46,/media/toor/Seagate2/Mouse1639/Round1.5/Linear_untrimmed/2024-06-27T15_28_46/behavior2024-06-27T15_28_46.avi,/media/toor/Seagate2/Mouse1639/Round1.5/Linear_untrimmed/2024-06-27T15_28_46/timestamps2024-06-27T15_28_46.csv,True,/media/toor/SeagateClean/Bpod Local/Data/Mouse1639/LinearTrack/Session Data/Mouse1639_LinearTrack_20240627_153442.mat,2,/media/toor/Seagate2/Mouse1639/Round1.5/Linear/2024-06-27T15_28_46/dlc_trim_info.csv,/media/toor/Seagate2/Mouse1639/Round1.5/Linear/2024-06-27T15_28_46/Linear_behavior2024-06-27T15_28_46.avi,,,True,False
Mouse1639,Linear,2024-06-28T15_31_33,2024-06-28,pre2026-05,detect,aging,/media/toor/Seagate2/Mouse1639/Round1.5/Linear/2024-06-28T15_31_33,/media/toor/Seagate2/Mouse1639/Round1.5/Linear_untrimmed/2024-06-28T15_31_33/behavior2024-06-28T15_31_33.avi,/media/toor/Seagate2/Mouse1639/Round1.5/Linear_untrimmed/2024-06-28T15_31_33/timestamps2024-06-28T15_31_33.csv,True,/media/toor/SeagateClean/Bpod Local/Data/Mouse1639/LinearTrack/Session Data/Mouse1639_LinearTrack_20240628_153149.mat,1,/media/toor/Seagate2/Mouse1639/Round1.5/Linear/2024-06-28T15_31_33/dlc_trim_info.csv,/media/toor/Seagate2/Mouse1639/Round1.5/Linear/2024-06-28T15_31_33/Linear_behavior2024-06-28T15_31_33.avi,,,True,False
Mouse1639,Linear,2024-06-29T19_31_37,2024-06-29,pre2026-05,detect,aging,/media/toor/Seagate2/Mouse1639/Round1.5/Linear/2024-06-29T19_31_37,/media/toor/Seagate2/Mouse1639/Round1.5/Linear_untrimmed/2024-06-29T19_31_37/behavior2024-06-29T19_31_37.avi,/media/toor/Seagate2/Mouse1639/Round1.5/Linear_untrimmed/2024-06-29T19_31_37/timestamps2024-06-29T19_31_37.csv,True,/media/toor/SeagateClean/Bpod Local/Data/Mouse1639/LinearTrack/Session Data/Mouse1639_LinearTrack_20240629_193720.mat,1,/media/toor/Seagate2/Mouse1639/Round1.5/Linear/2024-06-29T19_31_37/dlc_trim_info.csv,/media/toor/Seagate2/Mouse1639/Round1.5/Linear/2024-06-29T19_31_37/Linear_behavior2024-06-29T19_31_37.avi,,,True,False
Mouse1639,Linear,2024-10-02T14_09_12,2024-10-02,pre2026-05,detect,aging,/media/toor/Seagate2/Mouse1639/Round3/Linear/2024-10-02T14_09_12,/media/toor/Seagate2/Mouse1639/Round3/Linear_untrimmed/2024-10-02T14_09_12/behavior2024-10-02T14_09_12.avi,/media/toor/Seagate2/Mouse1639/Round3/Linear_untrimmed/2024-10-02T14_09_12/timestamps2024-10-02T14_09_12.csv,True,/media/toor/SeagateClean/Bpod Local/Data/Mouse1639/LinearTrack/Session Data/Mouse1639_LinearTrack_20241002_141512.mat,1,/media/toor/Seagate2/Mouse1639/Round3/Linear/2024-10-02T14_09_12/dlc_trim_info.csv,/media/toor/Seagate2/Mouse1639/Round3/Linear/2024-10-02T14_09_12/Linear_behavior2024-10-02T14_09_12.avi,,,True,False
Mouse1639,Linear,2024-10-03T13_46_50,2024-10-03,pre2026-05,detect,aging,/media/toor/Seagate2/Mouse1639/Round3/Linear/2024-10-03T13_46_50,/media/toor/Seagate2/Mouse1639/Round3/Linear_untrimmed/2024-10-03T13_46_50/behavior2024-10-03T13_46_50.avi,/media/toor/Seagate2/Mouse1639/Round3/Linear_untrimmed/2024-10-03T13_46_50/timestamps2024-10-03T13_46_50.csv,True,/media/toor/SeagateClean/Bpod Local/Data/Mouse1639/LinearTrack/Session Data/Mouse1639_LinearTrack_20241003_134737.mat,1,/media/toor/Seagate2/Mouse1639/Round3/Linear/2024-10-03T13_46_50/dlc_trim_info.csv,/media/toor/Seagate2/Mouse1639/Round3/Linear/2024-10-03T13_46_50/Linear_behavior2024-10-03T13_46_50.avi,,,True,False
Mouse1639,Linear,2024-10-04T12_50_19,2024-10-04,pre2026-05,detect,aging,/media/toor/Seagate2/Mouse1639/Round3/Linear/2024-10-04T12_50_19,/media/toor/Seagate2/Mouse1639/Round3/Linear_untrimmed/2024-10-04T12_50_19/behavior2024-10-04T12_50_19.avi,/media/toor/Seagate2/Mouse1639/Round3/Linear_untrimmed/2024-10-04T12_50_19/timestamps2024-10-04T12_50_19.csv,True,/media/toor/SeagateClean/Bpod Local/Data/Mouse1639/LinearTrack/Session Data/Mouse1639_LinearTrack_20241004_125054.mat,1,/media/toor/Seagate2/Mouse1639/Round3/Linear/2024-10-04T12_50_19/dlc_trim_info.csv,/media/toor/Seagate2/Mouse1639/Round3/Linear/2024-10-04T12_50_19/Linear_behavior2024-10-04T12_50_19.avi,,,True,False
Mouse1639,Linear,2024-10-05T16_06_36,2024-10-05,pre2026-05,detect,aging,/media/toor/Seagate2/Mouse1639/Round3/Linear/2024-10-05T16_06_36,/media/toor/Seagate2/Mouse1639/Round3/Linear_untrimmed/2024-10-05T16_06_36/behavior2024-10-05T16_06_36.avi,/media/toor/Seagate2/Mouse1639/Round3/Linear_untrimmed/2024-10-05T16_06_36/timestamps2024-10-05T16_06_36.csv,True,/media/toor/SeagateClean/Bpod Local/Data/Mouse1639/LinearTrack/Session Data/Mouse1639_LinearTrack_20241005_160642.mat,1,/media/toor/Seagate2/Mouse1639/Round3/Linear/2024-10-05T16_06_36/dlc_trim_info.csv,/media/toor/Seagate2/Mouse1639/Round3/Linear/2024-10-05T16_06_36/Linear_behavior2024-10-05T16_06_36.avi,,,True,False
Mouse1639,Linear,2024-10-06T13_27_29,2024-10-06,pre2026-05,detect,aging,/media/toor/Seagate2/Mouse1639/Round3/Linear/2024-10-06T13_27_29,/media/toor/Seagate2/Mouse1639/Round3/Linear_untrimmed/2024-10-06T13_27_29/behavior2024-10-06T13_27_29.avi,/media/toor/Seagate2/Mouse1639/Round3/Linear_untrimmed/2024-10-06T13_27_29/timestamps2024-10-06T13_27_29.csv,True,/media/toor/SeagateClean/Bpod Local/Data/Mouse1639/LinearTrack/Session Data/Mouse1639_LinearTrack_20241006_132750.mat,1,/media/toor/Seagate2/Mouse1639/Round3/Linear/2024-10-06T13_27_29/dlc_trim_info.csv,/media/toor/Seagate2/Mouse1639/Round3/Linear/2024-10-06T13_27_29/Linear_behavior2024-10-06T13_27_29.avi,,,True,False
Mouse1639,Linear,2024-10-09T13_15_21,2024-10-09,pre2026-05,detect,aging,/media/toor/Seagate2/Mouse1639/Round3/Linear/2024-10-09T13_15_21,/media/toor/Seagate2/Mouse1639/Round3/Linear_untrimmed/2024-10-09T13_15_21/behavior2024-10-09T13_15_21.avi,/media/toor/Seagate2/Mouse1639/Round3/Linear_untrimmed/2024-10-09T13_15_21/timestamps2024-10-09T13_15_21.csv,True,/media/toor/SeagateClean/Bpod Local/Data/Mouse1639/LinearTrack/Session Data/Mouse1639_LinearTrack_20241009_131531.mat,1,/media/toor/Seagate2/Mouse1639/Round3/Linear/2024-10-09T13_15_21/dlc_trim_info.csv,/media/toor/Seagate2/Mouse1639/Round3/Linear/2024-10-09T13_15_21/Linear_behavior2024-10-09T13_15_21.avi,,,True,False
Mouse1639,Linear,2024-10-10T13_55_26,2024-10-10,pre2026-05,detect,aging,/media/toor/Seagate2/Mouse1639/Round3/Linear/2024-10-10T13_55_26,/media/toor/Seagate2/Mouse1639/Round3/Linear_untrimmed/2024-10-10T13_55_26/behavior2024-10-10T13_55_26.avi,/media/toor/Seagate2/Mouse1639/Round3/Linear_untrimmed/2024-10-10T13_55_26/timestamps2024-10-10T13_55_26.csv,True,/media/toor/SeagateClean/Bpod Local/Data/Mouse1639/LinearTrack/Session Data/Mouse1639_LinearTrack_20241010_135540.mat,1,/media/toor/Seagate2/Mouse1639/Round3/Linear/2024-10-10T13_55_26/dlc_trim_info.csv,/media/toor/Seagate2/Mouse1639/Round3/Linear/2024-10-10T13_55_26/Linear_behavior2024-10-10T13_55_26.avi,,,True,False
Mouse1639,Linear,2024-10-11T14_21_13,2024-10-11,pre2026-05,detect,aging,/media/toor/Seagate2/Mouse1639/Round3/Linear/2024-10-11T14_21_13,/media/toor/Seagate2/Mouse1639/Round3/Linear_untrimmed/2024-10-11T14_21_13/behavior2024-10-11T14_21_13.avi,/media/toor/Seagate2/Mouse1639/Round3/Linear_untrimmed/2024-10-11T14_21_13/timestamps2024-10-11T14_21_13.csv,True,/media/toor/SeagateClean/Bpod Local/Data/Mouse1639/LinearTrack/Session Data/Mouse1639_LinearTrack_20241011_142124.mat,1,/media/toor/Seagate2/Mouse1639/Round3/Linear/2024-10-11T14_21_13/dlc_trim_info.csv,/media/toor/Seagate2/Mouse1639/Round3/Linear/2024-10-11T14_21_13/Linear_behavior2024-10-11T14_21_13.avi,,,True,False
Mouse1639,Linear,2024-10-13T13_34_29,2024-10-13,pre2026-05,detect,aging,/media/toor/Seagate2/Mouse1639/Round3/Linear/2024-10-13T13_34_29,/media/toor/Seagate2/Mouse1639/Round3/Linear_untrimmed/2024-10-13T13_34_29/behavior2024-10-13T13_34_29.avi,/media/toor/Seagate2/Mouse1639/Round3/Linear_untrimmed/2024-10-13T13_34_29/timestamps2024-10-13T13_34_29.csv,True,/media/toor/SeagateClean/Bpod Local/Data/Mouse1639/LinearTrack/Session Data/Mouse1639_LinearTrack_20241013_133440.mat,1,/media/toor/Seagate2/Mouse1639/Round3/Linear/2024-10-13T13_34_29/dlc_trim_info.csv,/media/toor/Seagate2/Mouse1639/Round3/Linear/2024-10-13T13_34_29/Linear_behavior2024-10-13T13_34_29.avi,,,True,False
Mouse1639,Linear,2024-10-14T13_58_59,2024-10-14,pre2026-05,detect,aging,/media/toor/Seagate2/Mouse1639/Round3/Linear/2024-10-14T13_58_59,/media/toor/Seagate2/Mouse1639/Round3/Linear_untrimmed/2024-10-14T13_58_59/behavior2024-10-14T13_58_59.avi,/media/toor/Seagate2/Mouse1639/Round3/Linear_untrimmed/2024-10-14T13_58_59/timestamps2024-10-14T13_58_59.csv,True,/media/toor/SeagateClean/Bpod Local/Data/Mouse1639/LinearTrack/Session Data/Mouse1639_LinearTrack_20241014_135906.mat,1,/media/toor/Seagate2/Mouse1639/Round3/Linear/2024-10-14T13_58_59/dlc_trim_info.csv,/media/toor/Seagate2/Mouse1639/Round3/Linear/2024-10-14T13_58_59/Linear_behavior2024-10-14T13_58_59.avi,,,True,False
Mouse1639,Linear,2024-10-15T13_49_39,2024-10-15,pre2026-05,detect,aging,/media/toor/Seagate2/Mouse1639/Round3/Linear/2024-10-15T13_49_39,/media/toor/Seagate2/Mouse1639/Round3/Linear_untrimmed/2024-10-15T13_49_39/behavior2024-10-15T13_49_39.avi,/media/toor/Seagate2/Mouse1639/Round3/Linear_untrimmed/2024-10-15T13_49_39/timestamps2024-10-15T13_49_39.csv,True,/media/toor/SeagateClean/Bpod Local/Data/Mouse1639/LinearTrack/Session Data/Mouse1639_LinearTrack_20241015_134948.mat,1,/media/toor/Seagate2/Mouse1639/Round3/Linear/2024-10-15T13_49_39/dlc_trim_info.csv,/media/toor/Seagate2/Mouse1639/Round3/Linear/2024-10-15T13_49_39/Linear_behavior2024-10-15T13_49_39.avi,,,True,False
Mouse1639,Linear,2024-10-16T14_31_09,2024-10-16,pre2026-05,detect,aging,/media/toor/Seagate2/Mouse1639/Round3/Linear/2024-10-16T14_31_09,/media/toor/Seagate2/Mouse1639/Round3/Linear_untrimmed/2024-10-16T14_31_09/behavior2024-10-16T14_31_09.avi,/media/toor/Seagate2/Mouse1639/Round3/Linear_untrimmed/2024-10-16T14_31_09/timestamps2024-10-16T14_31_09.csv,True,/media/toor/SeagateClean/Bpod Local/Data/Mouse1639/LinearTrack/Session Data/Mouse1639_LinearTrack_20241016_143116.mat,1,/media/toor/Seagate2/Mouse1639/Round3/Linear/2024-10-16T14_31_09/dlc_trim_info.csv,/media/toor/Seagate2/Mouse1639/Round3/Linear/2024-10-16T14_31_09/Linear_behavior2024-10-16T14_31_09.avi,,,True,False
Mouse1639,Linear,2024-10-17T14_06_13,2024-10-17,pre2026-05,detect,aging,/media/toor/Seagate2/Mouse1639/Round3/Linear/2024-10-17T14_06_13,/media/toor/Seagate2/Mouse1639/Round3/Linear_untrimmed/2024-10-17T14_06_13/behavior2024-10-17T14_06_13.avi,/media/toor/Seagate2/Mouse1639/Round3/Linear_untrimmed/2024-10-17T14_06_13/timestamps2024-10-17T14_06_13.csv,True,/media/toor/SeagateClean/Bpod Local/Data/Mouse1639/LinearTrack/Session Data/Mouse1639_LinearTrack_20241017_140612.mat,1,/media/toor/Seagate2/Mouse1639/Round3/Linear/2024-10-17T14_06_13/dlc_trim_info.csv,/media/toor/Seagate2/Mouse1639/Round3/Linear/2024-10-17T14_06_13/Linear_behavior2024-10-17T14_06_13.avi,,,True,False
Mouse1639,Linear,2024-10-18T14_42_40,2024-10-18,pre2026-05,detect,aging,/media/toor/Seagate2/Mouse1639/Round3/Linear/2024-10-18T14_42_40,/media/toor/Seagate2/Mouse1639/Round3/Linear_untrimmed/2024-10-18T14_42_40/behavior2024-10-18T14_42_40.avi,/media/toor/Seagate2/Mouse1639/Round3/Linear_untrimmed/2024-10-18T14_42_40/timestamps2024-10-18T14_42_40.csv,True,/media/toor/SeagateClean/Bpod Local/Data/Mouse1639/LinearTrack/Session Data/Mouse1639_LinearTrack_20241018_144249.mat,1,/media/toor/Seagate2/Mouse1639/Round3/Linear/2024-10-18T14_42_40/dlc_trim_info.csv,/media/toor/Seagate2/Mouse1639/Round3/Linear/2024-10-18T14_42_40/Linear_behavior2024-10-18T14_42_40.avi,,,True,False
Mouse1639,Linear,2024-10-19T15_14_46,2024-10-19,pre2026-05,detect,aging,/media/toor/Seagate2/Mouse1639/Round3/Linear/2024-10-19T15_14_46,/media/toor/Seagate2/Mouse1639/Round3/Linear_untrimmed/2024-10-19T15_14_46/behavior2024-10-19T15_14_46.avi,/media/toor/Seagate2/Mouse1639/Round3/Linear_untrimmed/2024-10-19T15_14_46/timestamps2024-10-19T15_14_46.csv,True,/media/toor/SeagateClean/Bpod Local/Data/Mouse1639/LinearTrack/Session Data/Mouse1639_LinearTrack_20241019_151454.mat,1,/media/toor/Seagate2/Mouse1639/Round3/Linear/2024-10-19T15_14_46/dlc_trim_info.csv,/media/toor/Seagate2/Mouse1639/Round3/Linear/2024-10-19T15_14_46/Linear_behavior2024-10-19T15_14_46.avi,,,True,False
Mouse1639,Linear,2024-10-21T14_07_35,2024-10-21,pre2026-05,detect,aging,/media/toor/Seagate2/Mouse1639/Round3/Linear/2024-10-21T14_07_35,/media/toor/Seagate2/Mouse1639/Round3/Linear_untrimmed/2024-10-21T14_07_35/behavior2024-10-21T14_07_35.avi,/media/toor/Seagate2/Mouse1639/Round3/Linear_untrimmed/2024-10-21T14_07_35/timestamps2024-10-21T14_07_35.csv,True,/media/toor/SeagateClean/Bpod Local/Data/Mouse1639/LinearTrack/Session Data/Mouse1639_LinearTrack_20241021_140435.mat,1,/media/toor/Seagate2/Mouse1639/Round3/Linear/2024-10-21T14_07_35/dlc_trim_info.csv,/media/toor/Seagate2/Mouse1639/Round3/Linear/2024-10-21T14_07_35/Linear_behavior2024-10-21T14_07_35.avi,,,True,False
Mouse1639,Linear,2024-10-22T13_48_53,2024-10-22,pre2026-05,detect,aging,/media/toor/Seagate2/Mouse1639/Round3/Linear/2024-10-22T13_48_53,/media/toor/Seagate2/Mouse1639/Round3/Linear_untrimmed/2024-10-22T13_48_53/behavior2024-10-22T13_48_53.avi,/media/toor/Seagate2/Mouse1639/Round3/Linear_untrimmed/2024-10-22T13_48_53/timestamps2024-10-22T13_48_53.csv,True,/media/toor/SeagateClean/Bpod Local/Data/Mouse1639/LinearTrack/Session Data/Mouse1639_LinearTrack_20241022_134902.mat,1,/media/toor/Seagate2/Mouse1639/Round3/Linear/2024-10-22T13_48_53/dlc_trim_info.csv,/media/toor/Seagate2/Mouse1639/Round3/Linear/2024-10-22T13_48_53/Linear_behavior2024-10-22T13_48_53.avi,,,True,False
Mouse1639,Linear,2024-10-23T13_01_49,2024-10-23,pre2026-05,detect,aging,/media/toor/Seagate2/Mouse1639/Round3/Linear/2024-10-23T13_01_49,/media/toor/Seagate2/Mouse1639/Round3/Linear_untrimmed/2024-10-23T13_01_49/behavior2024-10-23T13_01_49.avi,/media/toor/Seagate2/Mouse1639/Round3/Linear_untrimmed/2024-10-23T13_01_49/timestamps2024-10-23T13_01_49.csv,True,/media/toor/SeagateClean/Bpod Local/Data/Mouse1639/LinearTrack/Session Data/Mouse1639_LinearTrack_20241023_130157.mat,1,/media/toor/Seagate2/Mouse1639/Round3/Linear/2024-10-23T13_01_49/dlc_trim_info.csv,/media/toor/Seagate2/Mouse1639/Round3/Linear/2024-10-23T13_01_49/Linear_behavior2024-10-23T13_01_49.avi,,,True,False
Mouse1639,Linear,2024-10-24T15_05_35,2024-10-24,pre2026-05,detect,aging,/media/toor/Seagate2/Mouse1639/Round3/Linear/2024-10-24T15_05_35,/media/toor/Seagate2/Mouse1639/Round3/Linear_untrimmed/2024-10-24T15_05_35/behavior2024-10-24T15_05_35.avi,/media/toor/Seagate2/Mouse1639/Round3/Linear_untrimmed/2024-10-24T15_05_35/timestamps2024-10-24T15_05_35.csv,True,/media/toor/SeagateClean/Bpod Local/Data/Mouse1639/LinearTrack/Session Data/Mouse1639_LinearTrack_20241024_150543.mat,1,/media/toor/Seagate2/Mouse1639/Round3/Linear/2024-10-24T15_05_35/dlc_trim_info.csv,/media/toor/Seagate2/Mouse1639/Round3/Linear/2024-10-24T15_05_35/Linear_behavior2024-10-24T15_05_35.avi,,,True,False
Mouse1639,Linear,2024-10-25T12_48_11,2024-10-25,pre2026-05,detect,aging,/media/toor/Seagate2/Mouse1639/Round3/Linear/2024-10-25T12_48_11,/media/toor/Seagate2/Mouse1639/Round3/Linear_untrimmed/2024-10-25T12_48_11/behavior2024-10-25T12_48_11.avi,/media/toor/Seagate2/Mouse1639/Round3/Linear_untrimmed/2024-10-25T12_48_11/timestamps2024-10-25T12_48_11.csv,True,/media/toor/SeagateClean/Bpod Local/Data/Mouse1639/LinearTrack/Session Data/Mouse1639_LinearTrack_20241025_124823.mat,1,/media/toor/Seagate2/Mouse1639/Round3/Linear/2024-10-25T12_48_11/dlc_trim_info.csv,/media/toor/Seagate2/Mouse1639/Round3/Linear/2024-10-25T12_48_11/Linear_behavior2024-10-25T12_48_11.avi,,,True,False
Mouse1639,Linear,2024-10-26T14_12_14,2024-10-26,pre2026-05,detect,aging,/media/toor/Seagate2/Mouse1639/Round3/Linear/2024-10-26T14_12_14,/media/toor/Seagate2/Mouse1639/Round3/Linear_untrimmed/2024-10-26T14_12_14/behavior2024-10-26T14_12_14.avi,/media/toor/Seagate2/Mouse1639/Round3/Linear_untrimmed/2024-10-26T14_12_14/timestamps2024-10-26T14_12_14.csv,True,/media/toor/SeagateClean/Bpod Local/Data/Mouse1639/LinearTrack/Session Data/Mouse1639_LinearTrack_20241026_141228.mat,1,/media/toor/Seagate2/Mouse1639/Round3/Linear/2024-10-26T14_12_14/dlc_trim_info.csv,/media/toor/Seagate2/Mouse1639/Round3/Linear/2024-10-26T14_12_14/Linear_behavior2024-10-26T14_12_14.avi,,,True,False
Mouse1639,Linear,2024-10-27T14_30_47,2024-10-27,pre2026-05,detect,aging,/media/toor/Seagate2/Mouse1639/Round3/Linear/2024-10-27T14_30_47,/media/toor/Seagate2/Mouse1639/Round3/Linear_untrimmed/2024-10-27T14_30_47/behavior2024-10-27T14_30_47.avi,/media/toor/Seagate2/Mouse1639/Round3/Linear_untrimmed/2024-10-27T14_30_47/timestamps2024-10-27T14_30_47.csv,True,/media/toor/SeagateClean/Bpod Local/Data/Mouse1639/LinearTrack/Session Data/Mouse1639_LinearTrack_20241027_143100.mat,1,/media/toor/Seagate2/Mouse1639/Round3/Linear/2024-10-27T14_30_47/dlc_trim_info.csv,/media/toor/Seagate2/Mouse1639/Round3/Linear/2024-10-27T14_30_47/Linear_behavior2024-10-27T14_30_47.avi,,,True,False
Mouse1639,Linear,2024-10-28T15_47_54,2024-10-28,pre2026-05,detect,aging,/media/toor/Seagate2/Mouse1639/Round3/Linear/2024-10-28T15_47_54,/media/toor/Seagate2/Mouse1639/Round3/Linear_untrimmed/2024-10-28T15_47_54/behavior2024-10-28T15_47_54.avi,/media/toor/Seagate2/Mouse1639/Round3/Linear_untrimmed/2024-10-28T15_47_54/timestamps2024-10-28T15_47_54.csv,True,/media/toor/SeagateClean/Bpod Local/Data/Mouse1639/LinearTrack/Session Data/Mouse1639_LinearTrack_20241028_154806.mat,1,/media/toor/Seagate2/Mouse1639/Round3/Linear/2024-10-28T15_47_54/dlc_trim_info.csv,/media/toor/Seagate2/Mouse1639/Round3/Linear/2024-10-28T15_47_54/Linear_behavior2024-10-28T15_47_54.avi,,,True,False
Mouse1639,Linear,2024-10-29T14_25_39,2024-10-29,pre2026-05,detect,aging,/media/toor/Seagate2/Mouse1639/Round3/Linear/2024-10-29T14_25_39,/media/toor/Seagate2/Mouse1639/Round3/Linear_untrimmed/2024-10-29T14_25_39/behavior2024-10-29T14_25_39.avi,/media/toor/Seagate2/Mouse1639/Round3/Linear_untrimmed/2024-10-29T14_25_39/timestamps2024-10-29T14_25_39.csv,True,/media/toor/SeagateClean/Bpod Local/Data/Mouse1639/LinearTrack/Session Data/Mouse1639_LinearTrack_20241029_142551.mat,1,/media/toor/Seagate2/Mouse1639/Round3/Linear/2024-10-29T14_25_39/dlc_trim_info.csv,/media/toor/Seagate2/Mouse1639/Round3/Linear/2024-10-29T14_25_39/Linear_behavior2024-10-29T14_25_39.avi,,,True,False
Mouse1639,TMaze,2024-06-13T13_22_52,2024-06-13,aging2024,align,aging,/media/toor/Seagate2/Mouse1639/Round1.5/TMaze/2024-06-13T13_22_52,/media/toor/Seagate2/Mouse1639/Round1.5/Linear_untrimmed/2024-06-13T13_22_52/behavior2024-06-13T13_22_52.avi,/media/toor/Seagate2/Mouse1639/Round1.5/Linear_untrimmed/2024-06-13T13_22_52/timestamps2024-06-13T13_22_52.csv,True,/media/toor/SeagateClean/Bpod Local/Data/Mouse1639/TMaze2/Session Data/Mouse1639_TMaze2_20240613_132917.mat,1,/media/toor/Seagate2/Mouse1639/Round1.5/TMaze/2024-06-13T13_22_52/dlc_trim_info.csv,/media/toor/Seagate2/Mouse1639/Round1.5/TMaze/2024-06-13T13_22_52/TMaze_behavior2024-06-13T13_22_52.avi,,,True,False
Mouse1639,TMaze,2024-06-14T18_15_58,2024-06-14,aging2024,align,aging,/media/toor/Seagate2/Mouse1639/Round1.5/TMaze/2024-06-14T18_15_58,/media/toor/Seagate2/Mouse1639/Round1.5/Linear_untrimmed/2024-06-14T18_15_58/behavior2024-06-14T18_15_58.avi,/media/toor/Seagate2/Mouse1639/Round1.5/Linear_untrimmed/2024-06-14T18_15_58/timestamps2024-06-14T18_15_58.csv,True,/media/toor/SeagateClean/Bpod Local/Data/Mouse1636/TMaze2/Session Data/Mouse1639_TMaze2_20240614_132427.mat,2,/media/toor/Seagate2/Mouse1639/Round1.5/TMaze/2024-06-14T18_15_58/dlc_trim_info.csv,/media/toor/Seagate2/Mouse1639/Round1.5/TMaze/2024-06-14T18_15_58/TMaze_behavior2024-06-14T18_15_58.avi,,,True,False
Mouse1639,TMaze,2024-06-15T15_57_38,2024-06-15,aging2024,align,aging,/media/toor/Seagate2/Mouse1639/Round1.5/TMaze/2024-06-15T15_57_38,/media/toor/Seagate2/Mouse1639/Round1.5/TMaze_untrimmed/2024-06-15T15_57_38/behavior2024-06-15T15_57_38.avi,/media/toor/Seagate2/Mouse1639/Round1.5/TMaze_untrimmed/2024-06-15T15_57_38/timestamps2024-06-15T15_57_38.csv,True,/media/toor/SeagateClean/Bpod Local/Data/Mouse1639/TMaze2/Session Data/Mouse1639_TMaze2_20240615_160311.mat,1,/media/toor/Seagate2/Mouse1639/Round1.5/TMaze/2024-06-15T15_57_38/dlc_trim_info.csv,/media/toor/Seagate2/Mouse1639/Round1.5/TMaze/2024-06-15T15_57_38/TMaze_behavior2024-06-15T15_57_38.avi,/media/toor/Seagate2/Mouse1639/Round1.5/TMaze/2024-06-15T15_57_38/dlc/2024-06-15_15-57-38_TMaze_trials.csv,,True,True
Mouse1639,TMaze,2024-06-16T10_41_55,2024-06-16,aging2024,align,aging,/media/toor/Seagate2/Mouse1639/Round1.5/TMaze/2024-06-16T10_41_55,/media/toor/Seagate2/Mouse1639/Round1.5/TMaze_untrimmed/2024-06-16T10_41_55/behavior2024-06-16T10_41_55.avi,/media/toor/Seagate2/Mouse1639/Round1.5/TMaze_untrimmed/2024-06-16T10_41_55/timestamps2024-06-16T10_41_55.csv,True,/media/toor/SeagateClean/Bpod Local/Data/Mouse1639/TMaze2/Session Data/Mouse1639_TMaze2_20240616_104702.mat,1,/media/toor/Seagate2/Mouse1639/Round1.5/TMaze/2024-06-16T10_41_55/dlc_trim_info.csv,/media/toor/Seagate2/Mouse1639/Round1.5/TMaze/2024-06-16T10_41_55/TMaze_behavior2024-06-16T10_41_55.avi,/media/toor/Seagate2/Mouse1639/Round1.5/TMaze/2024-06-16T10_41_55/dlc/2024-06-16_10-41-55_TMaze_trials.csv,,True,True
Mouse1639,TMaze,2024-06-17T12_00_15,2024-06-17,aging2024,align,aging,/media/toor/Seagate2/Mouse1639/Round1.5/TMaze/2024-06-17T12_00_15,/media/toor/Seagate2/Mouse1639/Round1.5/TMaze_untrimmed/2024-06-17T12_00_15/behavior2024-06-17T12_00_15.avi,/media/toor/Seagate2/Mouse1639/Round1.5/TMaze_untrimmed/2024-06-17T12_00_15/timestamps2024-06-17T12_00_15.csv,True,/media/toor/SeagateClean/Bpod Local/Data/Mouse1639/TMaze2/Session Data/Mouse1639_TMaze2_20240617_120522.mat,1,/media/toor/Seagate2/Mouse1639/Round1.5/TMaze/2024-06-17T12_00_15/dlc_trim_info.csv,/media/toor/Seagate2/Mouse1639/Round1.5/TMaze/2024-06-17T12_00_15/TMaze_behavior2024-06-17T12_00_15.avi,/media/toor/Seagate2/Mouse1639/Round1.5/TMaze/2024-06-17T12_00_15/dlc/2024-06-17_12-00-15_TMaze_trials.csv,,True,True
Mouse1639,TMaze,2024-06-18T14_18_25,2024-06-18,aging2024,align,aging,/media/toor/Seagate2/Mouse1639/Round1.5/TMaze_trim3/2024-06-18T14_18_25,/media/toor/Seagate2/Mouse1639/Round1.5/TMaze_untrimmed/2024-06-18T14_18_25/behavior2024-06-18T14_18_25.avi,/media/toor/Seagate2/Mouse1639/Round1.5/TMaze_untrimmed/2024-06-18T14_18_25/timestamps2024-06-18T14_18_25.csv,True,/media/toor/SeagateClean/Bpod Local/Data/Mouse1639/TMaze2/Session Data/Mouse1639_TMaze2_20240618_142451.mat,2,/media/toor/Seagate2/Mouse1639/Round1.5/TMaze_trim3/2024-06-18T14_18_25/dlc_trim_info.csv,/media/toor/Seagate2/Mouse1639/Round1.5/TMaze_trim3/2024-06-18T14_18_25/TMaze_behavior2024-06-18T14_18_25.avi,/media/toor/Seagate2/Mouse1639/Round1.5/TMaze_trim3/2024-06-18T14_18_25/dlc/2024-06-18_14-18-25_TMaze_trials.csv,,True,True
Mouse1639,TMaze,2024-06-18T14_39_25,2024-06-18,aging2024,align,aging,/media/toor/Seagate2/Mouse1639/Round1.5/TMaze/2024-06-18T14_39_25,/media/toor/Seagate2/Mouse1639/Round1.5/TMaze_untrimmed/2024-06-18T14_39_25/behavior2024-06-18T14_39_25.avi,/media/toor/Seagate2/Mouse1639/Round1.5/TMaze_untrimmed/2024-06-18T14_39_25/timestamps2024-06-18T14_39_25.csv,True,/media/toor/SeagateClean/Bpod Local/Data/Mouse1639/TMaze2/Session Data/Mouse1639_TMaze2_20240618_143918.mat,2,/media/toor/Seagate2/Mouse1639/Round1.5/TMaze/2024-06-18T14_39_25/dlc_trim_info.csv,/media/toor/Seagate2/Mouse1639/Round1.5/TMaze/2024-06-18T14_39_25/TMaze_behavior2024-06-18T14_39_25.avi,/media/toor/Seagate2/Mouse1639/Round1.5/TMaze/2024-06-18T14_39_25/dlc/2024-06-18_14-39-25_TMaze_trials.csv,,True,True
Mouse1639,TMaze,2024-06-19T11_37_25,2024-06-19,aging2024,align,aging,/media/toor/Seagate2/Mouse1639/Round1.5/TMaze_trim3/2024-06-19T11_37_25,/media/toor/Seagate2/Mouse1639/Round1.5/TMaze_untrimmed/2024-06-19T11_37_25/behavior2024-06-19T11_37_25.avi,/media/toor/Seagate2/Mouse1639/Round1.5/TMaze_untrimmed/2024-06-19T11_37_25/timestamps2024-06-19T11_37_25.csv,True,/media/toor/SeagateClean/Bpod Local/Data/Mouse1639/TMaze4/Session Data/Mouse1639_TMaze4_20240619_114717.mat,1,/media/toor/Seagate2/Mouse1639/Round1.5/TMaze_trim3/2024-06-19T11_37_25/dlc_trim_info.csv,/media/toor/Seagate2/Mouse1639/Round1.5/TMaze_trim3/2024-06-19T11_37_25/TMaze_behavior2024-06-19T11_37_25.avi,/media/toor/Seagate2/Mouse1639/Round1.5/TMaze_trim3/2024-06-19T11_37_25/dlc/2024-06-19_11-37-25_TMaze_trials.csv,,True,True
Mouse1639,TMaze,2024-06-19T11_41_30,2024-06-19,aging2024,align,aging,/media/toor/Seagate2/Mouse1639/Round1.5/TMaze/2024-06-19T11_41_30,/media/toor/Seagate2/Mouse1639/Round1.5/TMaze_untrimmed/2024-06-19T11_41_30/behavior2024-06-19T11_41_30.avi,/media/toor/Seagate2/Mouse1639/Round1.5/TMaze_untrimmed/2024-06-19T11_41_30/timestamps2024-06-19T11_41_30.csv,True,/media/toor/SeagateClean/Bpod Local/Data/Mouse1639/TMaze4/Session Data/Mouse1639_TMaze4_20240619_114717.mat,1,/media/toor/Seagate2/Mouse1639/Round1.5/TMaze/2024-06-19T11_41_30/dlc_trim_info.csv,/media/toor/Seagate2/Mouse1639/Round1.5/TMaze/2024-06-19T11_41_30/TMaze_behavior2024-06-19T11_41_30.avi,/media/toor/Seagate2/Mouse1639/Round1.5/TMaze/2024-06-19T11_41_30/dlc/2024-06-19_11-41-30_TMaze_trials.csv,,True,True
Mouse1639,TMaze,2024-06-20T16_25_17,2024-06-20,aging2024,align,aging,/media/toor/Seagate2/Mouse1639/Round1.5/TMaze/2024-06-20T16_25_17,/media/toor/Seagate2/Mouse1639/Round1.5/TMaze_untrimmed/2024-06-20T16_25_17/behavior2024-06-20T16_25_17.avi,/media/toor/Seagate2/Mouse1639/Round1.5/TMaze_untrimmed/2024-06-20T16_25_17/timestamps2024-06-20T16_25_17.csv,True,/media/toor/SeagateClean/Bpod Local/Data/Mouse1639/TMaze4/Session Data/Mouse1639_TMaze4_20240620_162535.mat,1,/media/toor/Seagate2/Mouse1639/Round1.5/TMaze/2024-06-20T16_25_17/dlc_trim_info.csv,/media/toor/Seagate2/Mouse1639/Round1.5/TMaze/2024-06-20T16_25_17/TMaze_behavior2024-06-20T16_25_17.avi,/media/toor/Seagate2/Mouse1639/Round1.5/TMaze/2024-06-20T16_25_17/dlc/2024-06-20_16-25-17_TMaze_trials.csv,,True,True
Mouse1639,TMaze,2024-06-21T14_34_25,2024-06-21,aging2024,align,aging,/media/toor/Seagate2/Mouse1639/Round1.5/TMaze/2024-06-21T14_34_25,/media/toor/Seagate2/Mouse1639/Round1.5/TMaze_untrimmed/2024-06-21T14_34_25/behavior2024-06-21T14_34_25.avi,/media/toor/Seagate2/Mouse1639/Round1.5/TMaze_untrimmed/2024-06-21T14_34_25/timestamps2024-06-21T14_34_25.csv,True,/media/toor/SeagateClean/Bpod Local/Data/Mouse1639/TMaze4/Session Data/Mouse1639_TMaze4_20240621_143739.mat,1,/media/toor/Seagate2/Mouse1639/Round1.5/TMaze/2024-06-21T14_34_25/dlc_trim_info.csv,/media/toor/Seagate2/Mouse1639/Round1.5/TMaze/2024-06-21T14_34_25/TMaze_behavior2024-06-21T14_34_25.avi,/media/toor/Seagate2/Mouse1639/Round1.5/TMaze/2024-06-21T14_34_25/dlc/2024-06-21_14-34-25_TMaze_trials.csv,,True,True
Mouse1639,TMaze,2024-06-22T15_22_15,2024-06-22,aging2024,align,aging,/media/toor/Seagate2/Mouse1639/Round1.5/TMaze/2024-06-22T15_22_15,/media/toor/Seagate2/Mouse1639/Round1.5/TMaze_untrimmed/2024-06-22T15_22_15/behavior2024-06-22T15_22_15.avi,/media/toor/Seagate2/Mouse1639/Round1.5/TMaze_untrimmed/2024-06-22T15_22_15/timestamps2024-06-22T15_22_15.csv,True,/media/toor/SeagateClean/Bpod Local/Data/Mouse1639/TMaze4/Session Data/Mouse1639_TMaze4_20240622_152232.mat,1,/media/toor/Seagate2/Mouse1639/Round1.5/TMaze/2024-06-22T15_22_15/dlc_trim_info.csv,/media/toor/Seagate2/Mouse1639/Round1.5/TMaze/2024-06-22T15_22_15/TMaze_behavior2024-06-22T15_22_15.avi,/media/toor/Seagate2/Mouse1639/Round1.5/TMaze/2024-06-22T15_22_15/dlc/2024-06-22_15-22-15_TMaze_trials.csv,,True,True
Mouse1639,TMaze,2024-06-23T10_36_54,2024-06-23,aging2024,align,aging,/media/toor/Seagate2/Mouse1639/Round1.5/TMaze/2024-06-23T10_36_54,/media/toor/Seagate2/Mouse1639/Round1.5/TMaze_untrimmed/2024-06-23T10_36_54/behavior2024-06-23T10_36_54.avi,/media/toor/Seagate2/Mouse1639/Round1.5/TMaze_untrimmed/2024-06-23T10_36_54/timestamps2024-06-23T10_36_54.csv,True,/media/toor/SeagateClean/Bpod Local/Data/Mouse1639/TMaze4/Session Data/Mouse1639_TMaze4_20240623_103716.mat,1,/media/toor/Seagate2/Mouse1639/Round1.5/TMaze/2024-06-23T10_36_54/dlc_trim_info.csv,/media/toor/Seagate2/Mouse1639/Round1.5/TMaze/2024-06-23T10_36_54/TMaze_behavior2024-06-23T10_36_54.avi,/media/toor/Seagate2/Mouse1639/Round1.5/TMaze/2024-06-23T10_36_54/dlc/2024-06-23_10-36-54_TMaze_trials.csv,,True,True
Mouse1639,TMaze,2024-06-24T14_15_20,2024-06-24,aging2024,align,aging,/media/toor/Seagate2/Mouse1639/Round1.5/TMaze/2024-06-24T14_15_20,/media/toor/Seagate2/Mouse1639/Round1.5/TMaze_untrimmed/2024-06-24T14_15_20/behavior2024-06-24T14_15_20.avi,/media/toor/Seagate2/Mouse1639/Round1.5/TMaze_untrimmed/2024-06-24T14_15_20/timestamps2024-06-24T14_15_20.csv,True,/media/toor/SeagateClean/Bpod Local/Data/Mouse1639/TMaze2/Session Data/Mouse1639_TMaze2_20240624_142144.mat,1,/media/toor/Seagate2/Mouse1639/Round1.5/TMaze/2024-06-24T14_15_20/dlc_trim_info.csv,/media/toor/Seagate2/Mouse1639/Round1.5/TMaze/2024-06-24T14_15_20/TMaze_behavior2024-06-24T14_15_20.avi,/media/toor/Seagate2/Mouse1639/Round1.5/TMaze/2024-06-24T14_15_20/dlc/2024-06-24_14-15-20_TMaze_trials.csv,,True,True
Mouse1639,TMaze,2024-06-25T17_14_17,2024-06-25,aging2024,align,aging,/media/toor/Seagate2/Mouse1639/Round1.5/TMaze/2024-06-25T17_14_17,/media/toor/Seagate2/Mouse1639/Round1.5/TMaze_untrimmed/2024-06-25T17_14_17/behavior2024-06-25T17_14_17.avi,/media/toor/Seagate2/Mouse1639/Round1.5/TMaze_untrimmed/2024-06-25T17_14_17/timestamps2024-06-25T17_14_17.csv,True,/media/toor/SeagateClean/Bpod Local/Data/Mouse1639/TMaze2/Session Data/Mouse1639_TMaze2_20240625_171426.mat,1,/media/toor/Seagate2/Mouse1639/Round1.5/TMaze/2024-06-25T17_14_17/dlc_trim_info.csv,/media/toor/Seagate2/Mouse1639/Round1.5/TMaze/2024-06-25T17_14_17/TMaze_behavior2024-06-25T17_14_17.avi,/media/toor/Seagate2/Mouse1639/Round1.5/TMaze/2024-06-25T17_14_17/dlc/2024-06-25_17-14-17_TMaze_trials.csv,,True,True
Mouse1639,TMaze,2024-06-26T15_26_18,2024-06-26,aging2024,align,aging,/media/toor/Seagate2/Mouse1639/Round1.5/TMaze/2024-06-26T15_26_18,/media/toor/Seagate2/Mouse1639/Round1.5/TMaze_untrimmed/2024-06-26T15_26_18/behavior2024-06-26T15_26_18.avi,/media/toor/Seagate2/Mouse1639/Round1.5/TMaze_untrimmed/2024-06-26T15_26_18/timestamps2024-06-26T15_26_18.csv,True,/media/toor/SeagateClean/Bpod Local/Data/Mouse1639/TMaze2/Session Data/Mouse1639_TMaze2_20240626_152637.mat,1,/media/toor/Seagate2/Mouse1639/Round1.5/TMaze/2024-06-26T15_26_18/dlc_trim_info.csv,/media/toor/Seagate2/Mouse1639/Round1.5/TMaze/2024-06-26T15_26_18/TMaze_behavior2024-06-26T15_26_18.avi,/media/toor/Seagate2/Mouse1639/Round1.5/TMaze/2024-06-26T15_26_18/dlc/2024-06-26_15-26-18_TMaze_trials.csv,,True,True
Mouse1639,TMaze,2024-06-27T14_09_07,2024-06-27,aging2024,align,aging,/media/toor/Seagate2/Mouse1639/Round1.5/TMaze_trim3/2024-06-27T14_09_07,/media/toor/Seagate2/Mouse1639/Round1.5/TMaze_untrimmed/2024-06-27T14_09_07/behavior2024-06-27T14_09_07.avi,/media/toor/Seagate2/Mouse1639/Round1.5/TMaze_untrimmed/2024-06-27T14_09_07/timestamps2024-06-27T14_09_07.csv,True,/media/toor/SeagateClean/Bpod Local/Data/Mouse1639/TMaze2/Session Data/Mouse1639_TMaze2_20240627_140929.mat,2,/media/toor/Seagate2/Mouse1639/Round1.5/TMaze_trim3/2024-06-27T14_09_07/dlc_trim_info.csv,/media/toor/Seagate2/Mouse1639/Round1.5/TMaze_trim3/2024-06-27T14_09_07/TMaze_behavior2024-06-27T14_09_07.avi,/media/toor/Seagate2/Mouse1639/Round1.5/TMaze_trim3/2024-06-27T14_09_07/dlc/2024-06-27_14-09-07_TMaze_trials.csv,,True,True
Mouse1639,TMaze,2024-06-27T15_49_12,2024-06-27,aging2024,align,aging,/media/toor/Seagate2/Mouse1639/Round1.5/TMaze/2024-06-27T15_49_12,/media/toor/Seagate2/Mouse1639/Round1.5/TMaze_untrimmed/2024-06-27T15_49_12/behavior2024-06-27T15_49_12.avi,/media/toor/Seagate2/Mouse1639/Round1.5/TMaze_untrimmed/2024-06-27T15_49_12/timestamps2024-06-27T15_49_12.csv,True,/media/toor/SeagateClean/Bpod Local/Data/Mouse1639/TMaze2/Session Data/Mouse1639_TMaze2_20240627_154923.mat,2,/media/toor/Seagate2/Mouse1639/Round1.5/TMaze/2024-06-27T15_49_12/dlc_trim_info.csv,/media/toor/Seagate2/Mouse1639/Round1.5/TMaze/2024-06-27T15_49_12/TMaze_behavior2024-06-27T15_49_12.avi,/media/toor/Seagate2/Mouse1639/Round1.5/TMaze/2024-06-27T15_49_12/dlc/2024-06-27_15-49-12_TMaze_trials.csv,,True,True
Mouse1639,TMaze,2024-06-28T15_07_15,2024-06-28,aging2024,align,aging,/media/toor/Seagate2/Mouse1639/Round1.5/TMaze/2024-06-28T15_07_15,/media/toor/Seagate2/Mouse1639/Round1.5/TMaze_untrimmed/2024-06-28T15_07_15/behavior2024-06-28T15_07_15.avi,/media/toor/Seagate2/Mouse1639/Round1.5/TMaze_untrimmed/2024-06-28T15_07_15/timestamps2024-06-28T15_07_15.csv,True,/media/toor/SeagateClean/Bpod Local/Data/Mouse1639/TMaze2/Session Data/Mouse1639_TMaze2_20240628_174324.mat,2,/media/toor/Seagate2/Mouse1639/Round1.5/TMaze/2024-06-28T15_07_15/dlc_trim_info.csv,/media/toor/Seagate2/Mouse1639/Round1.5/TMaze/2024-06-28T15_07_15/TMaze_behavior2024-06-28T15_07_15.avi,/media/toor/Seagate2/Mouse1639/Round1.5/TMaze/2024-06-28T15_07_15/dlc/2024-06-28_15-07-15_TMaze_trials.csv,,True,True
Mouse1639,TMaze,2024-06-29T19_50_39,2024-06-29,aging2024,align,aging,/media/toor/Seagate2/Mouse1639/Round1.5/TMaze/2024-06-29T19_50_39,/media/toor/Seagate2/Mouse1639/Round1.5/TMaze_untrimmed/2024-06-29T19_50_39/behavior2024-06-29T19_50_39.avi,/media/toor/Seagate2/Mouse1639/Round1.5/TMaze_untrimmed/2024-06-29T19_50_39/timestamps2024-06-29T19_50_39.csv,True,/media/toor/SeagateClean/Bpod Local/Data/Mouse1639/TMaze2/Session Data/Mouse1639_TMaze2_20240629_195053.mat,1,/media/toor/Seagate2/Mouse1639/Round1.5/TMaze/2024-06-29T19_50_39/dlc_trim_info.csv,/media/toor/Seagate2/Mouse1639/Round1.5/TMaze/2024-06-29T19_50_39/TMaze_behavior2024-06-29T19_50_39.avi,/media/toor/Seagate2/Mouse1639/Round1.5/TMaze/2024-06-29T19_50_39/dlc/2024-06-29_19-50-39_TMaze_trials.csv,,True,True
Mouse1639,TMaze,2024-10-02T14_41_31,2024-10-02,aging2024,align,aging,/media/toor/Seagate2/Mouse1639/Round3/TMaze/2024-10-02T14_41_31,/media/toor/Seagate2/Mouse1639/Round3/TMaze_untrimmed/2024-10-02T14_41_31/behavior2024-10-02T14_41_31.avi,/media/toor/Seagate2/Mouse1639/Round3/TMaze_untrimmed/2024-10-02T14_41_31/timestamps2024-10-02T14_41_31.csv,True,/media/toor/SeagateClean/Bpod Local/Data/Mouse1639/TMaze2/Session Data/Mouse1639_TMaze2_20241002_144125.mat,1,/media/toor/Seagate2/Mouse1639/Round3/TMaze/2024-10-02T14_41_31/dlc_trim_info.csv,/media/toor/Seagate2/Mouse1639/Round3/TMaze/2024-10-02T14_41_31/TMaze_behavior2024-10-02T14_41_31.avi,/media/toor/Seagate2/Mouse1639/Round3/TMaze/2024-10-02T14_41_31/dlc/2024-10-02_14-41-31_TMaze_trimmed_trials.csv,/media/toor/Seagate2/Mouse1639/Round3/TMaze/2024-10-02T14_41_31/dlc/2024-10-02_14-41-31_TMaze_TMaze_linearized_binned_trials_70nbins.csv,True,True
Mouse1639,TMaze,2024-10-03T13_15_08,2024-10-03,aging2024,align,aging,/media/toor/Seagate2/Mouse1639/Round3/TMaze/2024-10-03T13_15_08,/media/toor/Seagate2/Mouse1639/Round3/TMaze_untrimmed/2024-10-03T13_15_08/behavior2024-10-03T13_15_08.avi,/media/toor/Seagate2/Mouse1639/Round3/TMaze_untrimmed/2024-10-03T13_15_08/timestamps2024-10-03T13_15_08.csv,True,/media/toor/SeagateClean/Bpod Local/Data/Mouse1639/TMaze2/Session Data/Mouse1639_TMaze2_20241003_132121.mat,1,/media/toor/Seagate2/Mouse1639/Round3/TMaze/2024-10-03T13_15_08/dlc_trim_info.csv,/media/toor/Seagate2/Mouse1639/Round3/TMaze/2024-10-03T13_15_08/TMaze_behavior2024-10-03T13_15_08.avi,/media/toor/Seagate2/Mouse1639/Round3/TMaze/2024-10-03T13_15_08/dlc/2024-10-03_13-15-08_TMaze_trimmed_trials.csv,/media/toor/Seagate2/Mouse1639/Round3/TMaze/2024-10-03T13_15_08/dlc/2024-10-03_13-15-08_TMaze_TMaze_linearized_binned_trials_70nbins.csv,True,True
Mouse1639,TMaze,2024-10-04T12_17_06,2024-10-04,aging2024,align,aging,/media/toor/Seagate2/Mouse1639/Round3/TMaze/2024-10-04T12_17_06,/media/toor/Seagate2/Mouse1639/Round3/TMaze_untrimmed/2024-10-04T12_17_06/behavior2024-10-04T12_17_06.avi,/media/toor/Seagate2/Mouse1639/Round3/TMaze_untrimmed/2024-10-04T12_17_06/timestamps2024-10-04T12_17_06.csv,True,/media/toor/SeagateClean/Bpod Local/Data/Mouse1639/TMaze2/Session Data/Mouse1639_TMaze2_20241004_121901.mat,1,/media/toor/Seagate2/Mouse1639/Round3/TMaze/2024-10-04T12_17_06/dlc_trim_info.csv,/media/toor/Seagate2/Mouse1639/Round3/TMaze/2024-10-04T12_17_06/TMaze_behavior2024-10-04T12_17_06.avi,/media/toor/Seagate2/Mouse1639/Round3/TMaze/2024-10-04T12_17_06/dlc/2024-10-04_12-17-06_TMaze_trimmed_trials.csv,/media/toor/Seagate2/Mouse1639/Round3/TMaze/2024-10-04T12_17_06/dlc/2024-10-04_12-17-06_TMaze_TMaze_linearized_binned_trials_70nbins.csv,True,True
Mouse1639,TMaze,2024-10-05T15_31_25,2024-10-05,aging2024,align,aging,/media/toor/Seagate2/Mouse1639/Round3/TMaze/2024-10-05T15_31_25,/media/toor/Seagate2/Mouse1639/Round3/TMaze_untrimmed/2024-10-05T15_31_25/behavior2024-10-05T15_31_25.avi,/media/toor/Seagate2/Mouse1639/Round3/TMaze_untrimmed/2024-10-05T15_31_25/timestamps2024-10-05T15_31_25.csv,True,/media/toor/SeagateClean/Bpod Local/Data/Mouse1639/TMaze2/Session Data/Mouse1639_TMaze2_20241005_153715.mat,1,/media/toor/Seagate2/Mouse1639/Round3/TMaze/2024-10-05T15_31_25/dlc_trim_info.csv,/media/toor/Seagate2/Mouse1639/Round3/TMaze/2024-10-05T15_31_25/TMaze_behavior2024-10-05T15_31_25.avi,/media/toor/Seagate2/Mouse1639/Round3/TMaze/2024-10-05T15_31_25/dlc/2024-10-05_15-31-25_TMaze_trimmed_trials.csv,/media/toor/Seagate2/Mouse1639/Round3/TMaze/2024-10-05T15_31_25/dlc/2024-10-05_15-31-25_TMaze_TMaze_linearized_binned_trials_70nbins.csv,True,True
Mouse1639,TMaze,2024-10-06T13_17_01,2024-10-06,aging2024,align,aging,/media/toor/Seagate2/Mouse1639/Round3/2024-10-06T13_17_01 - NO TRIALS,/media/toor/Seagate2/Mouse1639/Round3/TMaze_untrimmed/2024-10-06T13_17_01/behavior2024-10-06T13_17_01.avi,/media/toor/Seagate2/Mouse1639/Round3/TMaze_untrimmed/2024-10-06T13_17_01/timestamps2024-10-06T13_17_01.csv,True,/media/toor/SeagateClean/Bpod Local/Data/Mouse1639/TMaze2/Session Data/Mouse1639_TMaze2_20241006_132441.mat,2,/media/toor/Seagate2/Mouse1639/Round3/2024-10-06T13_17_01 - NO TRIALS/dlc_trim_info.csv,/media/toor/Seagate2/Mouse1639/Round3/2024-10-06T13_17_01 - NO TRIALS/TMaze_behavior2024-10-06T13_17_01.avi,/media/toor/Seagate2/Mouse1639/Round3/2024-10-06T13_17_01 - NO TRIALS/dlc/2024-10-06_13-17-01_TMaze_trials.csv,,True,True
Mouse1639,TMaze,2024-10-09T12_44_33,2024-10-09,aging2024,align,aging,/media/toor/Seagate2/Mouse1639/Round3/TMaze/2024-10-09T12_44_33,/media/toor/Seagate2/Mouse1639/Round3/TMaze_untrimmed/2024-10-09T12_44_33/behavior2024-10-09T12_44_33.avi,/media/toor/Seagate2/Mouse1639/Round3/TMaze_untrimmed/2024-10-09T12_44_33/timestamps2024-10-09T12_44_33.csv,True,/media/toor/SeagateClean/Bpod Local/Data/Mouse1639/TMaze2/Session Data/Mouse1639_TMaze2_20241009_125017.mat,1,/media/toor/Seagate2/Mouse1639/Round3/TMaze/2024-10-09T12_44_33/dlc_trim_info.csv,/media/toor/Seagate2/Mouse1639/Round3/TMaze/2024-10-09T12_44_33/TMaze_behavior2024-10-09T12_44_33.avi,/media/toor/Seagate2/Mouse1639/Round3/TMaze/2024-10-09T12_44_33/dlc/2024-10-09_12-44-33_TMaze_trimmed_trials.csv,/media/toor/Seagate2/Mouse1639/Round3/TMaze/2024-10-09T12_44_33/dlc/2024-10-09_12-44-33_TMaze_TMaze_linearized_binned_trials_70nbins.csv,True,True
Mouse1639,TMaze,2024-10-10T13_24_35,2024-10-10,aging2024,align,aging,/media/toor/Seagate2/Mouse1639/Round3/TMaze/2024-10-10T13_24_35,/media/toor/Seagate2/Mouse1639/Round3/TMaze_untrimmed/2024-10-10T13_24_35/behavior2024-10-10T13_24_35.avi,/media/toor/Seagate2/Mouse1639/Round3/TMaze_untrimmed/2024-10-10T13_24_35/timestamps2024-10-10T13_24_35.csv,True,/media/toor/SeagateClean/Bpod Local/Data/Mouse1639/TMaze2/Session Data/Mouse1639_TMaze2_20241010_133035.mat,1,/media/toor/Seagate2/Mouse1639/Round3/TMaze/2024-10-10T13_24_35/dlc_trim_info.csv,/media/toor/Seagate2/Mouse1639/Round3/TMaze/2024-10-10T13_24_35/TMaze_behavior2024-10-10T13_24_35.avi,/media/toor/Seagate2/Mouse1639/Round3/TMaze/2024-10-10T13_24_35/dlc/2024-10-10_13-24-35_TMaze_trimmed_trials.csv,/media/toor/Seagate2/Mouse1639/Round3/TMaze/2024-10-10T13_24_35/dlc/2024-10-10_13-24-35_TMaze_TMaze_linearized_binned_trials_70nbins.csv,True,True
Mouse1639,TMaze,2024-10-11T13_49_03,2024-10-11,aging2024,align,aging,/media/toor/Seagate2/Mouse1639/Round3/TMaze/2024-10-11T13_49_03,/media/toor/Seagate2/Mouse1639/Round3/TMaze_untrimmed/2024-10-11T13_49_03/behavior2024-10-11T13_49_03.avi,/media/toor/Seagate2/Mouse1639/Round3/TMaze_untrimmed/2024-10-11T13_49_03/timestamps2024-10-11T13_49_03.csv,True,/media/toor/SeagateClean/Bpod Local/Data/Mouse1639/TMaze2/Session Data/Mouse1639_TMaze2_20241011_135514.mat,1,/media/toor/Seagate2/Mouse1639/Round3/TMaze/2024-10-11T13_49_03/dlc_trim_info.csv,/media/toor/Seagate2/Mouse1639/Round3/TMaze/2024-10-11T13_49_03/TMaze_behavior2024-10-11T13_49_03.avi,/media/toor/Seagate2/Mouse1639/Round3/TMaze/2024-10-11T13_49_03/dlc/2024-10-11_13-49-03_TMaze_trimmed_trials.csv,/media/toor/Seagate2/Mouse1639/Round3/TMaze/2024-10-11T13_49_03/dlc/2024-10-11_13-49-03_TMaze_TMaze_linearized_binned_trials_70nbins.csv,True,True
Mouse1639,TMaze,2024-10-12T15_23_44,2024-10-12,aging2024,align,aging,/media/toor/Seagate2/Mouse1639/Round3/2024-10-12T15_23_44 - NEEDS TO BE REMOVED MINISCOPE UNUSBALE,/media/toor/Seagate2/Mouse1639/Round3/TMaze_untrimmed/2024-10-12T15_23_44/behavior2024-10-12T15_23_44.avi,/media/toor/Seagate2/Mouse1639/Round3/TMaze_untrimmed/2024-10-12T15_23_44/timestamps2024-10-12T15_23_44.csv,True,/media/toor/SeagateClean/Bpod Local/Data/Mouse1639/TMaze2/Session Data/Mouse1639_TMaze2_20241012_152942.mat,1,/media/toor/Seagate2/Mouse1639/Round3/2024-10-12T15_23_44 - NEEDS TO BE REMOVED MINISCOPE UNUSBALE/dlc_trim_info.csv,/media/toor/Seagate2/Mouse1639/Round3/2024-10-12T15_23_44 - NEEDS TO BE REMOVED MINISCOPE UNUSBALE/TMaze_behavior2024-10-12T15_23_44.avi,/media/toor/Seagate2/Mouse1639/Round3/2024-10-12T15_23_44 - NEEDS TO BE REMOVED MINISCOPE UNUSBALE/dlc/2024-10-12_15-23-44_TMaze_trimmed_trials.csv,/media/toor/Seagate2/Mouse1639/Round3/2024-10-12T15_23_44 - NEEDS TO BE REMOVED MINISCOPE UNUSBALE/dlc/2024-10-12_15-23-44_TMaze_TMaze_linearized_binned_trials_70nbins.csv,True,True
Mouse1639,TMaze,2024-10-13T13_03_25,2024-10-13,aging2024,align,aging,/media/toor/Seagate2/Mouse1639/Round3/TMaze/2024-10-13T13_03_25,/media/toor/Seagate2/Mouse1639/Round3/TMaze_untrimmed/2024-10-13T13_03_25/behavior2024-10-13T13_03_25.avi,/media/toor/Seagate2/Mouse1639/Round3/TMaze_untrimmed/2024-10-13T13_03_25/timestamps2024-10-13T13_03_25.csv,True,/media/toor/SeagateClean/Bpod Local/Data/Mouse1639/TMaze2/Session Data/Mouse1639_TMaze2_20241013_130931.mat,1,/media/toor/Seagate2/Mouse1639/Round3/TMaze/2024-10-13T13_03_25/dlc_trim_info.csv,/media/toor/Seagate2/Mouse1639/Round3/TMaze/2024-10-13T13_03_25/TMaze_behavior2024-10-13T13_03_25.avi,/media/toor/Seagate2/Mouse1639/Round3/TMaze/2024-10-13T13_03_25/dlc/2024-10-13_13-03-25_TMaze_trimmed_trials.csv,/media/toor/Seagate2/Mouse1639/Round3/TMaze/2024-10-13T13_03_25/dlc/2024-10-13_13-03-25_TMaze_TMaze_linearized_binned_trials_70nbins.csv,True,True
Mouse1639,TMaze,2024-10-14T13_30_32,2024-10-14,aging2024,align,aging,/media/toor/Seagate2/Mouse1639/Round3/TMaze/2024-10-14T13_30_32,/media/toor/Seagate2/Mouse1639/Round3/TMaze_untrimmed/2024-10-14T13_30_32/behavior2024-10-14T13_30_32.avi,/media/toor/Seagate2/Mouse1639/Round3/TMaze_untrimmed/2024-10-14T13_30_32/timestamps2024-10-14T13_30_32.csv,True,/media/toor/SeagateClean/Bpod Local/Data/Mouse1639/TMaze2/Session Data/Mouse1639_TMaze2_20241014_133610.mat,1,/media/toor/Seagate2/Mouse1639/Round3/TMaze/2024-10-14T13_30_32/dlc_trim_info.csv,/media/toor/Seagate2/Mouse1639/Round3/TMaze/2024-10-14T13_30_32/TMaze_behavior2024-10-14T13_30_32.avi,/media/toor/Seagate2/Mouse1639/Round3/TMaze/2024-10-14T13_30_32/dlc/2024-10-14_13-30-32_TMaze_trimmed_trials.csv,/media/toor/Seagate2/Mouse1639/Round3/TMaze/2024-10-14T13_30_32/dlc/2024-10-14_13-30-32_TMaze_TMaze_linearized_binned_trials_70nbins.csv,True,True
Mouse1639,TMaze,2024-10-15T13_21_12,2024-10-15,aging2024,align,aging,/media/toor/Seagate2/Mouse1639/Round3/TMaze/2024-10-15T13_21_12,/media/toor/Seagate2/Mouse1639/Round3/TMaze_untrimmed/2024-10-15T13_21_12/behavior2024-10-15T13_21_12.avi,/media/toor/Seagate2/Mouse1639/Round3/TMaze_untrimmed/2024-10-15T13_21_12/timestamps2024-10-15T13_21_12.csv,True,/media/toor/SeagateClean/Bpod Local/Data/Mouse1639/TMaze2/Session Data/Mouse1639_TMaze2_20241015_132326.mat,1,/media/toor/Seagate2/Mouse1639/Round3/TMaze/2024-10-15T13_21_12/dlc_trim_info.csv,/media/toor/Seagate2/Mouse1639/Round3/TMaze/2024-10-15T13_21_12/TMaze_behavior2024-10-15T13_21_12.avi,/media/toor/Seagate2/Mouse1639/Round3/TMaze/2024-10-15T13_21_12/dlc/2024-10-15_13-21-12_TMaze_trimmed_trials.csv,/media/toor/Seagate2/Mouse1639/Round3/TMaze/2024-10-15T13_21_12/dlc/2024-10-15_13-21-12_TMaze_TMaze_linearized_binned_trials_70nbins.csv,True,True
Mouse1639,TMaze,2024-10-16T14_03_07,2024-10-16,aging2024,align,aging,/media/toor/Seagate2/Mouse1639/Round3/TMaze/2024-10-16T14_03_07,/media/toor/Seagate2/Mouse1639/Round3/TMaze_untrimmed/2024-10-16T14_03_07/behavior2024-10-16T14_03_07.avi,/media/toor/Seagate2/Mouse1639/Round3/TMaze_untrimmed/2024-10-16T14_03_07/timestamps2024-10-16T14_03_07.csv,True,/media/toor/SeagateClean/Bpod Local/Data/Mouse1639/TMaze2/Session Data/Mouse1639_TMaze2_20241016_140853.mat,1,/media/toor/Seagate2/Mouse1639/Round3/TMaze/2024-10-16T14_03_07/dlc_trim_info.csv,/media/toor/Seagate2/Mouse1639/Round3/TMaze/2024-10-16T14_03_07/TMaze_behavior2024-10-16T14_03_07.avi,/media/toor/Seagate2/Mouse1639/Round3/TMaze/2024-10-16T14_03_07/dlc/2024-10-16_14-03-07_TMaze_trimmed_trials.csv,/media/toor/Seagate2/Mouse1639/Round3/TMaze/2024-10-16T14_03_07/dlc/2024-10-16_14-03-07_TMaze_TMaze_linearized_binned_trials_70nbins.csv,True,True
Mouse1639,TMaze,2024-10-17T13_35_01,2024-10-17,aging2024,align,aging,/media/toor/Seagate2/Mouse1639/Round3/TMaze/2024-10-17T13_35_01,/media/toor/Seagate2/Mouse1639/Round3/TMaze_untrimmed/2024-10-17T13_35_01/behavior2024-10-17T13_35_01.avi,/media/toor/Seagate2/Mouse1639/Round3/TMaze_untrimmed/2024-10-17T13_35_01/timestamps2024-10-17T13_35_01.csv,True,/media/toor/SeagateClean/Bpod Local/Data/Mouse1639/TMaze4/Session Data/Mouse1639_TMaze4_20241017_134036.mat,1,/media/toor/Seagate2/Mouse1639/Round3/TMaze/2024-10-17T13_35_01/dlc_trim_info.csv,/media/toor/Seagate2/Mouse1639/Round3/TMaze/2024-10-17T13_35_01/TMaze_behavior2024-10-17T13_35_01.avi,/media/toor/Seagate2/Mouse1639/Round3/TMaze/2024-10-17T13_35_01/dlc/2024-10-17_13-35-01_TMaze_trimmed_trials.csv,/media/toor/Seagate2/Mouse1639/Round3/TMaze/2024-10-17T13_35_01/dlc/2024-10-17_13-35-01_TMaze_TMaze_linearized_binned_trials_70nbins.csv,True,True
Mouse1639,TMaze,2024-10-18T14_10_37,2024-10-18,aging2024,align,aging,/media/toor/Seagate2/Mouse1639/Round3/TMaze/2024-10-18T14_10_37,/media/toor/Seagate2/Mouse1639/Round3/TMaze_untrimmed/2024-10-18T14_10_37/behavior2024-10-18T14_10_37.avi,/media/toor/Seagate2/Mouse1639/Round3/TMaze_untrimmed/2024-10-18T14_10_37/timestamps2024-10-18T14_10_37.csv,True,/media/toor/SeagateClean/Bpod Local/Data/Mouse1639/TMaze4/Session Data/Mouse1639_TMaze4_20241018_141646.mat,1,/media/toor/Seagate2/Mouse1639/Round3/TMaze/2024-10-18T14_10_37/dlc_trim_info.csv,/media/toor/Seagate2/Mouse1639/Round3/TMaze/2024-10-18T14_10_37/TMaze_behavior2024-10-18T14_10_37.avi,/media/toor/Seagate2/Mouse1639/Round3/TMaze/2024-10-18T14_10_37/dlc/2024-10-18_14-10-37_TMaze_trimmed_trials.csv,/media/toor/Seagate2/Mouse1639/Round3/TMaze/2024-10-18T14_10_37/dlc/2024-10-18_14-10-37_TMaze_TMaze_linearized_binned_trials_70nbins.csv,True,True
Mouse1639,TMaze,2024-10-19T14_43_39,2024-10-19,aging2024,align,aging,/media/toor/Seagate2/Mouse1639/Round3/TMaze/2024-10-19T14_43_39,/media/toor/Seagate2/Mouse1639/Round3/TMaze_untrimmed/2024-10-19T14_43_39/behavior2024-10-19T14_43_39.avi,/media/toor/Seagate2/Mouse1639/Round3/TMaze_untrimmed/2024-10-19T14_43_39/timestamps2024-10-19T14_43_39.csv,True,/media/toor/SeagateClean/Bpod Local/Data/Mouse1639/TMaze4/Session Data/Mouse1639_TMaze4_20241019_144849.mat,1,/media/toor/Seagate2/Mouse1639/Round3/TMaze/2024-10-19T14_43_39/dlc_trim_info.csv,/media/toor/Seagate2/Mouse1639/Round3/TMaze/2024-10-19T14_43_39/TMaze_behavior2024-10-19T14_43_39.avi,/media/toor/Seagate2/Mouse1639/Round3/TMaze/2024-10-19T14_43_39/dlc/2024-10-19_14-43-39_TMaze_trimmed_trials.csv,/media/toor/Seagate2/Mouse1639/Round3/TMaze/2024-10-19T14_43_39/dlc/2024-10-19_14-43-39_TMaze_TMaze_linearized_binned_trials_70nbins.csv,True,True
Mouse1639,TMaze,2024-10-21T13_35_16,2024-10-21,aging2024,align,aging,/media/toor/Seagate2/Mouse1639/Round3/TMaze/2024-10-21T13_35_16,/media/toor/Seagate2/Mouse1639/Round3/TMaze_untrimmed/2024-10-21T13_35_16/behavior2024-10-21T13_35_16.avi,/media/toor/Seagate2/Mouse1639/Round3/TMaze_untrimmed/2024-10-21T13_35_16/timestamps2024-10-21T13_35_16.csv,True,/media/toor/SeagateClean/Bpod Local/Data/Mouse1639/TMaze4/Session Data/Mouse1639_TMaze4_20241021_134027.mat,1,/media/toor/Seagate2/Mouse1639/Round3/TMaze/2024-10-21T13_35_16/dlc_trim_info.csv,/media/toor/Seagate2/Mouse1639/Round3/TMaze/2024-10-21T13_35_16/TMaze_behavior2024-10-21T13_35_16.avi,/media/toor/Seagate2/Mouse1639/Round3/TMaze/2024-10-21T13_35_16/dlc/2024-10-21_13-35-16_TMaze_trimmed_trials.csv,/media/toor/Seagate2/Mouse1639/Round3/TMaze/2024-10-21T13_35_16/dlc/2024-10-21_13-35-16_TMaze_TMaze_linearized_binned_trials_70nbins.csv,True,True
Mouse1639,TMaze,2024-10-22T13_16_52,2024-10-22,aging2024,align,aging,/media/toor/Seagate2/Mouse1639/Round3/TMaze/2024-10-22T13_16_52,/media/toor/Seagate2/Mouse1639/Round3/TMaze_untrimmed/2024-10-22T13_16_52/behavior2024-10-22T13_16_52.avi,/media/toor/Seagate2/Mouse1639/Round3/TMaze_untrimmed/2024-10-22T13_16_52/timestamps2024-10-22T13_16_52.csv,True,/media/toor/SeagateClean/Bpod Local/Data/Mouse1639/TMaze4/Session Data/Mouse1639_TMaze4_20241022_132157.mat,1,/media/toor/Seagate2/Mouse1639/Round3/TMaze/2024-10-22T13_16_52/dlc_trim_info.csv,/media/toor/Seagate2/Mouse1639/Round3/TMaze/2024-10-22T13_16_52/TMaze_behavior2024-10-22T13_16_52.avi,/media/toor/Seagate2/Mouse1639/Round3/TMaze/2024-10-22T13_16_52/dlc/2024-10-22_13-16-52_TMaze_trimmed_trials.csv,/media/toor/Seagate2/Mouse1639/Round3/TMaze/2024-10-22T13_16_52/dlc/2024-10-22_13-16-52_TMaze_TMaze_linearized_binned_trials_70nbins.csv,True,True
Mouse1639,TMaze,2024-10-23T12_13_17,2024-10-23,aging2024,align,aging,/media/toor/Seagate2/Mouse1639/Round3/TMaze/2024-10-23T12_13_17,/media/toor/Seagate2/Mouse1639/Round3/TMaze_untrimmed/2024-10-23T12_13_17/behavior2024-10-23T12_13_17.avi,/media/toor/Seagate2/Mouse1639/Round3/TMaze_untrimmed/2024-10-23T12_13_17/timestamps2024-10-23T12_13_17.csv,True,/media/toor/SeagateClean/Bpod Local/Data/Mouse1639/TMaze4/Session Data/Mouse1639_TMaze4_20241023_121848.mat,2,/media/toor/Seagate2/Mouse1639/Round3/TMaze/2024-10-23T12_13_17/dlc_trim_info.csv,/media/toor/Seagate2/Mouse1639/Round3/TMaze/2024-10-23T12_13_17/TMaze_behavior2024-10-23T12_13_17.avi,/media/toor/Seagate2/Mouse1639/Round3/TMaze/2024-10-23T12_13_17/dlc/2024-10-23_12-13-17_TMaze_trimmed_trials.csv,/media/toor/Seagate2/Mouse1639/Round3/TMaze/2024-10-23T12_13_17/dlc/2024-10-23_12-13-17_TMaze_TMaze_linearized_binned_trials_70nbins.csv,True,True
Mouse1639,TMaze,2024-10-23T12_33_51,2024-10-23,aging2024,align,aging,/media/toor/Seagate2/Mouse1639/Round3/TMaze/2024-10-23T12_33_51,/media/toor/Seagate2/Mouse1639/Round3/TMaze_untrimmed/2024-10-23T12_33_51/behavior2024-10-23T12_33_51.avi,/media/toor/Seagate2/Mouse1639/Round3/TMaze_untrimmed/2024-10-23T12_33_51/timestamps2024-10-23T12_33_51.csv,True,/media/toor/SeagateClean/Bpod Local/Data/Mouse1639/TMaze4/Session Data/Mouse1639_TMaze4_20241023_123918.mat,2,/media/toor/Seagate2/Mouse1639/Round3/TMaze/2024-10-23T12_33_51/dlc_trim_info.csv,/media/toor/Seagate2/Mouse1639/Round3/TMaze/2024-10-23T12_33_51/TMaze_behavior2024-10-23T12_33_51.avi,/media/toor/Seagate2/Mouse1639/Round3/TMaze/2024-10-23T12_33_51/dlc/2024-10-23_12-33-51_TMaze_trimmed_trials.csv,/media/toor/Seagate2/Mouse1639/Round3/TMaze/2024-10-23T12_33_51/dlc/2024-10-23_12-33-51_TMaze_TMaze_linearized_binned_trials_70nbins.csv,True,True
Mouse1639,TMaze,2024-10-24T14_35_02,2024-10-24,aging2024,align,aging,/media/toor/Seagate2/Mouse1639/Round3/TMaze/2024-10-24T14_35_02,/media/toor/Seagate2/Mouse1639/Round3/TMaze_untrimmed/2024-10-24T14_35_02/behavior2024-10-24T14_35_02.avi,/media/toor/Seagate2/Mouse1639/Round3/TMaze_untrimmed/2024-10-24T14_35_02/timestamps2024-10-24T14_35_02.csv,True,/media/toor/SeagateClean/Bpod Local/Data/Mouse1639/TMaze4/Session Data/Mouse1639_TMaze4_20241024_144110.mat,1,/media/toor/Seagate2/Mouse1639/Round3/TMaze/2024-10-24T14_35_02/dlc_trim_info.csv,/media/toor/Seagate2/Mouse1639/Round3/TMaze/2024-10-24T14_35_02/TMaze_behavior2024-10-24T14_35_02.avi,/media/toor/Seagate2/Mouse1639/Round3/TMaze/2024-10-24T14_35_02/dlc/2024-10-24_14-35-02_TMaze_trimmed_trials.csv,/media/toor/Seagate2/Mouse1639/Round3/TMaze/2024-10-24T14_35_02/dlc/2024-10-24_14-35-02_TMaze_TMaze_linearized_binned_trials_70nbins.csv,True,True
Mouse1639,TMaze,2024-10-25T12_18_16,2024-10-25,aging2024,align,aging,/media/toor/Seagate2/Mouse1639/Round3/TMaze/2024-10-25T12_18_16,/media/toor/Seagate2/Mouse1639/Round3/TMaze_untrimmed/2024-10-25T12_18_16/behavior2024-10-25T12_18_16.avi,/media/toor/Seagate2/Mouse1639/Round3/TMaze_untrimmed/2024-10-25T12_18_16/timestamps2024-10-25T12_18_16.csv,True,/media/toor/SeagateClean/Bpod Local/Data/Mouse1639/TMaze4/Session Data/Mouse1639_TMaze4_20241025_122322.mat,1,/media/toor/Seagate2/Mouse1639/Round3/TMaze/2024-10-25T12_18_16/dlc_trim_info.csv,/media/toor/Seagate2/Mouse1639/Round3/TMaze/2024-10-25T12_18_16/TMaze_behavior2024-10-25T12_18_16.avi,/media/toor/Seagate2/Mouse1639/Round3/TMaze/2024-10-25T12_18_16/dlc/2024-10-25_12-18-16_TMaze_trimmed_trials.csv,/media/toor/Seagate2/Mouse1639/Round3/TMaze/2024-10-25T12_18_16/dlc/2024-10-25_12-18-16_TMaze_TMaze_linearized_binned_trials_70nbins.csv,True,True
Mouse1639,TMaze,2024-10-26T13_41_52,2024-10-26,aging2024,align,aging,/media/toor/Seagate2/Mouse1639/Round3/2024-10-26T13_41_52 - TMAZE_START PREPROCESSING FROM BEGINNNING/2024-10-26T13_41_52,/media/toor/Seagate2/Mouse1639/Round3/TMaze_untrimmed/2024-10-26T13_41_52/behavior2024-10-26T13_41_52.avi,/media/toor/Seagate2/Mouse1639/Round3/TMaze_untrimmed/2024-10-26T13_41_52/timestamps2024-10-26T13_41_52.csv,True,/media/toor/SeagateClean/Bpod Local/Data/Mouse1639/TMaze4/Session Data/Mouse1639_TMaze4_20241026_134559.mat,1,/media/toor/Seagate2/Mouse1639/Round3/2024-10-26T13_41_52 - TMAZE_START PREPROCESSING FROM BEGINNNING/2024-10-26T13_41_52/dlc_trim_info.csv,/media/toor/Seagate2/Mouse1639/Round3/2024-10-26T13_41_52 - TMAZE_START PREPROCESSING FROM BEGINNNING/2024-10-26T13_41_52/TMaze_behavior2024-10-26T13_41_52.avi,/media/toor/Seagate2/Mouse1639/Round3/2024-10-26T13_41_52 - TMAZE_START PREPROCESSING FROM BEGINNNING/2024-10-26T13_41_52/dlc/2024-10-26_13-41-52_TMaze_trials.csv,,True,True
Mouse1639,TMaze,2024-10-27T14_02_35,2024-10-27,aging2024,align,aging,/media/toor/Seagate2/Mouse1639/Round3/TMaze/2024-10-27T14_02_35,/media/toor/Seagate2/Mouse1639/Round3/TMaze_untrimmed/2024-10-27T14_02_35/behavior2024-10-27T14_02_35.avi,/media/toor/Seagate2/Mouse1639/Round3/TMaze_untrimmed/2024-10-27T14_02_35/timestamps2024-10-27T14_02_35.csv,True,/media/toor/SeagateClean/Bpod Local/Data/Mouse1639/TMaze4/Session Data/Mouse1639_TMaze4_20241027_140600.mat,1,/media/toor/Seagate2/Mouse1639/Round3/TMaze/2024-10-27T14_02_35/dlc_trim_info.csv,/media/toor/Seagate2/Mouse1639/Round3/TMaze/2024-10-27T14_02_35/TMaze_behavior2024-10-27T14_02_35.avi,/media/toor/Seagate2/Mouse1639/Round3/TMaze/2024-10-27T14_02_35/dlc/2024-10-27_14-02-35_TMaze_trimmed_trials.csv,/media/toor/Seagate2/Mouse1639/Round3/TMaze/2024-10-27T14_02_35/dlc/2024-10-27_14-02-35_TMaze_TMaze_linearized_binned_trials_70nbins.csv,True,True
Mouse1639,TMaze,2024-10-28T15_19_05,2024-10-28,aging2024,align,aging,/media/toor/Seagate2/Mouse1639/Round3/TMaze/2024-10-28T15_19_05,/media/toor/Seagate2/Mouse1639/Round3/TMaze_untrimmed/2024-10-28T15_19_05/behavior2024-10-28T15_19_05.avi,/media/toor/Seagate2/Mouse1639/Round3/TMaze_untrimmed/2024-10-28T15_19_05/timestamps2024-10-28T15_19_05.csv,True,/media/toor/SeagateClean/Bpod Local/Data/Mouse1639/TMaze4/Session Data/Mouse1639_TMaze4_20241028_152523.mat,1,/media/toor/Seagate2/Mouse1639/Round3/TMaze/2024-10-28T15_19_05/dlc_trim_info.csv,/media/toor/Seagate2/Mouse1639/Round3/TMaze/2024-10-28T15_19_05/TMaze_behavior2024-10-28T15_19_05.avi,/media/toor/Seagate2/Mouse1639/Round3/TMaze/2024-10-28T15_19_05/dlc/2024-10-28_15-19-05_TMaze_trimmed_trials.csv,/media/toor/Seagate2/Mouse1639/Round3/TMaze/2024-10-28T15_19_05/dlc/2024-10-28_15-19-05_TMaze_TMaze_linearized_binned_trials_70nbins.csv,True,True
Mouse1639,TMaze,2024-10-29T13_54_38,2024-10-29,aging2024,align,aging,/media/toor/Seagate2/Mouse1639/Round3/TMaze/2024-10-29T13_54_38,/media/toor/Seagate2/Mouse1639/Round3/TMaze_untrimmed/2024-10-29T13_54_38/behavior2024-10-29T13_54_38.avi,/media/toor/Seagate2/Mouse1639/Round3/TMaze_untrimmed/2024-10-29T13_54_38/timestamps2024-10-29T13_54_38.csv,True,/media/toor/SeagateClean/Bpod Local/Data/Mouse1639/TMaze4/Session Data/Mouse1639_TMaze4_20241029_135931.mat,1,/media/toor/Seagate2/Mouse1639/Round3/TMaze/2024-10-29T13_54_38/dlc_trim_info.csv,/media/toor/Seagate2/Mouse1639/Round3/TMaze/2024-10-29T13_54_38/TMaze_behavior2024-10-29T13_54_38.avi,/media/toor/Seagate2/Mouse1639/Round3/TMaze/2024-10-29T13_54_38/dlc/2024-10-29_13-54-38_TMaze_trimmed_trials.csv,/media/toor/Seagate2/Mouse1639/Round3/TMaze/2024-10-29T13_54_38/dlc/2024-10-29_13-54-38_TMaze_TMaze_linearized_binned_trials_70nbins.csv,True,True
Mouse1639,TMaze,2024-10-30T15_01_42,2024-10-30,aging2024,align,aging,/media/toor/Seagate2/Mouse1639/Round3/TMaze/2024-10-30T15_01_42,/media/toor/Seagate2/Mouse1639/Round3/TMaze_untrimmed/2024-10-30T15_01_42/behavior2024-10-30T15_01_42.avi,/media/toor/Seagate2/Mouse1639/Round3/TMaze_untrimmed/2024-10-30T15_01_42/timestamps2024-10-30T15_01_42.csv,True,/media/toor/SeagateClean/Bpod Local/Data/Mouse1639/TMaze4/Session Data/Mouse1639_TMaze4_20241030_150730.mat,1,/media/toor/Seagate2/Mouse1639/Round3/TMaze/2024-10-30T15_01_42/dlc_trim_info.csv,/media/toor/Seagate2/Mouse1639/Round3/TMaze/2024-10-30T15_01_42/TMaze_behavior2024-10-30T15_01_42.avi,/media/toor/Seagate2/Mouse1639/Round3/TMaze/2024-10-30T15_01_42/dlc/2024-10-30_15-01-42_TMaze_trimmed_trials.csv,/media/toor/Seagate2/Mouse1639/Round3/TMaze/2024-10-30T15_01_42/dlc/2024-10-30_15-01-42_TMaze_TMaze_linearized_binned_trials_70nbins.csv,True,True
Mouse847,Linear,2025-11-10T17_24_58,2025-11-10,pre2026-05,detect,young,/media/toor/Seagate2/Mouse847/Round1/did_not_use_temp/2025-11-10T17_24_58,/media/toor/Seagate3/YOUNG_MICE/Mouse847/Linear/concat/2025-11-10T17_24_58/Linear2025-11-10T17_24_58.avi,/media/toor/Seagate3/YOUNG_MICE/Mouse847/Linear/concat/2025-11-10T17_24_58/timestamps2025-11-10T17_24_58.csv,True,,0,/media/toor/Seagate2/Mouse847/Round1/did_not_use_temp/2025-11-10T17_24_58/dlc_trim_info.csv,/media/toor/Seagate2/Mouse847/Round1/did_not_use_temp/2025-11-10T17_24_58/Linear_Linear2025-11-10T17_24_58.avi,,,True,False
Mouse847,Linear,2025-11-11T16_33_35,2025-11-11,pre2026-05,detect,young,/media/toor/Seagate2/Mouse847/Round1/did_not_use_temp/2025-11-11T16_33_35,/media/toor/Seagate2/Mouse847/data_need_video_clean/2025-11-11T16_33_35/Linear2025-11-11T16_33_35.avi,/media/toor/Seagate2/Mouse847/data_need_video_clean/2025-11-11T16_33_35/timestamps2025-11-11T16_33_35.csv,True,/media/toor/SeagateClean/Bpod Local/Data/Mouse847/LinearTrack/Session Data/Mouse847_LinearTrack_20251111_163540.mat,1,/media/toor/Seagate2/Mouse847/Round1/did_not_use_temp/2025-11-11T16_33_35/dlc_trim_info.csv,/media/toor/Seagate2/Mouse847/Round1/did_not_use_temp/2025-11-11T16_33_35/Linear_Linear2025-11-11T16_33_35.avi,,,True,False
Mouse847,Linear,2025-11-12T17_19_09,2025-11-12,pre2026-05,detect,young,/media/toor/Seagate2/Mouse847/Round1/2025-11-12T17_19_09 - MINISCOPE_UNUSABLE,/media/toor/Seagate2/Mouse847/data_need_video_clean/2025-11-12T17_19_09/Linear2025-11-12T17_19_09.avi,/media/toor/Seagate2/Mouse847/data_need_video_clean/2025-11-12T17_19_09/timestamps2025-11-12T17_19_09.csv,True,/media/toor/SeagateClean/Bpod Local/Data/Mouse847/LinearTrack/Session Data/Mouse847_LinearTrack_20251112_171436.mat,1,/media/toor/Seagate2/Mouse847/Round1/2025-11-12T17_19_09 - MINISCOPE_UNUSABLE/dlc_trim_info.csv,/media/toor/Seagate2/Mouse847/Round1/2025-11-12T17_19_09 - MINISCOPE_UNUSABLE/Linear_Linear2025-11-12T17_19_09.avi,,,True,False
Mouse847,Linear,2025-11-13T16_28_58,2025-11-13,pre2026-05,detect,young,/media/toor/Seagate2/Mouse847/Round1/did_not_use_temp/2025-11-13T16_28_58,/media/toor/Seagate2/Mouse847/data_need_video_clean/2025-11-13T16_28_58/Linear2025-11-13T16_28_58.avi,/media/toor/Seagate2/Mouse847/data_need_video_clean/2025-11-13T16_28_58/timestamps2025-11-13T16_28_58.csv,True,/media/toor/SeagateClean/Bpod Local/Data/Mouse847/LinearTrack/Session Data/Mouse847_LinearTrack_20251113_163416.mat,1,/media/toor/Seagate2/Mouse847/Round1/did_not_use_temp/2025-11-13T16_28_58/dlc_trim_info.csv,/media/toor/Seagate2/Mouse847/Round1/did_not_use_temp/2025-11-13T16_28_58/Linear_Linear2025-11-13T16_28_58.avi,,,True,False
Mouse847,Linear,2025-11-14T16_26_24,2025-11-14,pre2026-05,detect,young,/media/toor/Seagate2/Mouse847/Round1/did_not_use_temp/2025-11-14T16_26_24,/media/toor/Seagate2/Mouse847/data_need_video_clean/2025-11-14T16_26_24/Linear2025-11-14T16_26_24.avi,/media/toor/Seagate2/Mouse847/data_need_video_clean/2025-11-14T16_26_24/timestamps2025-11-14T16_26_24.csv,True,/media/toor/SeagateClean/Bpod Local/Data/Mouse847/LinearTrack/Session Data/Mouse847_LinearTrack_20251114_162436.mat,1,/media/toor/Seagate2/Mouse847/Round1/did_not_use_temp/2025-11-14T16_26_24/dlc_trim_info.csv,/media/toor/Seagate2/Mouse847/Round1/did_not_use_temp/2025-11-14T16_26_24/Linear_Linear2025-11-14T16_26_24.avi,,,True,False
Mouse847,Linear,2025-11-15T16_59_48,2025-11-15,pre2026-05,detect,young,/media/toor/Seagate2/Mouse847/Round1/did_not_use_temp/2025-11-15T16_59_48,/media/toor/Seagate2/Mouse847/data_need_video_clean/2025-11-15T16_59_48/Linear2025-11-15T16_59_48.avi,/media/toor/Seagate2/Mouse847/data_need_video_clean/2025-11-15T16_59_48/timestamps2025-11-15T16_59_48.csv,True,/media/toor/SeagateClean/Bpod Local/Data/Mouse847/LinearTrack/Session Data/Mouse847_LinearTrack_20251115_170523.mat,1,/media/toor/Seagate2/Mouse847/Round1/did_not_use_temp/2025-11-15T16_59_48/dlc_trim_info.csv,/media/toor/Seagate2/Mouse847/Round1/did_not_use_temp/2025-11-15T16_59_48/Linear_Linear2025-11-15T16_59_48.avi,,,True,False
Mouse847,Linear,2025-11-16T16_53_12,2025-11-16,pre2026-05,detect,young,/media/toor/Seagate2/Mouse847/Round1/did_not_use_temp/2025-11-16T16_53_12,/media/toor/Seagate2/Mouse847/data_need_video_clean/2025-11-16T16_53_12/Linear2025-11-16T16_53_12.avi,/media/toor/Seagate2/Mouse847/data_need_video_clean/2025-11-16T16_53_12/timestamps2025-11-16T16_53_12.csv,True,/media/toor/SeagateClean/Bpod Local/Data/Mouse847/LinearTrack/Session Data/Mouse847_LinearTrack_20251116_165650.mat,1,/media/toor/Seagate2/Mouse847/Round1/did_not_use_temp/2025-11-16T16_53_12/dlc_trim_info.csv,/media/toor/Seagate2/Mouse847/Round1/did_not_use_temp/2025-11-16T16_53_12/Linear_Linear2025-11-16T16_53_12.avi,,,True,False
Mouse847,Linear,2025-11-17T17_52_11,2025-11-17,pre2026-05,detect,young,/media/toor/Seagate2/Mouse847/Round1/did_not_use_temp/2025-11-17T17_52_11 - DIM SLOW VIDEO,/media/toor/Seagate2/Mouse847/untrimmed/2025-11-17T17_52_11/Linear2025-11-17T17_52_11.avi,/media/toor/Seagate2/Mouse847/untrimmed/2025-11-17T17_52_11/timestamps2025-11-17T17_52_11.csv,True,/media/toor/SeagateClean/Bpod Local/Data/Mouse847/LinearTrack/Session Data/Mouse847_LinearTrack_20251117_175336.mat,1,/media/toor/Seagate2/Mouse847/Round1/did_not_use_temp/2025-11-17T17_52_11 - DIM SLOW VIDEO/dlc_trim_info.csv,/media/toor/Seagate2/Mouse847/Round1/did_not_use_temp/2025-11-17T17_52_11 - DIM SLOW VIDEO/Linear_Linear2025-11-17T17_52_11.avi,/media/toor/Seagate2/Mouse847/Round1/did_not_use_temp/2025-11-17T17_52_11 - DIM SLOW VIDEO/dlc/2025-11-17_17-52-11_LinearTrack_lineartrack_trials.csv,/media/toor/Seagate2/Mouse847/Round1/did_not_use_temp/2025-11-17T17_52_11 - DIM SLOW VIDEO/dlc/2025-11-17_17-52-11_LinearTrack_linearized_binned_trials_70nbins.csv,True,True
Mouse847,Linear,2025-11-18T18_18_23,2025-11-18,pre2026-05,detect,young,/media/toor/Seagate2/Mouse847/Round1/did_not_use_temp/2025-11-18T18_18_23 - DIM SLOW VIDEO,/media/toor/Seagate2/Mouse847/awaiting_dlc/2025-11-18T18_18_23/Linear2025-11-18T18_18_23.avi,/media/toor/Seagate2/Mouse847/awaiting_dlc/2025-11-18T18_18_23/timestamps2025-11-18T18_18_23.csv,True,/media/toor/SeagateClean/Bpod Local/Data/Mouse847/LinearTrack/Session Data/Mouse847_LinearTrack_20251118_182356.mat,1,/media/toor/Seagate2/Mouse847/Round1/did_not_use_temp/2025-11-18T18_18_23 - DIM SLOW VIDEO/dlc_trim_info.csv,/media/toor/Seagate2/Mouse847/Round1/did_not_use_temp/2025-11-18T18_18_23 - DIM SLOW VIDEO/Linear_Linear2025-11-18T18_18_23.avi,/media/toor/Seagate2/Mouse847/Round1/did_not_use_temp/2025-11-18T18_18_23 - DIM SLOW VIDEO/dlc/2025-11-18_18-18-23_LinearTrack_lineartrack_trials.csv,/media/toor/Seagate2/Mouse847/Round1/did_not_use_temp/2025-11-18T18_18_23 - DIM SLOW VIDEO/dlc/2025-11-18_18-18-23_LinearTrack_linearized_binned_trials_70nbins.csv,True,True
Mouse847,Linear,2025-11-19T17_59_46,2025-11-19,pre2026-05,detect,young,/media/toor/Seagate2/Mouse847/awaiting_caiman/2025-11-19T17_59_46,/media/toor/Seagate2/Mouse847/awaiting_dlc/2025-11-19T17_59_46/Linear2025-11-19T17_59_46.avi,/media/toor/Seagate2/Mouse847/awaiting_dlc/2025-11-19T17_59_46/timestamps2025-11-19T17_59_46.csv,True,/media/toor/SeagateClean/Bpod Local/Data/Mouse847/LinearTrack/Session Data/Mouse847_LinearTrack_20251119_180441.mat,2,/media/toor/Seagate2/Mouse847/awaiting_caiman/2025-11-19T17_59_46/dlc_trim_info.csv,/media/toor/Seagate2/Mouse847/awaiting_caiman/2025-11-19T17_59_46/Linear_Linear2025-11-19T17_59_46.avi,,,True,False
Mouse847,Linear,2025-11-20T17_33_29,2025-11-20,pre2026-05,detect,young,/media/toor/Seagate2/Mouse847/awaiting_caiman/2025-11-20T17_33_29,/media/toor/Seagate2/Mouse847/awaiting_dlc/2025-11-20T17_33_29/Linear2025-11-20T17_33_29.avi,/media/toor/Seagate2/Mouse847/awaiting_dlc/2025-11-20T17_33_29/timestamps2025-11-20T17_33_29.csv,True,/media/toor/SeagateClean/Bpod Local/Data/Mouse847/LinearTrack/Session Data/Mouse847_LinearTrack_20251120_173919.mat,1,/media/toor/Seagate2/Mouse847/awaiting_caiman/2025-11-20T17_33_29/dlc_trim_info.csv,/media/toor/Seagate2/Mouse847/awaiting_caiman/2025-11-20T17_33_29/Linear_Linear2025-11-20T17_33_29.avi,,,True,False
Mouse847,Linear,2025-11-21T18_22_12,2025-11-21,pre2026-05,detect,young,/media/toor/Seagate2/Mouse847/awaiting_caiman/2025-11-21T18_22_12,/media/toor/Seagate2/Mouse847/awaiting_dlc/2025-11-21T18_22_12/Linear2025-11-21T18_22_12.avi,/media/toor/Seagate2/Mouse847/awaiting_dlc/2025-11-21T18_22_12/timestamps2025-11-21T18_22_12.csv,True,/media/toor/SeagateClean/Bpod Local/Data/Mouse847/LinearTrack/Session Data/Mouse847_LinearTrack_20251121_182743.mat,1,/media/toor/Seagate2/Mouse847/awaiting_caiman/2025-11-21T18_22_12/dlc_trim_info.csv,/media/toor/Seagate2/Mouse847/awaiting_caiman/2025-11-21T18_22_12/Linear_Linear2025-11-21T18_22_12.avi,,,True,False
Mouse847,Linear,2025-11-22T17_52_30,2025-11-22,pre2026-05,detect,young,/media/toor/Seagate2/Mouse847/awaiting_caiman/2025-11-22T17_52_30,/media/toor/Seagate2/Mouse847/awaiting_dlc/2025-11-22T17_52_30/Linear2025-11-22T17_52_30.avi,/media/toor/Seagate2/Mouse847/awaiting_dlc/2025-11-22T17_52_30/timestamps2025-11-22T17_52_30.csv,True,/media/toor/SeagateClean/Bpod Local/Data/Mouse847/LinearTrack/Session Data/Mouse847_LinearTrack_20251122_175814.mat,1,/media/toor/Seagate2/Mouse847/awaiting_caiman/2025-11-22T17_52_30/dlc_trim_info.csv,/media/toor/Seagate2/Mouse847/awaiting_caiman/2025-11-22T17_52_30/Linear_Linear2025-11-22T17_52_30.avi,,,True,False
Mouse847,Linear,2025-11-23T17_37_09,2025-11-23,pre2026-05,detect,young,/media/toor/Seagate2/Mouse847/awaiting_caiman/2025-11-23T17_37_09,/media/toor/Seagate2/Mouse847/awaiting_dlc/2025-11-23T17_37_09/Linear2025-11-23T17_37_09.avi,/media/toor/Seagate2/Mouse847/awaiting_dlc/2025-11-23T17_37_09/timestamps2025-11-23T17_37_09.csv,True,/media/toor/SeagateClean/Bpod Local/Data/Mouse847/LinearTrack/Session Data/Mouse847_LinearTrack_20251123_174252.mat,2,/media/toor/Seagate2/Mouse847/awaiting_caiman/2025-11-23T17_37_09/dlc_trim_info.csv,/media/toor/Seagate2/Mouse847/awaiting_caiman/2025-11-23T17_37_09/Linear_Linear2025-11-23T17_37_09.avi,,,True,False
Mouse847,Linear,2025-11-24T18_04_45,2025-11-24,pre2026-05,detect,young,/media/toor/Seagate3/YOUNG_MICE/Mouse847/Round1/Linear/2025-11-24T18_04_45,/media/toor/Seagate2/Mouse847/awaiting_dlc/2025-11-24T18_04_45/Linear2025-11-24T18_04_45.avi,/media/toor/Seagate2/Mouse847/awaiting_dlc/2025-11-24T18_04_45/timestamps2025-11-24T18_04_45.csv,True,/media/toor/SeagateClean/Bpod Local/Data/Mouse847/LinearTrack/Session Data/Mouse847_LinearTrack_20251124_181821.mat,1,/media/toor/Seagate3/YOUNG_MICE/Mouse847/Round1/Linear/2025-11-24T18_04_45/dlc_trim_info.csv,/media/toor/Seagate3/YOUNG_MICE/Mouse847/Round1/Linear/2025-11-24T18_04_45/Linear_Linear2025-11-24T18_04_45.avi,/media/toor/Seagate3/YOUNG_MICE/Mouse847/Round1/Linear/2025-11-24T18_04_45/dlc/2025-11-24_18-04-45_LinearTrack_lineartrack_trials.csv,/media/toor/Seagate3/YOUNG_MICE/Mouse847/Round1/Linear/2025-11-24T18_04_45/dlc/2025-11-24_18-04-45_LinearTrack_linearized_binned_trials_70nbins.csv,True,True
Mouse847,Linear,2025-11-24T18_12_27,2025-11-24,pre2026-05,detect,young,/media/toor/Seagate2/Mouse847/Round1/Linear/2025-11-24T18_12_27,/media/toor/Seagate2/Mouse847/raw_data/2025-11-24T18_12_27/Linear2025-11-24T18_12_27.avi,/media/toor/Seagate2/Mouse847/raw_data/2025-11-24T18_12_27/timestamps2025-11-24T18_12_27.csv,True,/media/toor/SeagateClean/Bpod Local/Data/Mouse847/LinearTrack/Session Data/Mouse847_LinearTrack_20251124_181821.mat,1,/media/toor/Seagate2/Mouse847/Round1/Linear/2025-11-24T18_12_27/dlc_trim_info.csv,/media/toor/Seagate2/Mouse847/Round1/Linear/2025-11-24T18_12_27/Linear_Linear2025-11-24T18_12_27.avi,/media/toor/Seagate2/Mouse847/Round1/Linear/2025-11-24T18_12_27/dlc/2025-11-24_18-12-27_LinearTrack_lineartrack_trials.csv,/media/toor/Seagate2/Mouse847/Round1/Linear/2025-11-24T18_12_27/dlc/2025-11-24_18-12-27_LinearTrack_linearized_binned_trials_70nbins.csv,True,True
Mouse847,Linear,2025-11-25T18_03_59,2025-11-25,pre2026-05,detect,young,/media/toor/Seagate3/YOUNG_MICE/Mouse847/Round1/Linear/2025-11-25T18_03_59,/media/toor/Seagate2/Mouse847/awaiting_dlc/2025-11-25T18_03_59/Linear2025-11-25T18_03_59.avi,/media/toor/Seagate2/Mouse847/awaiting_dlc/2025-11-25T18_03_59/timestamps2025-11-25T18_03_59.csv,True,/media/toor/SeagateClean/Bpod Local/Data/Mouse847/LinearTrack/Session Data/Mouse847_LinearTrack_20251125_181213.mat,1,/media/toor/Seagate3/YOUNG_MICE/Mouse847/Round1/Linear/2025-11-25T18_03_59/dlc_trim_info.csv,/media/toor/Seagate3/YOUNG_MICE/Mouse847/Round1/Linear/2025-11-25T18_03_59/Linear_Linear2025-11-25T18_03_59.avi,/media/toor/Seagate3/YOUNG_MICE/Mouse847/Round1/Linear/2025-11-25T18_03_59/dlc/2025-11-25_18-03-59_LinearTrack_lineartrack_trials.csv,/media/toor/Seagate3/YOUNG_MICE/Mouse847/Round1/Linear/2025-11-25T18_03_59/dlc/2025-11-25_18-03-59_LinearTrack_linearized_binned_trials_70nbins.csv,True,True
Mouse847,Linear,2025-11-25T18_05_49,2025-11-25,pre2026-05,detect,young,/media/toor/Seagate2/Mouse847/Round1/Linear/2025-11-25T18_05_49,/media/toor/Seagate2/Mouse847/untrimmed/2025-11-25T18_05_49/Linear2025-11-25T18_05_49.avi,/media/toor/Seagate2/Mouse847/untrimmed/2025-11-25T18_05_49/timestamps2025-11-25T18_05_49.csv,True,/media/toor/SeagateClean/Bpod Local/Data/Mouse847/LinearTrack/Session Data/Mouse847_LinearTrack_20251125_181213.mat,1,/media/toor/Seagate2/Mouse847/Round1/Linear/2025-11-25T18_05_49/dlc_trim_info.csv,/media/toor/Seagate2/Mouse847/Round1/Linear/2025-11-25T18_05_49/Linear_Linear2025-11-25T18_05_49.avi,/media/toor/Seagate2/Mouse847/Round1/Linear/2025-11-25T18_05_49/dlc/2025-11-25_18-05-49_LinearTrack_lineartrack_trials.csv,/media/toor/Seagate2/Mouse847/Round1/Linear/2025-11-25T18_05_49/dlc/2025-11-25_18-05-49_LinearTrack_linearized_binned_trials_70nbins.csv,True,True
Mouse847,Linear,2025-11-26T17_33_33,2025-11-26,pre2026-05,detect,young,/media/toor/Seagate3/YOUNG_MICE/Mouse847/Round1/Linear/2025-11-26T17_33_33,/media/toor/Seagate2/Mouse847/awaiting_dlc/2025-11-26T17_33_33/Linear2025-11-26T17_33_33.avi,/media/toor/Seagate2/Mouse847/awaiting_dlc/2025-11-26T17_33_33/timestamps2025-11-26T17_33_33.csv,True,/media/toor/SeagateClean/Bpod Local/Data/Mouse847/LinearTrack/Session Data/Mouse847_LinearTrack_20251126_174021.mat,1,/media/toor/Seagate3/YOUNG_MICE/Mouse847/Round1/Linear/2025-11-26T17_33_33/dlc_trim_info.csv,/media/toor/Seagate3/YOUNG_MICE/Mouse847/Round1/Linear/2025-11-26T17_33_33/Linear_Linear2025-11-26T17_33_33.avi,/media/toor/Seagate3/YOUNG_MICE/Mouse847/Round1/Linear/2025-11-26T17_33_33/dlc/2025-11-26_17-33-33_LinearTrack_lineartrack_trials.csv,/media/toor/Seagate3/YOUNG_MICE/Mouse847/Round1/Linear/2025-11-26T17_33_33/dlc/2025-11-26_17-33-33_LinearTrack_linearized_binned_trials_70nbins.csv,True,True
Mouse847,Linear,2025-11-26T17_34_26,2025-11-26,pre2026-05,detect,young,/media/toor/Seagate2/Mouse847/Round1/Linear/2025-11-26T17_34_26,/media/toor/Seagate2/Mouse847/awaiting_caiman/2025-11-26T17_34_26/Linear2025-11-26T17_34_26.avi,/media/toor/Seagate2/Mouse847/awaiting_caiman/2025-11-26T17_34_26/timestamps2025-11-26T17_34_26.csv,True,/media/toor/SeagateClean/Bpod Local/Data/Mouse847/LinearTrack/Session Data/Mouse847_LinearTrack_20251126_174021.mat,1,/media/toor/Seagate2/Mouse847/Round1/Linear/2025-11-26T17_34_26/dlc_trim_info.csv,/media/toor/Seagate2/Mouse847/Round1/Linear/2025-11-26T17_34_26/Linear_Linear2025-11-26T17_34_26.avi,/media/toor/Seagate2/Mouse847/Round1/Linear/2025-11-26T17_34_26/dlc/2025-11-26_17-34-26_LinearTrack_lineartrack_trials.csv,/media/toor/Seagate2/Mouse847/Round1/Linear/2025-11-26T17_34_26/dlc/2025-11-26_17-34-26_LinearTrack_linearized_binned_trials_70nbins.csv,True,True
Mouse847,Linear,2025-11-27T17_48_59,2025-11-27,pre2026-05,detect,young,/media/toor/Seagate3/YOUNG_MICE/Mouse847/Round1/Linear/2025-11-27T17_48_59,/media/toor/Seagate2/Mouse847/awaiting_dlc/2025-11-27T17_48_59/Linear2025-11-27T17_48_59.avi,/media/toor/Seagate2/Mouse847/awaiting_dlc/2025-11-27T17_48_59/timestamps2025-11-27T17_48_59.csv,True,/media/toor/SeagateClean/Bpod Local/Data/Mouse847/LinearTrack/Session Data/Mouse847_LinearTrack_20251127_175619.mat,1,/media/toor/Seagate3/YOUNG_MICE/Mouse847/Round1/Linear/2025-11-27T17_48_59/dlc_trim_info.csv,/media/toor/Seagate3/YOUNG_MICE/Mouse847/Round1/Linear/2025-11-27T17_48_59/Linear_Linear2025-11-27T17_48_59.avi,/media/toor/Seagate3/YOUNG_MICE/Mouse847/Round1/Linear/2025-11-27T17_48_59/dlc/2025-11-27_17-48-59_LinearTrack_lineartrack_trials.csv,/media/toor/Seagate3/YOUNG_MICE/Mouse847/Round1/Linear/2025-11-27T17_48_59/dlc/2025-11-27_17-48-59_LinearTrack_linearized_binned_trials_70nbins.csv,True,True
Mouse847,Linear,2025-11-27T17_50_58,2025-11-27,pre2026-05,detect,young,/media/toor/Seagate2/Mouse847/Round1/Linear/2025-11-27T17_50_58,/media/toor/Seagate2/Mouse847/awaiting_caiman/2025-11-27T17_50_58/Linear2025-11-27T17_50_58.avi,/media/toor/Seagate2/Mouse847/awaiting_caiman/2025-11-27T17_50_58/timestamps2025-11-27T17_50_58.csv,True,/media/toor/SeagateClean/Bpod Local/Data/Mouse847/LinearTrack/Session Data/Mouse847_LinearTrack_20251127_175619.mat,1,/media/toor/Seagate2/Mouse847/Round1/Linear/2025-11-27T17_50_58/dlc_trim_info.csv,/media/toor/Seagate2/Mouse847/Round1/Linear/2025-11-27T17_50_58/Linear_Linear2025-11-27T17_50_58.avi,/media/toor/Seagate2/Mouse847/Round1/Linear/2025-11-27T17_50_58/dlc/2025-11-27_17-50-58_LinearTrack_lineartrack_trials.csv,/media/toor/Seagate2/Mouse847/Round1/Linear/2025-11-27T17_50_58/dlc/2025-11-27_17-50-58_LinearTrack_linearized_binned_trials_70nbins.csv,True,True
Mouse847,Linear,2025-11-29T18_16_31,2025-11-29,pre2026-05,detect,young,/media/toor/Seagate3/YOUNG_MICE/Mouse847/Round1/Linear/2025-11-29T18_16_31,/media/toor/Seagate2/YOUNG_MICE/Mouse847/Linear2025-11-29T18_16_31.avi,/media/toor/Seagate3/YOUNG_MICE/Mouse847/Linear/concat/2025-11-29T18_16_31/timestamps2025-11-29T18_16_31.csv,False,/media/toor/SeagateClean/Bpod Local/Data/Mouse847/LinearTrack/Session Data/Mouse847_LinearTrack_20251129_182226.mat,1,/media/toor/Seagate3/YOUNG_MICE/Mouse847/Round1/Linear/2025-11-29T18_16_31/dlc_trim_info.csv,/media/toor/Seagate3/YOUNG_MICE/Mouse847/Round1/Linear/2025-11-29T18_16_31/Linear_Linear2025-11-29T18_16_31.avi,/media/toor/Seagate3/YOUNG_MICE/Mouse847/Round1/Linear/2025-11-29T18_16_31/dlc/2025-11-29_18-16-31_LinearTrack_lineartrack_trials.csv,/media/toor/Seagate3/YOUNG_MICE/Mouse847/Round1/Linear/2025-11-29T18_16_31/dlc/2025-11-29_18-16-31_LinearTrack_linearized_binned_trials_70nbins.csv,True,True
Mouse847,Linear,2025-11-29T18_17_37,2025-11-29,pre2026-05,detect,young,/media/toor/Seagate2/Mouse847/Round1/Linear/2025-11-29T18_17_37,/media/toor/Seagate2/Mouse847/awaiting_caiman/2025-11-29T18_17_37/Linear2025-11-29T18_17_37.avi,/media/toor/Seagate2/Mouse847/awaiting_caiman/2025-11-29T18_17_37/timestamps2025-11-29T18_17_37.csv,True,/media/toor/SeagateClean/Bpod Local/Data/Mouse847/LinearTrack/Session Data/Mouse847_LinearTrack_20251129_182226.mat,1,/media/toor/Seagate2/Mouse847/Round1/Linear/2025-11-29T18_17_37/dlc_trim_info.csv,/media/toor/Seagate2/Mouse847/Round1/Linear/2025-11-29T18_17_37/Linear_Linear2025-11-29T18_17_37.avi,/media/toor/Seagate2/Mouse847/Round1/Linear/2025-11-29T18_17_37/dlc/2025-11-29_18-17-37_LinearTrack_lineartrack_trials.csv,/media/toor/Seagate2/Mouse847/Round1/Linear/2025-11-29T18_17_37/dlc/2025-11-29_18-17-37_LinearTrack_linearized_binned_trials_70nbins.csv,True,True
Mouse847,Linear,2025-11-30T18_06_18,2025-11-30,pre2026-05,detect,young,/media/toor/Seagate2/Mouse847/Round1/Linear/2025-11-30T18_06_18,/media/toor/Seagate2/Mouse847/awaiting_caiman/2025-11-30T18_06_18/Linear2025-11-30T18_06_18.avi,/media/toor/Seagate2/Mouse847/awaiting_caiman/2025-11-30T18_06_18/timestamps2025-11-30T18_06_18.csv,True,/media/toor/SeagateClean/Bpod Local/Data/Mouse847/LinearTrack/Session Data/Mouse847_LinearTrack_20251130_181105.mat,1,/media/toor/Seagate2/Mouse847/Round1/Linear/2025-11-30T18_06_18/dlc_trim_info.csv,/media/toor/Seagate2/Mouse847/Round1/Linear/2025-11-30T18_06_18/Linear_Linear2025-11-30T18_06_18.avi,/media/toor/Seagate2/Mouse847/Round1/Linear/2025-11-30T18_06_18/dlc/2025-11-30_18-06-18_LinearTrack_lineartrack_trials.csv,/media/toor/Seagate2/Mouse847/Round1/Linear/2025-11-30T18_06_18/dlc/2025-11-30_18-06-18_LinearTrack_linearized_binned_trials_70nbins.csv,True,True
Mouse847,Linear,2025-12-01T18_56_24,2025-12-01,pre2026-05,detect,young,/media/toor/Seagate3/YOUNG_MICE/Mouse847/Round1.5/Linear/2025-12-01T18_56_24,/media/toor/Seagate2/YOUNG_MICE/Mouse847/Linear2025-12-01T18_56_24.avi,/media/toor/Seagate3/$RECYCLE.BIN/S-1-5-21-1567802019-673313642-2207994177-1001/$RHMDRLD/timestamps2025-12-01T18_56_24.csv,False,/media/toor/SeagateClean/Bpod Local/Data/Mouse847/LinearTrack/Session Data/Mouse847_LinearTrack_20251201_193652.mat,1,/media/toor/Seagate3/YOUNG_MICE/Mouse847/Round1.5/Linear/2025-12-01T18_56_24/dlc_trim_info.csv,/media/toor/Seagate3/YOUNG_MICE/Mouse847/Round1.5/Linear/2025-12-01T18_56_24/Linear_Linear2025-12-01T18_56_24.avi,/media/toor/Seagate3/YOUNG_MICE/Mouse847/Round1.5/Linear/2025-12-01T18_56_24/dlc/2025-12-01_18-56-24_LinearTrack_lineartrack_trials.csv,/media/toor/Seagate3/YOUNG_MICE/Mouse847/Round1.5/Linear/2025-12-01T18_56_24/dlc/2025-12-01_18-56-24_LinearTrack_linearized_binned_trials_70nbins.csv,True,True
Mouse847,Linear,2025-12-02T18_38_08,2025-12-02,pre2026-05,detect,young,/media/toor/Seagate3/YOUNG_MICE/Mouse847/Round1.5/Linear/2025-12-02T18_38_08,/media/toor/Seagate3/YOUNG_MICE/Mouse847/Linear/concat/2025-12-02T18_38_08/Linear2025-12-02T18_38_08.avi,/media/toor/Seagate3/YOUNG_MICE/Mouse847/Linear/concat/2025-12-02T18_38_08/timestamps2025-12-02T18_38_08.csv,True,/media/toor/SeagateClean/Bpod Local/Data/Mouse847/LinearTrack/Session Data/Mouse847_LinearTrack_20251202_192022.mat,1,/media/toor/Seagate3/YOUNG_MICE/Mouse847/Round1.5/Linear/2025-12-02T18_38_08/dlc_trim_info.csv,/media/toor/Seagate3/YOUNG_MICE/Mouse847/Round1.5/Linear/2025-12-02T18_38_08/Linear_Linear2025-12-02T18_38_08.avi,/media/toor/Seagate3/YOUNG_MICE/Mouse847/Round1.5/Linear/2025-12-02T18_38_08/dlc/2025-12-02_18-38-08_LinearTrack_lineartrack_trials.csv,/media/toor/Seagate3/YOUNG_MICE/Mouse847/Round1.5/Linear/2025-12-02T18_38_08/dlc/2025-12-02_18-38-08_LinearTrack_linearized_binned_trials_70nbins.csv,True,True
Mouse847,Linear,2025-12-03T18_32_37,2025-12-03,pre2026-05,detect,young,/media/toor/Seagate3/YOUNG_MICE/Mouse847/Round1.5/Linear/2025-12-03T18_32_37,/media/toor/Seagate2/YOUNG_MICE/Mouse847/Linear2025-12-03T18_32_37.avi,/media/toor/Seagate3/$RECYCLE.BIN/S-1-5-21-1567802019-673313642-2207994177-1001/$RHZPILH/timestamps2025-12-03T18_32_37.csv,False,/media/toor/SeagateClean/Bpod Local/Data/Mouse847/LinearTrack/Session Data/Mouse847_LinearTrack_20251203_184029.mat,1,/media/toor/Seagate3/YOUNG_MICE/Mouse847/Round1.5/Linear/2025-12-03T18_32_37/dlc_trim_info.csv,/media/toor/Seagate3/YOUNG_MICE/Mouse847/Round1.5/Linear/2025-12-03T18_32_37/Linear_Linear2025-12-03T18_32_37.avi,/media/toor/Seagate3/YOUNG_MICE/Mouse847/Round1.5/Linear/2025-12-03T18_32_37/dlc/2025-12-03_18-32-37_LinearTrack_lineartrack_trials.csv,/media/toor/Seagate3/YOUNG_MICE/Mouse847/Round1.5/Linear/2025-12-03T18_32_37/dlc/2025-12-03_18-32-37_LinearTrack_linearized_binned_trials_70nbins.csv,True,True
Mouse847,Linear,2025-12-04T18_37_39,2025-12-04,pre2026-05,detect,young,/media/toor/Seagate3/YOUNG_MICE/Mouse847/Round1.5/Linear/2025-12-04T18_37_39,/media/toor/Seagate3/YOUNG_MICE/Mouse847/Linear/concat/2025-12-04T18_37_39/Linear2025-12-04T18_37_39.avi,/media/toor/Seagate3/YOUNG_MICE/Mouse847/Linear/concat/2025-12-04T18_37_39/timestamps2025-12-04T18_37_39.csv,True,/media/toor/SeagateClean/Bpod Local/Data/Mouse847/LinearTrack/Session Data/Mouse847_LinearTrack_20251204_183914.mat,1,/media/toor/Seagate3/YOUNG_MICE/Mouse847/Round1.5/Linear/2025-12-04T18_37_39/dlc_trim_info.csv,/media/toor/Seagate3/YOUNG_MICE/Mouse847/Round1.5/Linear/2025-12-04T18_37_39/Linear_Linear2025-12-04T18_37_39.avi,/media/toor/Seagate3/YOUNG_MICE/Mouse847/Round1.5/Linear/2025-12-04T18_37_39/dlc/2025-12-04_18-37-39_LinearTrack_lineartrack_trials.csv,/media/toor/Seagate3/YOUNG_MICE/Mouse847/Round1.5/Linear/2025-12-04T18_37_39/dlc/2025-12-04_18-37-39_LinearTrack_linearized_binned_trials_70nbins.csv,True,True
Mouse847,Linear,2025-12-05T18_21_06,2025-12-05,pre2026-05,detect,young,/media/toor/Seagate3/YOUNG_MICE/Mouse847/Round1.5/Linear/2025-12-05T18_21_06,/media/toor/Seagate3/$RECYCLE.BIN/S-1-5-21-1567802019-673313642-2207994177-1001/$RC1UO4F/Linear2025-12-05T18_21_06.avi,/media/toor/Seagate3/$RECYCLE.BIN/S-1-5-21-1567802019-673313642-2207994177-1001/$RC1UO4F/timestamps2025-12-05T18_21_06.csv,True,/media/toor/SeagateClean/Bpod Local/Data/Mouse847/LinearTrack/Session Data/Mouse847_LinearTrack_20251205_182118.mat,1,/media/toor/Seagate3/YOUNG_MICE/Mouse847/Round1.5/Linear/2025-12-05T18_21_06/dlc_trim_info.csv,/media/toor/Seagate3/YOUNG_MICE/Mouse847/Round1.5/Linear/2025-12-05T18_21_06/Linear_Linear2025-12-05T18_21_06.avi,/media/toor/Seagate3/YOUNG_MICE/Mouse847/Round1.5/Linear/2025-12-05T18_21_06/dlc/2025-12-05_18-21-06_LinearTrack_lineartrack_trials.csv,/media/toor/Seagate3/YOUNG_MICE/Mouse847/Round1.5/Linear/2025-12-05T18_21_06/dlc/2025-12-05_18-21-06_LinearTrack_linearized_binned_trials_70nbins.csv,True,True
Mouse847,Linear,2025-12-06T16_10_37,2025-12-06,pre2026-05,detect,young,/media/toor/Seagate3/YOUNG_MICE/Mouse847/Round1.5/Linear/2025-12-06T16_10_37,/media/toor/Seagate2/YOUNG_MICE/Mouse847/Linear2025-12-06T16_10_37.avi,/media/toor/Seagate3/YOUNG_MICE/Mouse847/Linear/concat/2025-12-06T16_10_37/timestamps2025-12-06T16_10_37.csv,False,/media/toor/SeagateClean/Bpod Local/Data/Mouse847/LinearTrack/Session Data/Mouse847_LinearTrack_20251206_190220.mat,1,/media/toor/Seagate3/YOUNG_MICE/Mouse847/Round1.5/Linear/2025-12-06T16_10_37/dlc_trim_info.csv,/media/toor/Seagate3/YOUNG_MICE/Mouse847/Round1.5/Linear/2025-12-06T16_10_37/Linear_Linear2025-12-06T16_10_37.avi,/media/toor/Seagate3/YOUNG_MICE/Mouse847/Round1.5/Linear/2025-12-06T16_10_37/dlc/2025-12-06_16-10-37_LinearTrack_lineartrack_trials.csv,/media/toor/Seagate3/YOUNG_MICE/Mouse847/Round1.5/Linear/2025-12-06T16_10_37/dlc/2025-12-06_16-10-37_LinearTrack_linearized_binned_trials_70nbins.csv,True,True
Mouse847,Linear,2025-12-07T19_21_08,2025-12-07,pre2026-05,detect,young,/media/toor/Seagate3/YOUNG_MICE/Mouse847/Round1.5/Linear/2025-12-07T19_21_08,/media/toor/Seagate3/YOUNG_MICE/Mouse847/Linear/concat/2025-12-07T19_21_08/Linear2025-12-07T19_21_08.avi,/media/toor/Seagate3/YOUNG_MICE/Mouse847/Linear/concat/2025-12-07T19_21_08/timestamps2025-12-07T19_21_08.csv,True,/media/toor/SeagateClean/Bpod Local/Data/Mouse847/LinearTrack/Session Data/Mouse847_LinearTrack_20251207_192624.mat,1,/media/toor/Seagate3/YOUNG_MICE/Mouse847/Round1.5/Linear/2025-12-07T19_21_08/dlc_trim_info.csv,/media/toor/Seagate3/YOUNG_MICE/Mouse847/Round1.5/Linear/2025-12-07T19_21_08/Linear_Linear2025-12-07T19_21_08.avi,/media/toor/Seagate3/YOUNG_MICE/Mouse847/Round1.5/Linear/2025-12-07T19_21_08/dlc/2025-12-07_19-21-08_LinearTrack_lineartrack_trials.csv,/media/toor/Seagate3/YOUNG_MICE/Mouse847/Round1.5/Linear/2025-12-07T19_21_08/dlc/2025-12-07_19-21-08_LinearTrack_linearized_binned_trials_70nbins.csv,True,True
Mouse847,Linear,2025-12-08T16_44_19,2025-12-08,pre2026-05,detect,young,/media/toor/Seagate3/YOUNG_MICE/Mouse847/Round1.5/Linear/2025-12-08T16_44_19,/media/toor/Seagate2/YOUNG_MICE/Mouse847/Linear2025-12-08T16_44_19.avi,/media/toor/Seagate2/YOUNG_MICE/Mouse847/timestamps2025-12-08T16_44_19.csv,True,/media/toor/SeagateClean/Bpod Local/Data/Mouse847/LinearTrack/Session Data/Mouse847_LinearTrack_20251208_165201.mat,1,/media/toor/Seagate3/YOUNG_MICE/Mouse847/Round1.5/Linear/2025-12-08T16_44_19/dlc_trim_info.csv,/media/toor/Seagate3/YOUNG_MICE/Mouse847/Round1.5/Linear/2025-12-08T16_44_19/Linear_Linear2025-12-08T16_44_19.avi,/media/toor/Seagate3/YOUNG_MICE/Mouse847/Round1.5/Linear/2025-12-08T16_44_19/dlc/2025-12-08_16-44-19_LinearTrack_lineartrack_trials.csv,/media/toor/Seagate3/YOUNG_MICE/Mouse847/Round1.5/Linear/2025-12-08T16_44_19/dlc/2025-12-08_16-44-19_LinearTrack_linearized_binned_trials_70nbins.csv,True,True
Mouse847,Linear,2025-12-09T18_54_11,2025-12-09,pre2026-05,detect,young,/media/toor/Seagate3/YOUNG_MICE/Mouse847/Round1.5/Linear/2025-12-09T18_54_11,/media/toor/Seagate2/YOUNG_MICE/Mouse847/Linear2025-12-09T18_54_11.avi,/media/toor/Seagate3/YOUNG_MICE/Mouse847/Linear/concat/2025-12-09T18_54_11/timestamps2025-12-09T18_54_11.csv,False,/media/toor/SeagateClean/Bpod Local/Data/Mouse847/LinearTrack/Session Data/Mouse847_LinearTrack_20251209_185509.mat,1,/media/toor/Seagate3/YOUNG_MICE/Mouse847/Round1.5/Linear/2025-12-09T18_54_11/dlc_trim_info.csv,/media/toor/Seagate3/YOUNG_MICE/Mouse847/Round1.5/Linear/2025-12-09T18_54_11/Linear_Linear2025-12-09T18_54_11.avi,/media/toor/Seagate3/YOUNG_MICE/Mouse847/Round1.5/Linear/2025-12-09T18_54_11/dlc/2025-12-09_18-54-11_LinearTrack_lineartrack_trials.csv,/media/toor/Seagate3/YOUNG_MICE/Mouse847/Round1.5/Linear/2025-12-09T18_54_11/dlc/2025-12-09_18-54-11_LinearTrack_linearized_binned_trials_70nbins.csv,True,True
Mouse847,Linear,2025-12-10T17_50_34,2025-12-10,pre2026-05,detect,young,/media/toor/Seagate3/YOUNG_MICE/Mouse847/Round1.5/Linear/2025-12-10T17_50_34,/media/toor/Seagate3/$RECYCLE.BIN/S-1-5-21-1567802019-673313642-2207994177-1001/$R8LRV6P/Linear2025-12-10T17_50_34.avi,/media/toor/Seagate3/$RECYCLE.BIN/S-1-5-21-1567802019-673313642-2207994177-1001/$R8LRV6P/timestamps2025-12-10T17_50_34.csv,True,/media/toor/SeagateClean/Bpod Local/Data/Mouse847/LinearTrack/Session Data/Mouse847_LinearTrack_20251210_175305.mat,1,/media/toor/Seagate3/YOUNG_MICE/Mouse847/Round1.5/Linear/2025-12-10T17_50_34/dlc_trim_info.csv,/media/toor/Seagate3/YOUNG_MICE/Mouse847/Round1.5/Linear/2025-12-10T17_50_34/Linear_Linear2025-12-10T17_50_34.avi,/media/toor/Seagate3/YOUNG_MICE/Mouse847/Round1.5/Linear/2025-12-10T17_50_34/dlc/2025-12-10_17-50-34_LinearTrack_lineartrack_trials.csv,/media/toor/Seagate3/YOUNG_MICE/Mouse847/Round1.5/Linear/2025-12-10T17_50_34/dlc/2025-12-10_17-50-34_LinearTrack_linearized_binned_trials_70nbins.csv,True,True
Mouse847,Linear,2025-12-11T17_57_57,2025-12-11,pre2026-05,detect,young,/media/toor/Seagate3/YOUNG_MICE/Mouse847/Round1.5/Linear/2025-12-11T17_57_57,/media/toor/Seagate3/YOUNG_MICE/Mouse847/Linear/concat/2025-12-11T17_57_57/Linear2025-12-11T17_57_57.avi,/media/toor/Seagate3/YOUNG_MICE/Mouse847/Linear/concat/2025-12-11T17_57_57/timestamps2025-12-11T17_57_57.csv,True,/media/toor/SeagateClean/Bpod Local/Data/Mouse847/LinearTrack/Session Data/Mouse847_LinearTrack_20251211_180324.mat,1,/media/toor/Seagate3/YOUNG_MICE/Mouse847/Round1.5/Linear/2025-12-11T17_57_57/dlc_trim_info.csv,/media/toor/Seagate3/YOUNG_MICE/Mouse847/Round1.5/Linear/2025-12-11T17_57_57/Linear_Linear2025-12-11T17_57_57.avi,/media/toor/Seagate3/YOUNG_MICE/Mouse847/Round1.5/Linear/2025-12-11T17_57_57/dlc/2025-12-11_17-57-57_LinearTrack_lineartrack_trials.csv,/media/toor/Seagate3/YOUNG_MICE/Mouse847/Round1.5/Linear/2025-12-11T17_57_57/dlc/2025-12-11_17-57-57_LinearTrack_linearized_binned_trials_70nbins.csv,True,True
Mouse847,Linear,2025-12-12T18_56_10,2025-12-12,pre2026-05,detect,young,/media/toor/Seagate3/YOUNG_MICE/Mouse847/Round1.5/Linear/2025-12-12T18_56_10,/media/toor/Seagate3/YOUNG_MICE/Mouse847/Linear/concat/2025-12-12T18_56_10/Linear2025-12-12T18_56_10.avi,/media/toor/Seagate3/YOUNG_MICE/Mouse847/Linear/concat/2025-12-12T18_56_10/timestamps2025-12-12T18_56_10.csv,True,/media/toor/SeagateClean/Bpod Local/Data/Mouse847/LinearTrack/Session Data/Mouse847_LinearTrack_20251212_190157.mat,1,/media/toor/Seagate3/YOUNG_MICE/Mouse847/Round1.5/Linear/2025-12-12T18_56_10/dlc_trim_info.csv,/media/toor/Seagate3/YOUNG_MICE/Mouse847/Round1.5/Linear/2025-12-12T18_56_10/Linear_Linear2025-12-12T18_56_10.avi,/media/toor/Seagate3/YOUNG_MICE/Mouse847/Round1.5/Linear/2025-12-12T18_56_10/dlc/2025-12-12_18-56-10_LinearTrack_lineartrack_trials.csv,/media/toor/Seagate3/YOUNG_MICE/Mouse847/Round1.5/Linear/2025-12-12T18_56_10/dlc/2025-12-12_18-56-10_LinearTrack_linearized_binned_trials_70nbins.csv,True,True
Mouse847,Linear,2025-12-13T17_51_43,2025-12-13,pre2026-05,detect,young,/media/toor/Seagate3/YOUNG_MICE/Mouse847/Round1.5/Linear/2025-12-13T17_51_43,/media/toor/Seagate3/YOUNG_MICE/Mouse847/Linear/concat/2025-12-13T17_51_43/Linear2025-12-13T17_51_43.avi,/media/toor/Seagate3/YOUNG_MICE/Mouse847/Linear/concat/2025-12-13T17_51_43/timestamps2025-12-13T17_51_43.csv,True,/media/toor/SeagateClean/Bpod Local/Data/Mouse847/LinearTrack/Session Data/Mouse847_LinearTrack_20251213_175153.mat,1,/media/toor/Seagate3/YOUNG_MICE/Mouse847/Round1.5/Linear/2025-12-13T17_51_43/dlc_trim_info.csv,/media/toor/Seagate3/YOUNG_MICE/Mouse847/Round1.5/Linear/2025-12-13T17_51_43/Linear_Linear2025-12-13T17_51_43.avi,/media/toor/Seagate3/YOUNG_MICE/Mouse847/Round1.5/Linear/2025-12-13T17_51_43/dlc/2025-12-13_17-51-43_LinearTrack_lineartrack_trials.csv,/media/toor/Seagate3/YOUNG_MICE/Mouse847/Round1.5/Linear/2025-12-13T17_51_43/dlc/2025-12-13_17-51-43_LinearTrack_linearized_binned_trials_70nbins.csv,True,True
Mouse847,Linear,2025-12-14T18_59_58,2025-12-14,pre2026-05,detect,young,/media/toor/Seagate3/YOUNG_MICE/Mouse847/Round1.5/Linear/2025-12-14T18_59_58,/media/toor/Seagate2/YOUNG_MICE/Mouse847/Linear2025-12-14T18_59_58.avi,/media/toor/Seagate2/YOUNG_MICE/Mouse847/timestamps2025-12-14T18_59_58.csv,True,/media/toor/SeagateClean/Bpod Local/Data/Mouse847/LinearTrack/Session Data/Mouse847_LinearTrack_20251214_190544.mat,1,/media/toor/Seagate3/YOUNG_MICE/Mouse847/Round1.5/Linear/2025-12-14T18_59_58/dlc_trim_info.csv,/media/toor/Seagate3/YOUNG_MICE/Mouse847/Round1.5/Linear/2025-12-14T18_59_58/Linear_Linear2025-12-14T18_59_58.avi,/media/toor/Seagate3/YOUNG_MICE/Mouse847/Round1.5/Linear/2025-12-14T18_59_58/dlc/2025-12-14_18-59-58_LinearTrack_lineartrack_trials.csv,/media/toor/Seagate3/YOUNG_MICE/Mouse847/Round1.5/Linear/2025-12-14T18_59_58/dlc/2025-12-14_18-59-58_LinearTrack_linearized_binned_trials_70nbins.csv,True,True
Mouse847,Linear,2025-12-15T18_00_46,2025-12-15,pre2026-05,detect,young,/media/toor/Seagate3/YOUNG_MICE/Mouse847/Round1.5/Linear/2025-12-15T18_00_46,/media/toor/Seagate2/YOUNG_MICE/Mouse847/Linear2025-12-15T18_00_46.avi,/media/toor/Seagate2/YOUNG_MICE/Mouse847/timestamps2025-12-15T18_00_46.csv,True,/media/toor/SeagateClean/Bpod Local/Data/Mouse847/LinearTrack/Session Data/Mouse847_LinearTrack_20251215_180700.mat,1,/media/toor/Seagate3/YOUNG_MICE/Mouse847/Round1.5/Linear/2025-12-15T18_00_46/dlc_trim_info.csv,/media/toor/Seagate3/YOUNG_MICE/Mouse847/Round1.5/Linear/2025-12-15T18_00_46/Linear_Linear2025-12-15T18_00_46.avi,/media/toor/Seagate3/YOUNG_MICE/Mouse847/Round1.5/Linear/2025-12-15T18_00_46/dlc/2025-12-15_18-00-46_LinearTrack_lineartrack_trials.csv,/media/toor/Seagate3/YOUNG_MICE/Mouse847/Round1.5/Linear/2025-12-15T18_00_46/dlc/2025-12-15_18-00-46_LinearTrack_linearized_binned_trials_70nbins.csv,True,True
Mouse847,Linear,2025-12-16T16_54_54,2025-12-16,pre2026-05,detect,young,/media/toor/Seagate3/YOUNG_MICE/Mouse847/Round1.5/Linear/2025-12-16T16_54_54,/media/toor/Seagate2/RAW DATA/Mouse847/Linear2025-12-16T16_54_54.avi,/media/toor/Seagate2/RAW DATA/Mouse847/timestamps2025-12-16T16_54_54.csv,True,/media/toor/SeagateClean/Bpod Local/Data/Mouse847/LinearTrack/Session Data/Mouse847_LinearTrack_20251216_170015.mat,1,/media/toor/Seagate3/YOUNG_MICE/Mouse847/Round1.5/Linear/2025-12-16T16_54_54/dlc_trim_info.csv,/media/toor/Seagate3/YOUNG_MICE/Mouse847/Round1.5/Linear/2025-12-16T16_54_54/Linear_Linear2025-12-16T16_54_54.avi,/media/toor/Seagate3/YOUNG_MICE/Mouse847/Round1.5/Linear/2025-12-16T16_54_54/dlc/2025-12-16_16-54-54_LinearTrack_lineartrack_trials.csv,/media/toor/Seagate3/YOUNG_MICE/Mouse847/Round1.5/Linear/2025-12-16T16_54_54/dlc/2025-12-16_16-54-54_LinearTrack_linearized_binned_trials_70nbins.csv,True,True
Mouse847,Linear,2025-12-17T18_02_25,2025-12-17,pre2026-05,detect,young,/media/toor/Seagate3/YOUNG_MICE/Mouse847/Round1.5/Linear/2025-12-17T18_02_25,/media/toor/Seagate2/YOUNG_MICE/Mouse847/Linear2025-12-17T18_02_25.avi,/media/toor/Seagate2/YOUNG_MICE/Mouse847/timestamps2025-12-17T18_02_25.csv,True,/media/toor/SeagateClean/Bpod Local/Data/Mouse847/LinearTrack/Session Data/Mouse847_LinearTrack_20251217_181026.mat,1,/media/toor/Seagate3/YOUNG_MICE/Mouse847/Round1.5/Linear/2025-12-17T18_02_25/dlc_trim_info.csv,/media/toor/Seagate3/YOUNG_MICE/Mouse847/Round1.5/Linear/2025-12-17T18_02_25/Linear_Linear2025-12-17T18_02_25.avi,/media/toor/Seagate3/YOUNG_MICE/Mouse847/Round1.5/Linear/2025-12-17T18_02_25/dlc/2025-12-17_18-02-25_LinearTrack_lineartrack_trials.csv,/media/toor/Seagate3/YOUNG_MICE/Mouse847/Round1.5/Linear/2025-12-17T18_02_25/dlc/2025-12-17_18-02-25_LinearTrack_linearized_binned_trials_70nbins.csv,True,True
Mouse847,Linear,2025-12-18T10_49_46,2025-12-18,pre2026-05,detect,young,/media/toor/Seagate3/YOUNG_MICE/Mouse847/Round1.5/Linear/2025-12-18T10_49_46,/media/toor/Seagate2/RAW DATA/Mouse847/Linear2025-12-18T10_49_46.avi,/media/toor/Seagate2/RAW DATA/Mouse847/timestamps2025-12-18T10_49_46.csv,True,/media/toor/SeagateClean/Bpod Local/Data/Mouse847/LinearTrack/Session Data/Mouse847_LinearTrack_20251218_105001.mat,1,/media/toor/Seagate3/YOUNG_MICE/Mouse847/Round1.5/Linear/2025-12-18T10_49_46/dlc_trim_info.csv,/media/toor/Seagate3/YOUNG_MICE/Mouse847/Round1.5/Linear/2025-12-18T10_49_46/Linear_Linear2025-12-18T10_49_46.avi,/media/toor/Seagate3/YOUNG_MICE/Mouse847/Round1.5/Linear/2025-12-18T10_49_46/dlc/2025-12-18_10-49-46_LinearTrack_lineartrack_trials.csv,/media/toor/Seagate3/YOUNG_MICE/Mouse847/Round1.5/Linear/2025-12-18T10_49_46/dlc/2025-12-18_10-49-46_LinearTrack_linearized_binned_trials_70nbins.csv,True,True
Mouse847,TMaze,2025-12-01T18_59_37,2025-12-01,pre2026-05,align,young,/media/toor/Seagate3/YOUNG_MICE/Mouse847/Round1.5/TMaze/2025-12-01T18_59_37,/media/toor/Seagate2/YOUNG_MICE/Mouse847/Linear2025-12-01T18_59_37.avi,/media/toor/Seagate2/YOUNG_MICE/Mouse847/timestamps2025-12-01T18_59_37.csv,True,/media/toor/SeagateClean/Bpod Local/Data/Mouse847/TMaze4/Session Data/Mouse847_TMaze4_20251201_190531.mat,1,/media/toor/Seagate3/YOUNG_MICE/Mouse847/Round1.5/TMaze/2025-12-01T18_59_37/dlc_trim_info.csv,/media/toor/Seagate3/YOUNG_MICE/Mouse847/Round1.5/TMaze/2025-12-01T18_59_37/TMaze_Linear2025-12-01T18_59_37.avi,/media/toor/Seagate3/YOUNG_MICE/Mouse847/Round1.5/TMaze/2025-12-01T18_59_37/dlc/2025-12-01_18-59-37_TMaze_trimmed_trials.csv,/media/toor/Seagate3/YOUNG_MICE/Mouse847/Round1.5/TMaze/2025-12-01T18_59_37/dlc/2025-12-01_18-59-37_TMaze_TMaze_linearized_binned_trials_70nbins.csv,True,True
Mouse847,TMaze,2025-12-02T18_45_23,2025-12-02,pre2026-05,align,young,/media/toor/Seagate3/YOUNG_MICE/Mouse847/Round1.5/TMaze/2025-12-02T18_45_23,/media/toor/Seagate3/YOUNG_MICE/Mouse847/TMaze/concat/2025-12-02T18_45_23/Linear2025-12-02T18_45_23.avi,/media/toor/Seagate3/YOUNG_MICE/Mouse847/TMaze/concat/2025-12-02T18_45_23/timestamps2025-12-02T18_45_23.csv,True,/media/toor/SeagateClean/Bpod Local/Data/Mouse847/TMaze4/Session Data/Mouse847_TMaze4_20251202_185555.mat,3,/media/toor/Seagate3/YOUNG_MICE/Mouse847/Round1.5/TMaze/2025-12-02T18_45_23/dlc_trim_info.csv,/media/toor/Seagate3/YOUNG_MICE/Mouse847/Round1.5/TMaze/2025-12-02T18_45_23/TMaze_Linear2025-12-02T18_45_23.avi,/media/toor/Seagate3/YOUNG_MICE/Mouse847/Round1.5/TMaze/2025-12-02T18_45_23/dlc/2025-12-02_18-45-23_TMaze_trimmed_trials.csv,/media/toor/Seagate3/YOUNG_MICE/Mouse847/Round1.5/TMaze/2025-12-02T18_45_23/dlc/2025-12-02_18-45-23_TMaze_TMaze_linearized_binned_trials_70nbins.csv,True,True
Mouse847,TMaze,2025-12-04T18_11_09,2025-12-04,pre2026-05,align,young,/media/toor/Seagate3/YOUNG_MICE/Mouse847/Round1.5/TMaze/2025-12-04T18_11_09,/media/toor/Seagate2/YOUNG_MICE/Mouse847/Linear2025-12-04T18_11_09.avi,/media/toor/Seagate2/YOUNG_MICE/Mouse847/timestamps2025-12-04T18_11_09.csv,True,/media/toor/SeagateClean/Bpod Local/Data/Mouse847/TMaze4/Session Data/Mouse847_TMaze4_20251204_181648.mat,1,/media/toor/Seagate3/YOUNG_MICE/Mouse847/Round1.5/TMaze/2025-12-04T18_11_09/dlc_trim_info.csv,/media/toor/Seagate3/YOUNG_MICE/Mouse847/Round1.5/TMaze/2025-12-04T18_11_09/TMaze_Linear2025-12-04T18_11_09.avi,/media/toor/Seagate3/YOUNG_MICE/Mouse847/Round1.5/TMaze/2025-12-04T18_11_09/dlc/2025-12-04_18-11-09_TMaze_trimmed_trials.csv,/media/toor/Seagate3/YOUNG_MICE/Mouse847/Round1.5/TMaze/2025-12-04T18_11_09/dlc/2025-12-04_18-11-09_TMaze_TMaze_linearized_binned_trials_70nbins.csv,True,True
Mouse847,TMaze,2025-12-05T17_46_00,2025-12-05,pre2026-05,align,young,/media/toor/Seagate3/YOUNG_MICE/Mouse847/Round1.5/TMaze/2025-12-05T17_46_00,/media/toor/Seagate3/YOUNG_MICE/Mouse847/TMaze/concat/2025-12-05T17_46_00/Linear2025-12-05T17_46_00.avi,/media/toor/Seagate3/YOUNG_MICE/Mouse847/TMaze/concat/2025-12-05T17_46_00/timestamps2025-12-05T17_46_00.csv,True,/media/toor/SeagateClean/Bpod Local/Data/Mouse847/TMaze4/Session Data/Mouse847_TMaze4_20251205_175811.mat,1,/media/toor/Seagate3/YOUNG_MICE/Mouse847/Round1.5/TMaze/2025-12-05T17_46_00/dlc_trim_info.csv,/media/toor/Seagate3/YOUNG_MICE/Mouse847/Round1.5/TMaze/2025-12-05T17_46_00/TMaze_Linear2025-12-05T17_46_00.avi,/media/toor/Seagate3/YOUNG_MICE/Mouse847/Round1.5/TMaze/2025-12-05T17_46_00/dlc/2025-12-05_17-46-00_TMaze_trimmed_trials.csv,/media/toor/Seagate3/YOUNG_MICE/Mouse847/Round1.5/TMaze/2025-12-05T17_46_00/dlc/2025-12-05_17-46-00_TMaze_TMaze_linearized_binned_trials_70nbins.csv,True,True
Mouse847,TMaze,2025-12-06T18_25_18,2025-12-06,pre2026-05,align,young,/media/toor/Seagate3/YOUNG_MICE/Mouse847/Round1.5/TMaze/2025-12-06T18_25_18,/media/toor/Seagate3/YOUNG_MICE/Mouse847/TMaze/concat/2025-12-06T18_25_18/Linear2025-12-06T18_25_18.avi,/media/toor/Seagate3/YOUNG_MICE/Mouse847/TMaze/concat/2025-12-06T18_25_18/timestamps2025-12-06T18_25_18.csv,True,/media/toor/SeagateClean/Bpod Local/Data/Mouse847/TMaze4/Session Data/Mouse847_TMaze4_20251206_182751.mat,1,/media/toor/Seagate3/YOUNG_MICE/Mouse847/Round1.5/TMaze/2025-12-06T18_25_18/dlc_trim_info.csv,/media/toor/Seagate3/YOUNG_MICE/Mouse847/Round1.5/TMaze/2025-12-06T18_25_18/TMaze_Linear2025-12-06T18_25_18.avi,/media/toor/Seagate3/YOUNG_MICE/Mouse847/Round1.5/TMaze/2025-12-06T18_25_18/dlc/2025-12-06_18-25-18_TMaze_trimmed_trials.csv,/media/toor/Seagate3/YOUNG_MICE/Mouse847/Round1.5/TMaze/2025-12-06T18_25_18/dlc/2025-12-06_18-25-18_TMaze_TMaze_linearized_binned_trials_70nbins.csv,True,True
Mouse847,TMaze,2025-12-07T18_53_30,2025-12-07,pre2026-05,align,young,/media/toor/Seagate3/YOUNG_MICE/Mouse847/Round1.5/TMaze/2025-12-07T18_53_30,/media/toor/Seagate2/YOUNG_MICE/Mouse847/Linear2025-12-07T18_53_30.avi,/media/toor/Seagate3/YOUNG_MICE/Mouse847/TMaze/concat/2025-12-07T18_53_30/timestamps2025-12-07T18_53_30.csv,False,/media/toor/SeagateClean/Bpod Local/Data/Mouse847/TMaze4/Session Data/Mouse847_TMaze4_20251207_185708.mat,1,/media/toor/Seagate3/YOUNG_MICE/Mouse847/Round1.5/TMaze/2025-12-07T18_53_30/dlc_trim_info.csv,/media/toor/Seagate3/YOUNG_MICE/Mouse847/Round1.5/TMaze/2025-12-07T18_53_30/TMaze_Linear2025-12-07T18_53_30.avi,/media/toor/Seagate3/YOUNG_MICE/Mouse847/Round1.5/TMaze/2025-12-07T18_53_30/dlc/2025-12-07_18-53-30_TMaze_trimmed_trials.csv,/media/toor/Seagate3/YOUNG_MICE/Mouse847/Round1.5/TMaze/2025-12-07T18_53_30/dlc/2025-12-07_18-53-30_TMaze_TMaze_linearized_binned_trials_70nbins.csv,True,True
Mouse847,TMaze,2025-12-08T17_15_23,2025-12-08,pre2026-05,align,young,/media/toor/Seagate3/YOUNG_MICE/Mouse847/Round1.5/TMaze/2025-12-08T17_15_23,/media/toor/Seagate3/YOUNG_MICE/Mouse847/TMaze/concat/2025-12-08T17_15_23/Linear2025-12-08T17_15_23.avi,/media/toor/Seagate3/YOUNG_MICE/Mouse847/TMaze/concat/2025-12-08T17_15_23/timestamps2025-12-08T17_15_23.csv,True,/media/toor/SeagateClean/Bpod Local/Data/Mouse847/TMaze4/Session Data/Mouse847_TMaze4_20251208_171540.mat,1,/media/toor/Seagate3/YOUNG_MICE/Mouse847/Round1.5/TMaze/2025-12-08T17_15_23/dlc_trim_info.csv,/media/toor/Seagate3/YOUNG_MICE/Mouse847/Round1.5/TMaze/2025-12-08T17_15_23/TMaze_Linear2025-12-08T17_15_23.avi,/media/toor/Seagate3/YOUNG_MICE/Mouse847/Round1.5/TMaze/2025-12-08T17_15_23/dlc/2025-12-08_17-15-23_TMaze_trimmed_trials.csv,/media/toor/Seagate3/YOUNG_MICE/Mouse847/Round1.5/TMaze/2025-12-08T17_15_23/dlc/2025-12-08_17-15-23_TMaze_TMaze_linearized_binned_trials_70nbins.csv,True,True
Mouse847,TMaze,2025-12-09T19_18_12,2025-12-09,pre2026-05,align,young,/media/toor/Seagate3/YOUNG_MICE/Mouse847/Round1.5/TMaze/2025-12-09T19_18_12,/media/toor/Seagate3/YOUNG_MICE/Mouse847/TMaze/concat/2025-12-09T19_18_12/Linear2025-12-09T19_18_12.avi,/media/toor/Seagate3/YOUNG_MICE/Mouse847/TMaze/concat/2025-12-09T19_18_12/timestamps2025-12-09T19_18_12.csv,True,/media/toor/SeagateClean/Bpod Local/Data/Mouse847/TMaze4/Session Data/Mouse847_TMaze4_20251209_192304.mat,1,/media/toor/Seagate3/YOUNG_MICE/Mouse847/Round1.5/TMaze/2025-12-09T19_18_12/dlc_trim_info.csv,/media/toor/Seagate3/YOUNG_MICE/Mouse847/Round1.5/TMaze/2025-12-09T19_18_12/TMaze_Linear2025-12-09T19_18_12.avi,/media/toor/Seagate3/YOUNG_MICE/Mouse847/Round1.5/TMaze/2025-12-09T19_18_12/dlc/2025-12-09_19-18-12_TMaze_trimmed_trials.csv,/media/toor/Seagate3/YOUNG_MICE/Mouse847/Round1.5/TMaze/2025-12-09T19_18_12/dlc/2025-12-09_19-18-12_TMaze_TMaze_linearized_binned_trials_70nbins.csv,True,True
Mouse847,TMaze,2025-12-10T17_23_47,2025-12-10,pre2026-05,align,young,/media/toor/Seagate3/YOUNG_MICE/Mouse847/Round1.5/TMaze/2025-12-10T17_23_47,/media/toor/Seagate3/YOUNG_MICE/Mouse847/TMaze/concat/2025-12-10T17_23_47/Linear2025-12-10T17_23_47.avi,/media/toor/Seagate3/YOUNG_MICE/Mouse847/TMaze/concat/2025-12-10T17_23_47/timestamps2025-12-10T17_23_47.csv,True,/media/toor/SeagateClean/Bpod Local/Data/Mouse847/TMaze4/Session Data/Mouse847_TMaze4_20251210_172922.mat,1,/media/toor/Seagate3/YOUNG_MICE/Mouse847/Round1.5/TMaze/2025-12-10T17_23_47/dlc_trim_info.csv,/media/toor/Seagate3/YOUNG_MICE/Mouse847/Round1.5/TMaze/2025-12-10T17_23_47/TMaze_Linear2025-12-10T17_23_47.avi,/media/toor/Seagate3/YOUNG_MICE/Mouse847/Round1.5/TMaze/2025-12-10T17_23_47/dlc/2025-12-10_17-23-47_TMaze_trimmed_trials.csv,/media/toor/Seagate3/YOUNG_MICE/Mouse847/Round1.5/TMaze/2025-12-10T17_23_47/dlc/2025-12-10_17-23-47_TMaze_TMaze_linearized_binned_trials_70nbins.csv,True,True
Mouse847,TMaze,2025-12-11T18_20_30,2025-12-11,pre2026-05,align,young,/media/toor/Seagate3/YOUNG_MICE/Mouse847/Round1.5/TMaze/2025-12-11T18_20_30,/media/toor/Seagate3/YOUNG_MICE/Mouse847/TMaze/concat/2025-12-11T18_20_30/Linear2025-12-11T18_20_30.avi,/media/toor/Seagate3/YOUNG_MICE/Mouse847/TMaze/concat/2025-12-11T18_20_30/timestamps2025-12-11T18_20_30.csv,True,/media/toor/SeagateClean/Bpod Local/Data/Mouse847/TMaze4/Session Data/Mouse847_TMaze4_20251211_182606.mat,1,/media/toor/Seagate3/YOUNG_MICE/Mouse847/Round1.5/TMaze/2025-12-11T18_20_30/dlc_trim_info.csv,/media/toor/Seagate3/YOUNG_MICE/Mouse847/Round1.5/TMaze/2025-12-11T18_20_30/TMaze_Linear2025-12-11T18_20_30.avi,/media/toor/Seagate3/YOUNG_MICE/Mouse847/Round1.5/TMaze/2025-12-11T18_20_30/dlc/2025-12-11_18-20-30_TMaze_trimmed_trials.csv,/media/toor/Seagate3/YOUNG_MICE/Mouse847/Round1.5/TMaze/2025-12-11T18_20_30/dlc/2025-12-11_18-20-30_TMaze_TMaze_linearized_binned_trials_70nbins.csv,True,True
Mouse847,TMaze,2025-12-12T19_20_03,2025-12-12,pre2026-05,align,young,/media/toor/Seagate3/YOUNG_MICE/Mouse847/Round1.5/TMaze/2025-12-12T19_20_03,/media/toor/Seagate3/YOUNG_MICE/Mouse847/TMaze/concat/2025-12-12T19_20_03/Linear2025-12-12T19_20_03.avi,/media/toor/Seagate3/YOUNG_MICE/Mouse847/TMaze/concat/2025-12-12T19_20_03/timestamps2025-12-12T19_20_03.csv,True,/media/toor/SeagateClean/Bpod Local/Data/Mouse847/TMaze4/Session Data/Mouse847_TMaze4_20251212_192014.mat,1,/media/toor/Seagate3/YOUNG_MICE/Mouse847/Round1.5/TMaze/2025-12-12T19_20_03/dlc_trim_info.csv,/media/toor/Seagate3/YOUNG_MICE/Mouse847/Round1.5/TMaze/2025-12-12T19_20_03/TMaze_Linear2025-12-12T19_20_03.avi,/media/toor/Seagate3/YOUNG_MICE/Mouse847/Round1.5/TMaze/2025-12-12T19_20_03/dlc/2025-12-12_19-20-03_TMaze_trimmed_trials.csv,/media/toor/Seagate3/YOUNG_MICE/Mouse847/Round1.5/TMaze/2025-12-12T19_20_03/dlc/2025-12-12_19-20-03_TMaze_TMaze_linearized_binned_trials_70nbins.csv,True,True
Mouse847,TMaze,2025-12-13T17_22_04,2025-12-13,pre2026-05,align,young,/media/toor/Seagate3/YOUNG_MICE/Mouse847/Round1.5/TMaze/2025-12-13T17_22_04,/media/toor/Seagate2/YOUNG_MICE/Mouse847/Linear2025-12-13T17_22_04.avi,/media/toor/Seagate2/YOUNG_MICE/Mouse847/timestamps2025-12-13T17_22_04.csv,True,/media/toor/SeagateClean/Bpod Local/Data/Mouse847/TMaze4/Session Data/Mouse847_TMaze4_20251213_172655.mat,1,/media/toor/Seagate3/YOUNG_MICE/Mouse847/Round1.5/TMaze/2025-12-13T17_22_04/dlc_trim_info.csv,/media/toor/Seagate3/YOUNG_MICE/Mouse847/Round1.5/TMaze/2025-12-13T17_22_04/TMaze_Linear2025-12-13T17_22_04.avi,/media/toor/Seagate3/YOUNG_MICE/Mouse847/Round1.5/TMaze/2025-12-13T17_22_04/dlc/2025-12-13_17-22-04_TMaze_trimmed_trials.csv,/media/toor/Seagate3/YOUNG_MICE/Mouse847/Round1.5/TMaze/2025-12-13T17_22_04/dlc/2025-12-13_17-22-04_TMaze_TMaze_linearized_binned_trials_70nbins.csv,True,True
Mouse847,TMaze,2025-12-14T19_13_57,2025-12-14,pre2026-05,align,young,/media/toor/Seagate3/YOUNG_MICE/Mouse847/Round1.5/TMaze/2025-12-14T19_13_57,/media/toor/Seagate3/YOUNG_MICE/Mouse847/TMaze/concat/2025-12-14T19_13_57/Linear2025-12-14T19_13_57.avi,/media/toor/Seagate3/YOUNG_MICE/Mouse847/TMaze/concat/2025-12-14T19_13_57/timestamps2025-12-14T19_13_57.csv,True,/media/toor/SeagateClean/Bpod Local/Data/Mouse847/TMaze4/Session Data/Mouse847_TMaze4_20251214_191952.mat,1,/media/toor/Seagate3/YOUNG_MICE/Mouse847/Round1.5/TMaze/2025-12-14T19_13_57/dlc_trim_info.csv,/media/toor/Seagate3/YOUNG_MICE/Mouse847/Round1.5/TMaze/2025-12-14T19_13_57/TMaze_Linear2025-12-14T19_13_57.avi,/media/toor/Seagate3/YOUNG_MICE/Mouse847/Round1.5/TMaze/2025-12-14T19_13_57/dlc/2025-12-14_19-13-57_TMaze_trimmed_trials.csv,/media/toor/Seagate3/YOUNG_MICE/Mouse847/Round1.5/TMaze/2025-12-14T19_13_57/dlc/2025-12-14_19-13-57_TMaze_TMaze_linearized_binned_trials_70nbins.csv,True,True
Mouse847,TMaze,2025-12-15T18_23_54,2025-12-15,pre2026-05,align,young,/media/toor/Seagate3/YOUNG_MICE/Mouse847/Round1.5/TMaze/2025-12-15T18_23_54,/media/toor/Seagate3/YOUNG_MICE/Mouse847/TMaze/concat/2025-12-15T18_23_54/Linear2025-12-15T18_23_54.avi,/media/toor/Seagate3/YOUNG_MICE/Mouse847/TMaze/concat/2025-12-15T18_23_54/timestamps2025-12-15T18_23_54.csv,True,/media/toor/SeagateClean/Bpod Local/Data/Mouse847/TMaze4/Session Data/Mouse847_TMaze4_20251215_182318.mat,1,/media/toor/Seagate3/YOUNG_MICE/Mouse847/Round1.5/TMaze/2025-12-15T18_23_54/dlc_trim_info.csv,/media/toor/Seagate3/YOUNG_MICE/Mouse847/Round1.5/TMaze/2025-12-15T18_23_54/TMaze_Linear2025-12-15T18_23_54.avi,/media/toor/Seagate3/YOUNG_MICE/Mouse847/Round1.5/TMaze/2025-12-15T18_23_54/dlc/2025-12-15_18-23-54_TMaze_trimmed_trials.csv,/media/toor/Seagate3/YOUNG_MICE/Mouse847/Round1.5/TMaze/2025-12-15T18_23_54/dlc/2025-12-15_18-23-54_TMaze_TMaze_linearized_binned_trials_70nbins.csv,True,True
Mouse847,TMaze,2025-12-16T16_22_31,2025-12-16,pre2026-05,align,young,/media/toor/Seagate3/YOUNG_MICE/Mouse847/Round1.5/TMaze/2025-12-16T16_22_31,/media/toor/Seagate2/YOUNG_MICE/Mouse847/Linear2025-12-16T16_22_31.avi,/media/toor/Seagate3/YOUNG_MICE/Mouse847/TMaze/concat/2025-12-16T16_22_31/timestamps2025-12-16T16_22_31.csv,False,/media/toor/SeagateClean/Bpod Local/Data/Mouse847/TMaze4/Session Data/Mouse847_TMaze4_20251216_162850.mat,1,/media/toor/Seagate3/YOUNG_MICE/Mouse847/Round1.5/TMaze/2025-12-16T16_22_31/dlc_trim_info.csv,/media/toor/Seagate3/YOUNG_MICE/Mouse847/Round1.5/TMaze/2025-12-16T16_22_31/TMaze_Linear2025-12-16T16_22_31.avi,/media/toor/Seagate3/YOUNG_MICE/Mouse847/Round1.5/TMaze/2025-12-16T16_22_31/dlc/2025-12-16_16-22-31_TMaze_trimmed_trials.csv,/media/toor/Seagate3/YOUNG_MICE/Mouse847/Round1.5/TMaze/2025-12-16T16_22_31/dlc/2025-12-16_16-22-31_TMaze_TMaze_linearized_binned_trials_70nbins.csv,True,True
Mouse847,TMaze,2025-12-17T18_24_02,2025-12-17,pre2026-05,align,young,/media/toor/Seagate3/YOUNG_MICE/Mouse847/Round1.5/TMaze/2025-12-17T18_24_02,/media/toor/Seagate3/$RECYCLE.BIN/S-1-5-21-1567802019-673313642-2207994177-1001/$RA5XY0T/Linear2025-12-17T18_24_02.avi,/media/toor/Seagate3/$RECYCLE.BIN/S-1-5-21-1567802019-673313642-2207994177-1001/$RA5XY0T/timestamps2025-12-17T18_24_02.csv,True,/media/toor/SeagateClean/Bpod Local/Data/Mouse847/TMaze4/Session Data/Mouse847_TMaze4_20251217_182211.mat,1,/media/toor/Seagate3/YOUNG_MICE/Mouse847/Round1.5/TMaze/2025-12-17T18_24_02/dlc_trim_info.csv,/media/toor/Seagate3/YOUNG_MICE/Mouse847/Round1.5/TMaze/2025-12-17T18_24_02/TMaze_Linear2025-12-17T18_24_02.avi,/media/toor/Seagate3/YOUNG_MICE/Mouse847/Round1.5/TMaze/2025-12-17T18_24_02/dlc/2025-12-17_18-24-02_TMaze_trimmed_trials.csv,/media/toor/Seagate3/YOUNG_MICE/Mouse847/Round1.5/TMaze/2025-12-17T18_24_02/dlc/2025-12-17_18-24-02_TMaze_TMaze_linearized_binned_trials_70nbins.csv,True,True
Mouse847,TMaze,2025-12-18T10_29_48,2025-12-18,pre2026-05,align,young,/media/toor/Seagate3/YOUNG_MICE/Mouse847/Round1.5/TMaze/2025-12-18T10_29_48,/media/toor/Seagate2/RAW DATA/Mouse847/Linear2025-12-18T10_29_48.avi,/media/toor/Seagate2/RAW DATA/Mouse847/timestamps2025-12-18T10_29_48.csv,True,/media/toor/SeagateClean/Bpod Local/Data/Mouse847/TMaze4/Session Data/Mouse847_TMaze4_20251218_103020.mat,1,/media/toor/Seagate3/YOUNG_MICE/Mouse847/Round1.5/TMaze/2025-12-18T10_29_48/dlc_trim_info.csv,/media/toor/Seagate3/YOUNG_MICE/Mouse847/Round1.5/TMaze/2025-12-18T10_29_48/TMaze_Linear2025-12-18T10_29_48.avi,/media/toor/Seagate3/YOUNG_MICE/Mouse847/Round1.5/TMaze/2025-12-18T10_29_48/dlc/2025-12-18_10-29-48_TMaze_trimmed_trials.csv,/media/toor/Seagate3/YOUNG_MICE/Mouse847/Round1.5/TMaze/2025-12-18T10_29_48/dlc/2025-12-18_10-29-48_TMaze_TMaze_linearized_binned_trials_70nbins.csv,True,True
Mouse943,Linear,2025-11-17T17_15_35,2025-11-17,pre2026-05,detect,young,/media/toor/Seagate2/Mouse943/Round1/Linear/2025-11-17T17_15_35,/media/toor/Seagate2/Mouse943/2025-11-17T17_15_35/Linear2025-11-17T17_15_35.avi,/media/toor/Seagate2/Mouse943/2025-11-17T17_15_35/timestamps2025-11-17T17_15_35.csv,True,,0,/media/toor/Seagate2/Mouse943/Round1/Linear/2025-11-17T17_15_35/dlc_trim_info.csv,/media/toor/Seagate2/Mouse943/Round1/Linear/2025-11-17T17_15_35/Linear_Linear2025-11-17T17_15_35.avi,/media/toor/Seagate2/Mouse943/Round1/Linear/2025-11-17T17_15_35/dlc/2025-11-17_17-15-35_LinearTrack_lineartrack_trials.csv,/media/toor/Seagate2/Mouse943/Round1/Linear/2025-11-17T17_15_35/dlc/2025-11-17_17-15-35_LinearTrack_linearized_binned_trials_70nbins.csv,True,True
Mouse943,Linear,2025-11-18T17_44_50,2025-11-18,pre2026-05,detect,young,/media/toor/Seagate2/Mouse943/Round1/Linear/2025-11-18T17_44_50,/media/toor/Seagate2/Mouse943/2025-11-18T17_44_50/Linear2025-11-18T17_44_50.avi,/media/toor/Seagate2/Mouse943/2025-11-18T17_44_50/timestamps2025-11-18T17_44_50.csv,True,/media/toor/SeagateClean/Bpod Local/Data/Mouse943/LinearTrack/Session Data/Mouse943_LinearTrack_20251118_174938.mat,1,/media/toor/Seagate2/Mouse943/Round1/Linear/2025-11-18T17_44_50/dlc_trim_info.csv,/media/toor/Seagate2/Mouse943/Round1/Linear/2025-11-18T17_44_50/Linear_Linear2025-11-18T17_44_50.avi,/media/toor/Seagate2/Mouse943/Round1/Linear/2025-11-18T17_44_50/dlc/2025-11-18_17-44-50_LinearTrack_lineartrack_trials.csv,/media/toor/Seagate2/Mouse943/Round1/Linear/2025-11-18T17_44_50/dlc/2025-11-18_17-44-50_LinearTrack_linearized_binned_trials_70nbins.csv,True,True
Mouse943,Linear,2025-11-19T17_24_26,2025-11-19,pre2026-05,detect,young,/media/toor/Seagate2/Mouse943/Round1/2025-11-19T17_24_26 - LINEAR RECORDED AT 6 HZ,/media/toor/Seagate2/Mouse943/2025-11-19T17_24_26/Linear2025-11-19T17_24_26.avi,/media/toor/Seagate2/Mouse943/2025-11-19T17_24_26/timestamps2025-11-19T17_24_26.csv,True,/media/toor/SeagateClean/Bpod Local/Data/Mouse943/LinearTrack/Session Data/Mouse943_LinearTrack_20251119_173000.mat,1,/media/toor/Seagate2/Mouse943/Round1/2025-11-19T17_24_26 - LINEAR RECORDED AT 6 HZ/dlc_trim_info.csv,/media/toor/Seagate2/Mouse943/Round1/2025-11-19T17_24_26 - LINEAR RECORDED AT 6 HZ/Linear_Linear2025-11-19T17_24_26.avi,,,True,False
Mouse943,Linear,2025-11-19T17_32_53,2025-11-19,pre2026-05,detect,young,/media/toor/Seagate2/Mouse943/Round1/Linear/2025-11-19T17_32_53,/media/toor/Seagate2/Mouse943/2025-11-19T17_32_53/Linear2025-11-19T17_32_53.avi,/media/toor/Seagate2/Mouse943/2025-11-19T17_32_53/timestamps2025-11-19T17_32_53.csv,True,/media/toor/SeagateClean/Bpod Local/Data/Mouse943/LinearTrack/Session Data/Mouse943_LinearTrack_20251119_173000.mat,1,/media/toor/Seagate2/Mouse943/Round1/Linear/2025-11-19T17_32_53/dlc_trim_info.csv,/media/toor/Seagate2/Mouse943/Round1/Linear/2025-11-19T17_32_53/Linear_Linear2025-11-19T17_32_53.avi,/media/toor/Seagate2/Mouse943/Round1/Linear/2025-11-19T17_32_53/dlc/2025-11-19_17-32-53_LinearTrack_lineartrack_trials.csv,/media/toor/Seagate2/Mouse943/Round1/Linear/2025-11-19T17_32_53/dlc/2025-11-19_17-32-53_LinearTrack_linearized_binned_trials_70nbins.csv,True,True
Mouse943,Linear,2025-11-20T16_55_03,2025-11-20,pre2026-05,detect,young,/media/toor/Seagate2/Mouse943/Round1/Linear/2025-11-20T16_55_03,/media/toor/Seagate2/Mouse943/untrimmed/2025-11-20T16_55_03/Linear2025-11-20T16_55_03.avi,/media/toor/Seagate2/Mouse943/untrimmed/2025-11-20T16_55_03/timestamps2025-11-20T16_55_03.csv,True,/media/toor/SeagateClean/Bpod Local/Data/Mouse943/LinearTrack/Session Data/Mouse943_LinearTrack_20251120_170051.mat,1,/media/toor/Seagate2/Mouse943/Round1/Linear/2025-11-20T16_55_03/dlc_trim_info.csv,/media/toor/Seagate2/Mouse943/Round1/Linear/2025-11-20T16_55_03/Linear_Linear2025-11-20T16_55_03.avi,/media/toor/Seagate2/Mouse943/Round1/Linear/2025-11-20T16_55_03/dlc/2025-11-20_16-55-03_LinearTrack_lineartrack_trials.csv,/media/toor/Seagate2/Mouse943/Round1/Linear/2025-11-20T16_55_03/dlc/2025-11-20_16-55-03_LinearTrack_linearized_binned_trials_70nbins.csv,True,True
Mouse943,Linear,2025-11-21T17_35_42,2025-11-21,pre2026-05,detect,young,/media/toor/Seagate2/Mouse943/Round1/Linear/2025-11-21T17_35_42,/media/toor/Seagate2/Mouse943/2025-11-21T17_35_42/Linear2025-11-21T17_35_42.avi,/media/toor/Seagate2/Mouse943/2025-11-21T17_35_42/timestamps2025-11-21T17_35_42.csv,True,/media/toor/SeagateClean/Bpod Local/Data/Mouse943/LinearTrack/Session Data/Mouse943_LinearTrack_20251121_174050.mat,1,/media/toor/Seagate2/Mouse943/Round1/Linear/2025-11-21T17_35_42/dlc_trim_info.csv,/media/toor/Seagate2/Mouse943/Round1/Linear/2025-11-21T17_35_42/Linear_Linear2025-11-21T17_35_42.avi,/media/toor/Seagate2/Mouse943/Round1/Linear/2025-11-21T17_35_42/dlc/2025-11-21_17-35-42_LinearTrack_lineartrack_trials.csv,/media/toor/Seagate2/Mouse943/Round1/Linear/2025-11-21T17_35_42/dlc/2025-11-21_17-35-42_LinearTrack_linearized_binned_trials_70nbins.csv,True,True
Mouse943,Linear,2025-11-22T17_18_48,2025-11-22,pre2026-05,detect,young,/media/toor/Seagate2/Mouse943/Round1/Linear/2025-11-22T17_18_48,/media/toor/Seagate2/Mouse943/2025-11-22T17_18_48/Linear2025-11-22T17_18_48.avi,/media/toor/Seagate2/Mouse943/2025-11-22T17_18_48/timestamps2025-11-22T17_18_48.csv,True,/media/toor/SeagateClean/Bpod Local/Data/Mouse943/LinearTrack/Session Data/Mouse943_LinearTrack_20251122_172354.mat,1,/media/toor/Seagate2/Mouse943/Round1/Linear/2025-11-22T17_18_48/dlc_trim_info.csv,/media/toor/Seagate2/Mouse943/Round1/Linear/2025-11-22T17_18_48/Linear_Linear2025-11-22T17_18_48.avi,/media/toor/Seagate2/Mouse943/Round1/Linear/2025-11-22T17_18_48/dlc/2025-11-22_17-18-48_LinearTrack_lineartrack_trials.csv,/media/toor/Seagate2/Mouse943/Round1/Linear/2025-11-22T17_18_48/dlc/2025-11-22_17-18-48_LinearTrack_linearized_binned_trials_70nbins.csv,True,True
Mouse943,Linear,2025-11-23T17_01_53,2025-11-23,pre2026-05,detect,young,/media/toor/Seagate3/YOUNG_MICE/Mouse943/Round1/Linear/2025-11-23T17_01_53,/media/toor/Seagate3/$RECYCLE.BIN/S-1-5-21-1567802019-673313642-2207994177-1001/$ROE2E1W/2025-11-23T17_01_53/Linear2025-11-23T17_01_53.avi,/media/toor/Seagate3/$RECYCLE.BIN/S-1-5-21-1567802019-673313642-2207994177-1001/$ROE2E1W/2025-11-23T17_01_53/timestamps2025-11-23T17_01_53.csv,True,/media/toor/SeagateClean/Bpod Local/Data/Mouse943/LinearTrack/Session Data/Mouse943_LinearTrack_20251123_170941.mat,1,/media/toor/Seagate3/YOUNG_MICE/Mouse943/Round1/Linear/2025-11-23T17_01_53/dlc_trim_info.csv,/media/toor/Seagate3/YOUNG_MICE/Mouse943/Round1/Linear/2025-11-23T17_01_53/Linear_Linear2025-11-23T17_01_53.avi,/media/toor/Seagate3/YOUNG_MICE/Mouse943/Round1/Linear/2025-11-23T17_01_53/dlc/2025-11-23_17-01-53_LinearTrack_lineartrack_trials.csv,/media/toor/Seagate3/YOUNG_MICE/Mouse943/Round1/Linear/2025-11-23T17_01_53/dlc/2025-11-23_17-01-53_LinearTrack_linearized_binned_trials_70nbins.csv,True,True
Mouse943,Linear,2025-11-23T17_04_03,2025-11-23,pre2026-05,detect,young,/media/toor/Seagate2/Mouse943/Round1/Linear/2025-11-23T17_04_03,/media/toor/Seagate2/Mouse943/untrimmed/2025-11-23T17_04_03/Linear2025-11-23T17_04_03.avi,/media/toor/Seagate2/Mouse943/untrimmed/2025-11-23T17_04_03/timestamps2025-11-23T17_04_03.csv,True,/media/toor/SeagateClean/Bpod Local/Data/Mouse943/LinearTrack/Session Data/Mouse943_LinearTrack_20251123_170941.mat,1,/media/toor/Seagate2/Mouse943/Round1/Linear/2025-11-23T17_04_03/dlc_trim_info.csv,/media/toor/Seagate2/Mouse943/Round1/Linear/2025-11-23T17_04_03/Linear_Linear2025-11-23T17_04_03.avi,/media/toor/Seagate2/Mouse943/Round1/Linear/2025-11-23T17_04_03/dlc/2025-11-23_17-04-03_LinearTrack_lineartrack_trials.csv,/media/toor/Seagate2/Mouse943/Round1/Linear/2025-11-23T17_04_03/dlc/2025-11-23_17-04-03_LinearTrack_linearized_binned_trials_70nbins.csv,True,True
Mouse943,Linear,2025-11-24T17_32_16,2025-11-24,pre2026-05,detect,young,/media/toor/Seagate3/YOUNG_MICE/Mouse943/Round1/Linear/2025-11-24T17_32_16,/media/toor/Seagate3/YOUNG_MICE/Mouse943/Linear/concat/2025-11-24T17_32_16/Linear2025-11-24T17_32_16.avi,/media/toor/Seagate3/YOUNG_MICE/Mouse943/Linear/concat/2025-11-24T17_32_16/timestamps2025-11-24T17_32_16.csv,True,/media/toor/SeagateClean/Bpod Local/Data/Mouse943/LinearTrack/Session Data/Mouse943_LinearTrack_20251124_173927.mat,1,/media/toor/Seagate3/YOUNG_MICE/Mouse943/Round1/Linear/2025-11-24T17_32_16/dlc_trim_info.csv,/media/toor/Seagate3/YOUNG_MICE/Mouse943/Round1/Linear/2025-11-24T17_32_16/Linear_Linear2025-11-24T17_32_16.avi,/media/toor/Seagate3/YOUNG_MICE/Mouse943/Round1/Linear/2025-11-24T17_32_16/dlc/2025-11-24_17-32-16_LinearTrack_lineartrack_trials.csv,/media/toor/Seagate3/YOUNG_MICE/Mouse943/Round1/Linear/2025-11-24T17_32_16/dlc/2025-11-24_17-32-16_LinearTrack_linearized_binned_trials_70nbins.csv,True,True
Mouse943,Linear,2025-11-24T17_32_55,2025-11-24,pre2026-05,detect,young,/media/toor/Seagate2/Mouse943/Round1/Linear/2025-11-24T17_32_55,/media/toor/Seagate2/Mouse943/untrimmed/2025-11-24T17_32_55/Linear2025-11-24T17_32_55.avi,/media/toor/Seagate2/Mouse943/untrimmed/2025-11-24T17_32_55/timestamps2025-11-24T17_32_55.csv,True,/media/toor/SeagateClean/Bpod Local/Data/Mouse943/LinearTrack/Session Data/Mouse943_LinearTrack_20251124_173927.mat,1,/media/toor/Seagate2/Mouse943/Round1/Linear/2025-11-24T17_32_55/dlc_trim_info.csv,/media/toor/Seagate2/Mouse943/Round1/Linear/2025-11-24T17_32_55/Linear_Linear2025-11-24T17_32_55.avi,/media/toor/Seagate2/Mouse943/Round1/Linear/2025-11-24T17_32_55/dlc/2025-11-24_17-32-55_LinearTrack_lineartrack_trials.csv,/media/toor/Seagate2/Mouse943/Round1/Linear/2025-11-24T17_32_55/dlc/2025-11-24_17-32-55_LinearTrack_linearized_binned_trials_70nbins.csv,True,True
Mouse943,Linear,2025-11-25T17_31_54,2025-11-25,pre2026-05,detect,young,/media/toor/Seagate2/Mouse943/Round1/Linear/2025-11-25T17_31_54,/media/toor/Seagate2/Mouse943/awaiting_dlc/2025-11-25T17_31_54/Linear2025-11-25T17_31_54.avi,/media/toor/Seagate2/Mouse943/awaiting_dlc/2025-11-25T17_31_54/timestamps2025-11-25T17_31_54.csv,True,/media/toor/SeagateClean/Bpod Local/Data/Mouse943/LinearTrack/Session Data/Mouse943_LinearTrack_20251125_173820.mat,1,/media/toor/Seagate2/Mouse943/Round1/Linear/2025-11-25T17_31_54/dlc_trim_info.csv,/media/toor/Seagate2/Mouse943/Round1/Linear/2025-11-25T17_31_54/Linear_Linear2025-11-25T17_31_54.avi,,,True,False
Mouse943,Linear,2025-11-26T17_02_57,2025-11-26,pre2026-05,detect,young,/media/toor/Seagate2/Mouse943/Round1/2025-11-26T17_02_57 - appears with line in registration but otherwise fine,/media/toor/Seagate2/Mouse943/awaiting_dlc/2025-11-26T17_02_57/Linear2025-11-26T17_02_57.avi,/media/toor/Seagate2/Mouse943/awaiting_dlc/2025-11-26T17_02_57/timestamps2025-11-26T17_02_57.csv,True,/media/toor/SeagateClean/Bpod Local/Data/Mouse943/LinearTrack/Session Data/Mouse943_LinearTrack_20251126_170653.mat,1,/media/toor/Seagate2/Mouse943/Round1/2025-11-26T17_02_57 - appears with line in registration but otherwise fine/dlc_trim_info.csv,/media/toor/Seagate2/Mouse943/Round1/2025-11-26T17_02_57 - appears with line in registration but otherwise fine/Linear_Linear2025-11-26T17_02_57.avi,,,True,False
Mouse943,Linear,2025-11-27T17_18_37,2025-11-27,pre2026-05,detect,young,/media/toor/Seagate3/YOUNG_MICE/Mouse943/Round1/Linear/2025-11-27T17_18_37,/media/toor/Seagate3/$RECYCLE.BIN/S-1-5-21-1567802019-673313642-2207994177-1001/$ROE2E1W/2025-11-27T17_18_37/Linear2025-11-27T17_18_37.avi,/media/toor/Seagate3/$RECYCLE.BIN/S-1-5-21-1567802019-673313642-2207994177-1001/$ROE2E1W/2025-11-27T17_18_37/timestamps2025-11-27T17_18_37.csv,True,/media/toor/SeagateClean/Bpod Local/Data/Mouse943/LinearTrack/Session Data/Mouse943_LinearTrack_20251127_171956.mat,1,/media/toor/Seagate3/YOUNG_MICE/Mouse943/Round1/Linear/2025-11-27T17_18_37/dlc_trim_info.csv,/media/toor/Seagate3/YOUNG_MICE/Mouse943/Round1/Linear/2025-11-27T17_18_37/Linear_Linear2025-11-27T17_18_37.avi,/media/toor/Seagate3/YOUNG_MICE/Mouse943/Round1/Linear/2025-11-27T17_18_37/dlc/2025-11-27_17-18-37_LinearTrack_lineartrack_trials.csv,/media/toor/Seagate3/YOUNG_MICE/Mouse943/Round1/Linear/2025-11-27T17_18_37/dlc/2025-11-27_17-18-37_LinearTrack_linearized_binned_trials_70nbins.csv,True,True
Mouse943,Linear,2025-11-27T17_19_18,2025-11-27,pre2026-05,detect,young,/media/toor/Seagate2/Mouse943/Round1/Linear/2025-11-27T17_19_18,/media/toor/Seagate2/Mouse943/awaiting_dlc/2025-11-27T17_19_18/Linear2025-11-27T17_19_18.avi,/media/toor/Seagate2/Mouse943/awaiting_dlc/2025-11-27T17_19_18/timestamps2025-11-27T17_19_18.csv,True,/media/toor/SeagateClean/Bpod Local/Data/Mouse943/LinearTrack/Session Data/Mouse943_LinearTrack_20251127_171956.mat,1,/media/toor/Seagate2/Mouse943/Round1/Linear/2025-11-27T17_19_18/dlc_trim_info.csv,/media/toor/Seagate2/Mouse943/Round1/Linear/2025-11-27T17_19_18/Linear_Linear2025-11-27T17_19_18.avi,,,True,False
Mouse943,Linear,2025-11-29T17_37_18,2025-11-29,pre2026-05,detect,young,/media/toor/Seagate3/YOUNG_MICE/Mouse943/Round1/Linear/2025-11-29T17_37_18,/media/toor/Seagate3/$RECYCLE.BIN/S-1-5-21-1567802019-673313642-2207994177-1001/$RRD9576/Linear2025-11-29T17_37_18.avi,/media/toor/Seagate3/$RECYCLE.BIN/S-1-5-21-1567802019-673313642-2207994177-1001/$RRD9576/timestamps2025-11-29T17_37_18.csv,True,/media/toor/SeagateClean/Bpod Local/Data/Mouse943/LinearTrack/Session Data/Mouse943_LinearTrack_20251129_175052.mat,1,/media/toor/Seagate3/YOUNG_MICE/Mouse943/Round1/Linear/2025-11-29T17_37_18/dlc_trim_info.csv,/media/toor/Seagate3/YOUNG_MICE/Mouse943/Round1/Linear/2025-11-29T17_37_18/Linear_Linear2025-11-29T17_37_18.avi,/media/toor/Seagate3/YOUNG_MICE/Mouse943/Round1/Linear/2025-11-29T17_37_18/dlc/2025-11-29_17-37-18_LinearTrack_lineartrack_trials.csv,/media/toor/Seagate3/YOUNG_MICE/Mouse943/Round1/Linear/2025-11-29T17_37_18/dlc/2025-11-29_17-37-18_LinearTrack_linearized_binned_trials_70nbins.csv,True,True
Mouse943,Linear,2025-11-29T17_45_37,2025-11-29,pre2026-05,detect,young,/media/toor/Seagate2/Mouse943/Round1/Linear/2025-11-29T17_45_37,/media/toor/Seagate2/Mouse943/awaiting_dlc/2025-11-29T17_45_37/Linear2025-11-29T17_45_37.avi,/media/toor/Seagate2/Mouse943/awaiting_dlc/2025-11-29T17_45_37/timestamps2025-11-29T17_45_37.csv,True,/media/toor/SeagateClean/Bpod Local/Data/Mouse943/LinearTrack/Session Data/Mouse943_LinearTrack_20251129_175052.mat,1,/media/toor/Seagate2/Mouse943/Round1/Linear/2025-11-29T17_45_37/dlc_trim_info.csv,/media/toor/Seagate2/Mouse943/Round1/Linear/2025-11-29T17_45_37/Linear_Linear2025-11-29T17_45_37.avi,,,True,False
Mouse943,Linear,2025-11-30T17_33_16,2025-11-30,pre2026-05,detect,young,/media/toor/Seagate3/YOUNG_MICE/Mouse943/Round1/Linear/2025-11-30T17_33_16,/media/toor/Seagate3/YOUNG_MICE/Mouse943/Linear/concat/2025-11-30T17_33_16/Linear2025-11-30T17_33_16.avi,/media/toor/Seagate3/YOUNG_MICE/Mouse943/Linear/concat/2025-11-30T17_33_16/timestamps2025-11-30T17_33_16.csv,True,/media/toor/SeagateClean/Bpod Local/Data/Mouse943/LinearTrack/Session Data/Mouse943_LinearTrack_20251130_174012.mat,1,/media/toor/Seagate3/YOUNG_MICE/Mouse943/Round1/Linear/2025-11-30T17_33_16/dlc_trim_info.csv,/media/toor/Seagate3/YOUNG_MICE/Mouse943/Round1/Linear/2025-11-30T17_33_16/Linear_Linear2025-11-30T17_33_16.avi,/media/toor/Seagate3/YOUNG_MICE/Mouse943/Round1/Linear/2025-11-30T17_33_16/dlc/2025-11-30_17-33-16_LinearTrack_lineartrack_trials.csv,/media/toor/Seagate3/YOUNG_MICE/Mouse943/Round1/Linear/2025-11-30T17_33_16/dlc/2025-11-30_17-33-16_LinearTrack_linearized_binned_trials_70nbins.csv,True,True
Mouse943,Linear,2025-11-30T17_35_05,2025-11-30,pre2026-05,detect,young,/media/toor/Seagate2/Mouse943/Round1/Linear/2025-11-30T17_35_05,/media/toor/Seagate2/Mouse943/awaiting_dlc/2025-11-30T17_35_05/Linear2025-11-30T17_35_05.avi,/media/toor/Seagate2/Mouse943/awaiting_dlc/2025-11-30T17_35_05/timestamps2025-11-30T17_35_05.csv,True,/media/toor/SeagateClean/Bpod Local/Data/Mouse943/LinearTrack/Session Data/Mouse943_LinearTrack_20251130_174012.mat,1,/media/toor/Seagate2/Mouse943/Round1/Linear/2025-11-30T17_35_05/dlc_trim_info.csv,/media/toor/Seagate2/Mouse943/Round1/Linear/2025-11-30T17_35_05/Linear_Linear2025-11-30T17_35_05.avi,,,True,False
Mouse943,Linear,2025-12-01T17_49_14,2025-12-01,pre2026-05,detect,young,/media/toor/Seagate2/Mouse943/Round1/Linear/2025-12-01T17_49_14,/media/toor/Seagate2/Mouse943/awaiting_dlc/2025-12-01T17_49_14/Linear2025-12-01T17_49_14.avi,/media/toor/Seagate2/Mouse943/awaiting_dlc/2025-12-01T17_49_14/timestamps2025-12-01T17_49_14.csv,True,/media/toor/SeagateClean/Bpod Local/Data/Mouse943/LinearTrack/Session Data/Mouse943_LinearTrack_20251201_175519.mat,1,/media/toor/Seagate2/Mouse943/Round1/Linear/2025-12-01T17_49_14/dlc_trim_info.csv,/media/toor/Seagate2/Mouse943/Round1/Linear/2025-12-01T17_49_14/Linear_Linear2025-12-01T17_49_14.avi,,,True,False
Mouse943,Linear,2025-12-02T17_58_09,2025-12-02,pre2026-05,detect,young,/media/toor/Seagate3/YOUNG_MICE/Mouse943/Round1/Linear/2025-12-02T17_58_09,/media/toor/Seagate3/$RECYCLE.BIN/S-1-5-21-1567802019-673313642-2207994177-1001/$ROE2E1W/2025-12-02T17_58_09/Linear2025-12-02T17_58_09.avi,/media/toor/Seagate3/$RECYCLE.BIN/S-1-5-21-1567802019-673313642-2207994177-1001/$ROE2E1W/2025-12-02T17_58_09/timestamps2025-12-02T17_58_09.csv,True,/media/toor/SeagateClean/Bpod Local/Data/Mouse943/LinearTrack/Session Data/Mouse943_LinearTrack_20251202_180454.mat,1,/media/toor/Seagate3/YOUNG_MICE/Mouse943/Round1/Linear/2025-12-02T17_58_09/dlc_trim_info.csv,/media/toor/Seagate3/YOUNG_MICE/Mouse943/Round1/Linear/2025-12-02T17_58_09/Linear_Linear2025-12-02T17_58_09.avi,/media/toor/Seagate3/YOUNG_MICE/Mouse943/Round1/Linear/2025-12-02T17_58_09/dlc/2025-12-02_17-58-09_LinearTrack_lineartrack_trials.csv,/media/toor/Seagate3/YOUNG_MICE/Mouse943/Round1/Linear/2025-12-02T17_58_09/dlc/2025-12-02_17-58-09_LinearTrack_linearized_binned_trials_70nbins.csv,True,True
Mouse943,Linear,2025-12-03T17_58_08,2025-12-03,pre2026-05,detect,young,/media/toor/Seagate3/YOUNG_MICE/Mouse943/Round1/Linear/2025-12-03T17_58_08,/media/toor/Seagate3/YOUNG_MICE/Mouse943/Linear/concat/2025-12-03T17_58_08/Linear2025-12-03T17_58_08.avi,/media/toor/Seagate3/YOUNG_MICE/Mouse943/Linear/concat/2025-12-03T17_58_08/timestamps2025-12-03T17_58_08.csv,True,/media/toor/SeagateClean/Bpod Local/Data/Mouse943/LinearTrack/Session Data/Mouse943_LinearTrack_20251203_180438.mat,1,/media/toor/Seagate3/YOUNG_MICE/Mouse943/Round1/Linear/2025-12-03T17_58_08/dlc_trim_info.csv,/media/toor/Seagate3/YOUNG_MICE/Mouse943/Round1/Linear/2025-12-03T17_58_08/Linear_Linear2025-12-03T17_58_08.avi,/media/toor/Seagate3/YOUNG_MICE/Mouse943/Round1/Linear/2025-12-03T17_58_08/dlc/2025-12-03_17-58-08_LinearTrack_lineartrack_trials.csv,/media/toor/Seagate3/YOUNG_MICE/Mouse943/Round1/Linear/2025-12-03T17_58_08/dlc/2025-12-03_17-58-08_LinearTrack_linearized_binned_trials_70nbins.csv,True,True
Mouse943,Linear,2025-12-04T17_34_48,2025-12-04,pre2026-05,detect,young,/media/toor/Seagate3/YOUNG_MICE/Mouse943/Round1.5/Linear/2025-12-04T17_34_48,/media/toor/Seagate3/YOUNG_MICE/Mouse943/Linear/concat/2025-12-04T17_34_48/Linear2025-12-04T17_34_48.avi,/media/toor/Seagate3/YOUNG_MICE/Mouse943/Linear/concat/2025-12-04T17_34_48/timestamps2025-12-04T17_34_48.csv,True,/media/toor/SeagateClean/Bpod Local/Data/Mouse943/LinearTrack/Session Data/Mouse943_LinearTrack_20251204_174106.mat,1,/media/toor/Seagate3/YOUNG_MICE/Mouse943/Round1.5/Linear/2025-12-04T17_34_48/dlc_trim_info.csv,/media/toor/Seagate3/YOUNG_MICE/Mouse943/Round1.5/Linear/2025-12-04T17_34_48/Linear_Linear2025-12-04T17_34_48.avi,/media/toor/Seagate3/YOUNG_MICE/Mouse943/Round1.5/Linear/2025-12-04T17_34_48/dlc/2025-12-04_17-34-48_LinearTrack_lineartrack_trials.csv,/media/toor/Seagate3/YOUNG_MICE/Mouse943/Round1.5/Linear/2025-12-04T17_34_48/dlc/2025-12-04_17-34-48_LinearTrack_linearized_binned_trials_70nbins.csv,True,True
Mouse943,Linear,2025-12-05T17_07_54,2025-12-05,pre2026-05,detect,young,/media/toor/Seagate3/YOUNG_MICE/Mouse943/Round1.5/Linear/2025-12-05T17_07_54,/media/toor/Seagate3/$RECYCLE.BIN/S-1-5-21-1567802019-673313642-2207994177-1001/$ROE2E1W/2025-12-05T17_07_54/Linear2025-12-05T17_07_54.avi,/media/toor/Seagate3/$RECYCLE.BIN/S-1-5-21-1567802019-673313642-2207994177-1001/$ROE2E1W/2025-12-05T17_07_54/timestamps2025-12-05T17_07_54.csv,True,/media/toor/SeagateClean/Bpod Local/Data/Mouse943/LinearTrack/Session Data/Mouse943_LinearTrack_20251205_171326.mat,1,/media/toor/Seagate3/YOUNG_MICE/Mouse943/Round1.5/Linear/2025-12-05T17_07_54/dlc_trim_info.csv,/media/toor/Seagate3/YOUNG_MICE/Mouse943/Round1.5/Linear/2025-12-05T17_07_54/Linear_Linear2025-12-05T17_07_54.avi,/media/toor/Seagate3/YOUNG_MICE/Mouse943/Round1.5/Linear/2025-12-05T17_07_54/dlc/2025-12-05_17-07-54_LinearTrack_lineartrack_trials.csv,/media/toor/Seagate3/YOUNG_MICE/Mouse943/Round1.5/Linear/2025-12-05T17_07_54/dlc/2025-12-05_17-07-54_LinearTrack_linearized_binned_trials_70nbins.csv,True,True
Mouse943,Linear,2025-12-06T17_21_31,2025-12-06,pre2026-05,detect,young,/media/toor/Seagate3/YOUNG_MICE/Mouse943/Round1.5/Linear/2025-12-06T17_21_31,/media/toor/Seagate3/YOUNG_MICE/Mouse943/Linear/concat/2025-12-06T17_21_31/Linear2025-12-06T17_21_31.avi,/media/toor/Seagate3/YOUNG_MICE/Mouse943/Linear/concat/2025-12-06T17_21_31/timestamps2025-12-06T17_21_31.csv,True,/media/toor/SeagateClean/Bpod Local/Data/Mouse943/LinearTrack/Session Data/Mouse943_LinearTrack_20251206_175034.mat,1,/media/toor/Seagate3/YOUNG_MICE/Mouse943/Round1.5/Linear/2025-12-06T17_21_31/dlc_trim_info.csv,/media/toor/Seagate3/YOUNG_MICE/Mouse943/Round1.5/Linear/2025-12-06T17_21_31/Linear_Linear2025-12-06T17_21_31.avi,/media/toor/Seagate3/YOUNG_MICE/Mouse943/Round1.5/Linear/2025-12-06T17_21_31/dlc/2025-12-06_17-21-31_LinearTrack_lineartrack_trials.csv,/media/toor/Seagate3/YOUNG_MICE/Mouse943/Round1.5/Linear/2025-12-06T17_21_31/dlc/2025-12-06_17-21-31_LinearTrack_linearized_binned_trials_70nbins.csv,True,True
Mouse943,Linear,2025-12-07T18_20_22,2025-12-07,pre2026-05,detect,young,/media/toor/Seagate3/YOUNG_MICE/Mouse943/Round1.5/Linear/2025-12-07T18_20_22,/media/toor/Seagate3/$RECYCLE.BIN/S-1-5-21-1567802019-673313642-2207994177-1001/$ROE2E1W/2025-12-07T18_20_22/Linear2025-12-07T18_20_22.avi,/media/toor/Seagate3/$RECYCLE.BIN/S-1-5-21-1567802019-673313642-2207994177-1001/$ROE2E1W/2025-12-07T18_20_22/timestamps2025-12-07T18_20_22.csv,True,/media/toor/SeagateClean/Bpod Local/Data/Mouse943/LinearTrack/Session Data/Mouse943_LinearTrack_20251207_182220.mat,1,/media/toor/Seagate3/YOUNG_MICE/Mouse943/Round1.5/Linear/2025-12-07T18_20_22/dlc_trim_info.csv,/media/toor/Seagate3/YOUNG_MICE/Mouse943/Round1.5/Linear/2025-12-07T18_20_22/Linear_Linear2025-12-07T18_20_22.avi,/media/toor/Seagate3/YOUNG_MICE/Mouse943/Round1.5/Linear/2025-12-07T18_20_22/dlc/2025-12-07_18-20-22_LinearTrack_lineartrack_trials.csv,/media/toor/Seagate3/YOUNG_MICE/Mouse943/Round1.5/Linear/2025-12-07T18_20_22/dlc/2025-12-07_18-20-22_LinearTrack_linearized_binned_trials_70nbins.csv,True,True
Mouse943,Linear,2025-12-08T18_31_33,2025-12-08,pre2026-05,detect,young,/media/toor/Seagate3/YOUNG_MICE/Mouse943/Round1.5/Linear/2025-12-08T18_31_33,/media/toor/Seagate3/YOUNG_MICE/Mouse943/Linear/concat/2025-12-08T18_31_33/Linear2025-12-08T18_31_33.avi,/media/toor/Seagate3/YOUNG_MICE/Mouse943/Linear/concat/2025-12-08T18_31_33/timestamps2025-12-08T18_31_33.csv,True,/media/toor/SeagateClean/Bpod Local/Data/Mouse943/LinearTrack/Session Data/Mouse943_LinearTrack_20251208_183738.mat,1,/media/toor/Seagate3/YOUNG_MICE/Mouse943/Round1.5/Linear/2025-12-08T18_31_33/dlc_trim_info.csv,/media/toor/Seagate3/YOUNG_MICE/Mouse943/Round1.5/Linear/2025-12-08T18_31_33/Linear_Linear2025-12-08T18_31_33.avi,/media/toor/Seagate3/YOUNG_MICE/Mouse943/Round1.5/Linear/2025-12-08T18_31_33/dlc/2025-12-08_18-31-33_LinearTrack_lineartrack_trials.csv,/media/toor/Seagate3/YOUNG_MICE/Mouse943/Round1.5/Linear/2025-12-08T18_31_33/dlc/2025-12-08_18-31-33_LinearTrack_linearized_binned_trials_70nbins.csv,True,True
Mouse943,Linear,2025-12-09T18_09_02,2025-12-09,pre2026-05,detect,young,/media/toor/Seagate3/YOUNG_MICE/Mouse943/Round1.5/Linear/2025-12-09T18_09_02,/media/toor/Seagate3/$RECYCLE.BIN/S-1-5-21-1567802019-673313642-2207994177-1001/$ROE2E1W/2025-12-09T18_09_02/Linear2025-12-09T18_09_02.avi,/media/toor/Seagate3/$RECYCLE.BIN/S-1-5-21-1567802019-673313642-2207994177-1001/$ROE2E1W/2025-12-09T18_09_02/timestamps2025-12-09T18_09_02.csv,True,/media/toor/SeagateClean/Bpod Local/Data/Mouse943/LinearTrack/Session Data/Mouse943_LinearTrack_20251209_180909.mat,3,/media/toor/Seagate3/YOUNG_MICE/Mouse943/Round1.5/Linear/2025-12-09T18_09_02/dlc_trim_info.csv,/media/toor/Seagate3/YOUNG_MICE/Mouse943/Round1.5/Linear/2025-12-09T18_09_02/Linear_Linear2025-12-09T18_09_02.avi,/media/toor/Seagate3/YOUNG_MICE/Mouse943/Round1.5/Linear/2025-12-09T18_09_02/dlc/2025-12-09_18-09-02_LinearTrack_lineartrack_trials.csv,/media/toor/Seagate3/YOUNG_MICE/Mouse943/Round1.5/Linear/2025-12-09T18_09_02/dlc/2025-12-09_18-09-02_LinearTrack_linearized_binned_trials_70nbins.csv,True,True
Mouse943,Linear,2025-12-10T18_20_47,2025-12-10,pre2026-05,detect,young,/media/toor/Seagate3/YOUNG_MICE/Mouse943/Round1.5/Linear/2025-12-10T18_20_47,/media/toor/Seagate3/YOUNG_MICE/Mouse943/Linear/concat/2025-12-10T18_20_47/Linear2025-12-10T18_20_47.avi,/media/toor/Seagate3/YOUNG_MICE/Mouse943/Linear/concat/2025-12-10T18_20_47/timestamps2025-12-10T18_20_47.csv,True,/media/toor/SeagateClean/Bpod Local/Data/Mouse943/LinearTrack/Session Data/Mouse943_LinearTrack_20251210_183101.mat,1,/media/toor/Seagate3/YOUNG_MICE/Mouse943/Round1.5/Linear/2025-12-10T18_20_47/dlc_trim_info.csv,/media/toor/Seagate3/YOUNG_MICE/Mouse943/Round1.5/Linear/2025-12-10T18_20_47/Linear_Linear2025-12-10T18_20_47.avi,/media/toor/Seagate3/YOUNG_MICE/Mouse943/Round1.5/Linear/2025-12-10T18_20_47/dlc/2025-12-10_18-20-47_LinearTrack_lineartrack_trials.csv,/media/toor/Seagate3/YOUNG_MICE/Mouse943/Round1.5/Linear/2025-12-10T18_20_47/dlc/2025-12-10_18-20-47_LinearTrack_linearized_binned_trials_70nbins.csv,True,True
Mouse943,Linear,2025-12-11T17_32_58,2025-12-11,pre2026-05,detect,young,/media/toor/Seagate3/YOUNG_MICE/Mouse943/Round1.5/Linear/2025-12-11T17_32_58,/media/toor/Seagate3/$RECYCLE.BIN/S-1-5-21-1567802019-673313642-2207994177-1001/$ROE2E1W/2025-12-11T17_32_58/Linear2025-12-11T17_32_58.avi,/media/toor/Seagate3/$RECYCLE.BIN/S-1-5-21-1567802019-673313642-2207994177-1001/$ROE2E1W/2025-12-11T17_32_58/timestamps2025-12-11T17_32_58.csv,True,/media/toor/SeagateClean/Bpod Local/Data/Mouse943/LinearTrack/Session Data/Mouse943_LinearTrack_20251211_172814.mat,1,/media/toor/Seagate3/YOUNG_MICE/Mouse943/Round1.5/Linear/2025-12-11T17_32_58/dlc_trim_info.csv,/media/toor/Seagate3/YOUNG_MICE/Mouse943/Round1.5/Linear/2025-12-11T17_32_58/Linear_Linear2025-12-11T17_32_58.avi,/media/toor/Seagate3/YOUNG_MICE/Mouse943/Round1.5/Linear/2025-12-11T17_32_58/dlc/2025-12-11_17-32-58_LinearTrack_lineartrack_trials.csv,/media/toor/Seagate3/YOUNG_MICE/Mouse943/Round1.5/Linear/2025-12-11T17_32_58/dlc/2025-12-11_17-32-58_LinearTrack_linearized_binned_trials_70nbins.csv,True,True
Mouse943,Linear,2025-12-12T18_31_16,2025-12-12,pre2026-05,detect,young,/media/toor/Seagate3/YOUNG_MICE/Mouse943/Round1.5/Linear/2025-12-12T18_31_16,/media/toor/Seagate3/$RECYCLE.BIN/S-1-5-21-1567802019-673313642-2207994177-1001/$ROE2E1W/2025-12-12T18_31_16/Linear2025-12-12T18_31_16.avi,/media/toor/Seagate3/$RECYCLE.BIN/S-1-5-21-1567802019-673313642-2207994177-1001/$ROE2E1W/2025-12-12T18_31_16/timestamps2025-12-12T18_31_16.csv,True,/media/toor/SeagateClean/Bpod Local/Data/Mouse943/LinearTrack/Session Data/Mouse943_LinearTrack_20251212_182639.mat,1,/media/toor/Seagate3/YOUNG_MICE/Mouse943/Round1.5/Linear/2025-12-12T18_31_16/dlc_trim_info.csv,/media/toor/Seagate3/YOUNG_MICE/Mouse943/Round1.5/Linear/2025-12-12T18_31_16/Linear_Linear2025-12-12T18_31_16.avi,/media/toor/Seagate3/YOUNG_MICE/Mouse943/Round1.5/Linear/2025-12-12T18_31_16/dlc/2025-12-12_18-31-16_LinearTrack_lineartrack_trials.csv,/media/toor/Seagate3/YOUNG_MICE/Mouse943/Round1.5/Linear/2025-12-12T18_31_16/dlc/2025-12-12_18-31-16_LinearTrack_linearized_binned_trials_70nbins.csv,True,True
Mouse943,Linear,2025-12-13T18_21_58,2025-12-13,pre2026-05,detect,young,/media/toor/Seagate3/YOUNG_MICE/Mouse943/Round1.5/Linear/2025-12-13T18_21_58,/media/toor/Seagate3/YOUNG_MICE/Mouse943/Linear/concat/2025-12-13T18_21_58/Linear2025-12-13T18_21_58.avi,/media/toor/Seagate3/YOUNG_MICE/Mouse943/Linear/concat/2025-12-13T18_21_58/timestamps2025-12-13T18_21_58.csv,True,/media/toor/SeagateClean/Bpod Local/Data/Mouse943/LinearTrack/Session Data/Mouse943_LinearTrack_20251213_182844.mat,1,/media/toor/Seagate3/YOUNG_MICE/Mouse943/Round1.5/Linear/2025-12-13T18_21_58/dlc_trim_info.csv,/media/toor/Seagate3/YOUNG_MICE/Mouse943/Round1.5/Linear/2025-12-13T18_21_58/Linear_Linear2025-12-13T18_21_58.avi,/media/toor/Seagate3/YOUNG_MICE/Mouse943/Round1.5/Linear/2025-12-13T18_21_58/dlc/2025-12-13_18-21-58_LinearTrack_lineartrack_trials.csv,/media/toor/Seagate3/YOUNG_MICE/Mouse943/Round1.5/Linear/2025-12-13T18_21_58/dlc/2025-12-13_18-21-58_LinearTrack_linearized_binned_trials_70nbins.csv,True,True
Mouse943,Linear,2025-12-14T17_26_11,2025-12-14,pre2026-05,detect,young,/media/toor/Seagate3/YOUNG_MICE/Mouse943/Round1.5/Linear/2025-12-14T17_26_11,/media/toor/Seagate3/$RECYCLE.BIN/S-1-5-21-1567802019-673313642-2207994177-1001/$ROE2E1W/2025-12-14T17_26_11/Linear2025-12-14T17_26_11.avi,/media/toor/Seagate3/$RECYCLE.BIN/S-1-5-21-1567802019-673313642-2207994177-1001/$ROE2E1W/2025-12-14T17_26_11/timestamps2025-12-14T17_26_11.csv,True,/media/toor/SeagateClean/Bpod Local/Data/Mouse943/LinearTrack/Session Data/Mouse943_LinearTrack_20251214_173217.mat,1,/media/toor/Seagate3/YOUNG_MICE/Mouse943/Round1.5/Linear/2025-12-14T17_26_11/dlc_trim_info.csv,/media/toor/Seagate3/YOUNG_MICE/Mouse943/Round1.5/Linear/2025-12-14T17_26_11/Linear_Linear2025-12-14T17_26_11.avi,/media/toor/Seagate3/YOUNG_MICE/Mouse943/Round1.5/Linear/2025-12-14T17_26_11/dlc/2025-12-14_17-26-11_LinearTrack_lineartrack_trials.csv,/media/toor/Seagate3/YOUNG_MICE/Mouse943/Round1.5/Linear/2025-12-14T17_26_11/dlc/2025-12-14_17-26-11_LinearTrack_linearized_binned_trials_70nbins.csv,True,True
Mouse943,Linear,2025-12-15T17_28_24,2025-12-15,pre2026-05,detect,young,/media/toor/Seagate3/YOUNG_MICE/Mouse943/Round1.5/Linear/2025-12-15T17_28_24,/media/toor/Seagate3/$RECYCLE.BIN/S-1-5-21-1567802019-673313642-2207994177-1001/$ROE2E1W/2025-12-15T17_28_24/Linear2025-12-15T17_28_24.avi,/media/toor/Seagate3/$RECYCLE.BIN/S-1-5-21-1567802019-673313642-2207994177-1001/$ROE2E1W/2025-12-15T17_28_24/timestamps2025-12-15T17_28_24.csv,True,/media/toor/SeagateClean/Bpod Local/Data/Mouse943/LinearTrack/Session Data/Mouse943_LinearTrack_20251215_172920.mat,1,/media/toor/Seagate3/YOUNG_MICE/Mouse943/Round1.5/Linear/2025-12-15T17_28_24/dlc_trim_info.csv,/media/toor/Seagate3/YOUNG_MICE/Mouse943/Round1.5/Linear/2025-12-15T17_28_24/Linear_Linear2025-12-15T17_28_24.avi,/media/toor/Seagate3/YOUNG_MICE/Mouse943/Round1.5/Linear/2025-12-15T17_28_24/dlc/2025-12-15_17-28-24_LinearTrack_lineartrack_trials.csv,/media/toor/Seagate3/YOUNG_MICE/Mouse943/Round1.5/Linear/2025-12-15T17_28_24/dlc/2025-12-15_17-28-24_LinearTrack_linearized_binned_trials_70nbins.csv,True,True
Mouse943,Linear,2025-12-16T17_31_35,2025-12-16,pre2026-05,detect,young,/media/toor/Seagate3/YOUNG_MICE/Mouse943/Round1.5/Linear/2025-12-16T17_31_35,/media/toor/Seagate3/YOUNG_MICE/Mouse943/Linear/concat/2025-12-16T17_31_35/Linear2025-12-16T17_31_35.avi,/media/toor/Seagate3/YOUNG_MICE/Mouse943/Linear/concat/2025-12-16T17_31_35/timestamps2025-12-16T17_31_35.csv,True,/media/toor/SeagateClean/Bpod Local/Data/Mouse943/LinearTrack/Session Data/Mouse943_LinearTrack_20251216_173738.mat,1,/media/toor/Seagate3/YOUNG_MICE/Mouse943/Round1.5/Linear/2025-12-16T17_31_35/dlc_trim_info.csv,/media/toor/Seagate3/YOUNG_MICE/Mouse943/Round1.5/Linear/2025-12-16T17_31_35/Linear_Linear2025-12-16T17_31_35.avi,/media/toor/Seagate3/YOUNG_MICE/Mouse943/Round1.5/Linear/2025-12-16T17_31_35/dlc/2025-12-16_17-31-35_LinearTrack_lineartrack_trials.csv,/media/toor/Seagate3/YOUNG_MICE/Mouse943/Round1.5/Linear/2025-12-16T17_31_35/dlc/2025-12-16_17-31-35_LinearTrack_linearized_binned_trials_70nbins.csv,True,True
Mouse943,Linear,2025-12-17T17_37_03,2025-12-17,pre2026-05,detect,young,/media/toor/Seagate3/YOUNG_MICE/Mouse943/Round1.5/Linear/2025-12-17T17_37_03,/media/toor/Seagate2/RAW DATA/Mouse943/Linear2025-12-17T17_37_03.avi,,False,/media/toor/SeagateClean/Bpod Local/Data/Mouse943/LinearTrack/Session Data/Mouse943_LinearTrack_20251217_173655.mat,1,/media/toor/Seagate3/YOUNG_MICE/Mouse943/Round1.5/Linear/2025-12-17T17_37_03/dlc_trim_info.csv,/media/toor/Seagate3/YOUNG_MICE/Mouse943/Round1.5/Linear/2025-12-17T17_37_03/Linear_Linear2025-12-17T17_37_03.avi,/media/toor/Seagate3/YOUNG_MICE/Mouse943/Round1.5/Linear/2025-12-17T17_37_03/dlc/2025-12-17_17-37-03_LinearTrack_lineartrack_trials.csv,/media/toor/Seagate3/YOUNG_MICE/Mouse943/Round1.5/Linear/2025-12-17T17_37_03/dlc/2025-12-17_17-37-03_LinearTrack_linearized_binned_trials_70nbins.csv,False,False
Mouse943,Linear,2025-12-18T09_40_24,2025-12-18,pre2026-05,detect,young,/media/toor/Seagate3/YOUNG_MICE/Mouse943/Round1.5/Linear/2025-12-18T09_40_24,/media/toor/Seagate3/$RECYCLE.BIN/S-1-5-21-1567802019-673313642-2207994177-1001/$R4YVYF6/2025-12-18T09_40_24/Linear2025-12-18T09_40_24.avi,/media/toor/Seagate3/$RECYCLE.BIN/S-1-5-21-1567802019-673313642-2207994177-1001/$R4YVYF6/2025-12-18T09_40_24/timestamps2025-12-18T09_40_24.csv,True,/media/toor/SeagateClean/Bpod Local/Data/Mouse943/LinearTrack/Session Data/Mouse943_LinearTrack_20251218_094911.mat,1,/media/toor/Seagate3/YOUNG_MICE/Mouse943/Round1.5/Linear/2025-12-18T09_40_24/dlc_trim_info.csv,/media/toor/Seagate3/YOUNG_MICE/Mouse943/Round1.5/Linear/2025-12-18T09_40_24/Linear_Linear2025-12-18T09_40_24.avi,/media/toor/Seagate3/YOUNG_MICE/Mouse943/Round1.5/Linear/2025-12-18T09_40_24/dlc/2025-12-18_09-40-24_LinearTrack_lineartrack_trials.csv,/media/toor/Seagate3/YOUNG_MICE/Mouse943/Round1.5/Linear/2025-12-18T09_40_24/dlc/2025-12-18_09-40-24_LinearTrack_linearized_binned_trials_70nbins.csv,True,True
Mouse943,TMaze,2025-12-04T17_09_18,2025-12-04,pre2026-05,align,young,/media/toor/Seagate3/YOUNG_MICE/Mouse943/Round1.5/TMaze/2025-12-04T17_09_18,/media/toor/Seagate3/$RECYCLE.BIN/S-1-5-21-1567802019-673313642-2207994177-1001/$ROE2E1W/2025-12-04T17_09_18/Linear2025-12-04T17_09_18.avi,/media/toor/Seagate3/$RECYCLE.BIN/S-1-5-21-1567802019-673313642-2207994177-1001/$ROE2E1W/2025-12-04T17_09_18/timestamps2025-12-04T17_09_18.csv,True,/media/toor/SeagateClean/Bpod Local/Data/Mouse943/TMaze4/Session Data/Mouse943_TMaze4_20251204_171521.mat,1,/media/toor/Seagate3/YOUNG_MICE/Mouse943/Round1.5/TMaze/2025-12-04T17_09_18/dlc_trim_info.csv,/media/toor/Seagate3/YOUNG_MICE/Mouse943/Round1.5/TMaze/2025-12-04T17_09_18/TMaze_Linear2025-12-04T17_09_18.avi,/media/toor/Seagate3/YOUNG_MICE/Mouse943/Round1.5/TMaze/2025-12-04T17_09_18/dlc/2025-12-04_17-09-18_TMaze_trimmed_trials.csv,/media/toor/Seagate3/YOUNG_MICE/Mouse943/Round1.5/TMaze/2025-12-04T17_09_18/dlc/2025-12-04_17-09-18_TMaze_TMaze_linearized_binned_trials_70nbins.csv,True,True
Mouse943,TMaze,2025-12-05T16_44_52,2025-12-05,pre2026-05,align,young,/media/toor/Seagate3/YOUNG_MICE/Mouse943/Round1.5/TMaze/2025-12-05T16_44_52,/media/toor/Seagate3/$RECYCLE.BIN/S-1-5-21-1567802019-673313642-2207994177-1001/$R4YVYF6/2025-12-05T16_44_52/Linear2025-12-05T16_44_52.avi,/media/toor/Seagate3/$RECYCLE.BIN/S-1-5-21-1567802019-673313642-2207994177-1001/$R4YVYF6/2025-12-05T16_44_52/timestamps2025-12-05T16_44_52.csv,True,/media/toor/SeagateClean/Bpod Local/Data/Mouse943/TMaze4/Session Data/Mouse943_TMaze4_20251205_165144.mat,1,/media/toor/Seagate3/YOUNG_MICE/Mouse943/Round1.5/TMaze/2025-12-05T16_44_52/dlc_trim_info.csv,/media/toor/Seagate3/YOUNG_MICE/Mouse943/Round1.5/TMaze/2025-12-05T16_44_52/TMaze_Linear2025-12-05T16_44_52.avi,/media/toor/Seagate3/YOUNG_MICE/Mouse943/Round1.5/TMaze/2025-12-05T16_44_52/dlc/2025-12-05_16-44-52_TMaze_trimmed_trials.csv,/media/toor/Seagate3/YOUNG_MICE/Mouse943/Round1.5/TMaze/2025-12-05T16_44_52/dlc/2025-12-05_16-44-52_TMaze_TMaze_linearized_binned_trials_70nbins.csv,True,True
Mouse943,TMaze,2025-12-06T17_27_45,2025-12-06,pre2026-05,align,young,/media/toor/Seagate3/YOUNG_MICE/Mouse943/Round1.5/TMaze/2025-12-06T17_27_45,/media/toor/Seagate3/YOUNG_MICE/Mouse943/TMaze/concat/2025-12-06T17_27_45/Linear2025-12-06T17_27_45.avi,/media/toor/Seagate3/YOUNG_MICE/Mouse943/TMaze/concat/2025-12-06T17_27_45/timestamps2025-12-06T17_27_45.csv,True,/media/toor/SeagateClean/Bpod Local/Data/Mouse943/TMaze4/Session Data/Mouse943_TMaze4_20251206_172759.mat,1,/media/toor/Seagate3/YOUNG_MICE/Mouse943/Round1.5/TMaze/2025-12-06T17_27_45/dlc_trim_info.csv,/media/toor/Seagate3/YOUNG_MICE/Mouse943/Round1.5/TMaze/2025-12-06T17_27_45/TMaze_Linear2025-12-06T17_27_45.avi,/media/toor/Seagate3/YOUNG_MICE/Mouse943/Round1.5/TMaze/2025-12-06T17_27_45/dlc/2025-12-06_17-27-45_TMaze_trimmed_trials.csv,/media/toor/Seagate3/YOUNG_MICE/Mouse943/Round1.5/TMaze/2025-12-06T17_27_45/dlc/2025-12-06_17-27-45_TMaze_TMaze_linearized_binned_trials_70nbins.csv,True,True
Mouse943,TMaze,2025-12-07T17_56_20,2025-12-07,pre2026-05,align,young,/media/toor/Seagate3/YOUNG_MICE/Mouse943/Round1.5/TMaze/2025-12-07T17_56_20,/media/toor/Seagate3/$RECYCLE.BIN/S-1-5-21-1567802019-673313642-2207994177-1001/$R4YVYF6/2025-12-07T17_56_20/Linear2025-12-07T17_56_20.avi,/media/toor/Seagate3/$RECYCLE.BIN/S-1-5-21-1567802019-673313642-2207994177-1001/$R4YVYF6/2025-12-07T17_56_20/timestamps2025-12-07T17_56_20.csv,True,/media/toor/SeagateClean/Bpod Local/Data/Mouse943/TMaze4/Session Data/Mouse943_TMaze4_20251207_180250.mat,1,/media/toor/Seagate3/YOUNG_MICE/Mouse943/Round1.5/TMaze/2025-12-07T17_56_20/dlc_trim_info.csv,/media/toor/Seagate3/YOUNG_MICE/Mouse943/Round1.5/TMaze/2025-12-07T17_56_20/TMaze_Linear2025-12-07T17_56_20.avi,/media/toor/Seagate3/YOUNG_MICE/Mouse943/Round1.5/TMaze/2025-12-07T17_56_20/dlc/2025-12-07_17-56-20_TMaze_trimmed_trials.csv,/media/toor/Seagate3/YOUNG_MICE/Mouse943/Round1.5/TMaze/2025-12-07T17_56_20/dlc/2025-12-07_17-56-20_TMaze_TMaze_linearized_binned_trials_70nbins.csv,True,True
Mouse943,TMaze,2025-12-08T18_55_32,2025-12-08,pre2026-05,align,young,/media/toor/Seagate3/YOUNG_MICE/Mouse943/Round1.5/TMaze/2025-12-08T18_55_32,/media/toor/Seagate3/YOUNG_MICE/Mouse943/TMaze/concat/2025-12-08T18_55_32/Linear2025-12-08T18_55_32.avi,/media/toor/Seagate3/YOUNG_MICE/Mouse943/TMaze/concat/2025-12-08T18_55_32/timestamps2025-12-08T18_55_32.csv,True,/media/toor/SeagateClean/Bpod Local/Data/Mouse943/TMaze4/Session Data/Mouse943_TMaze4_20251208_185616.mat,1,/media/toor/Seagate3/YOUNG_MICE/Mouse943/Round1.5/TMaze/2025-12-08T18_55_32/dlc_trim_info.csv,/media/toor/Seagate3/YOUNG_MICE/Mouse943/Round1.5/TMaze/2025-12-08T18_55_32/TMaze_Linear2025-12-08T18_55_32.avi,/media/toor/Seagate3/YOUNG_MICE/Mouse943/Round1.5/TMaze/2025-12-08T18_55_32/dlc/2025-12-08_18-55-32_TMaze_trimmed_trials.csv,/media/toor/Seagate3/YOUNG_MICE/Mouse943/Round1.5/TMaze/2025-12-08T18_55_32/dlc/2025-12-08_18-55-32_TMaze_TMaze_linearized_binned_trials_70nbins.csv,True,True
Mouse943,TMaze,2025-12-09T17_38_53,2025-12-09,pre2026-05,align,young,/media/toor/Seagate3/YOUNG_MICE/Mouse943/Round1.5/TMaze/2025-12-09T17_38_53,/media/toor/Seagate3/$RECYCLE.BIN/S-1-5-21-1567802019-673313642-2207994177-1001/$R4YVYF6/2025-12-09T17_38_53/Linear2025-12-09T17_38_53.avi,/media/toor/Seagate3/$RECYCLE.BIN/S-1-5-21-1567802019-673313642-2207994177-1001/$R4YVYF6/2025-12-09T17_38_53/timestamps2025-12-09T17_38_53.csv,True,/media/toor/SeagateClean/Bpod Local/Data/Mouse943/TMaze4/Session Data/Mouse943_TMaze4_20251209_174425.mat,1,/media/toor/Seagate3/YOUNG_MICE/Mouse943/Round1.5/TMaze/2025-12-09T17_38_53/dlc_trim_info.csv,/media/toor/Seagate3/YOUNG_MICE/Mouse943/Round1.5/TMaze/2025-12-09T17_38_53/TMaze_Linear2025-12-09T17_38_53.avi,/media/toor/Seagate3/YOUNG_MICE/Mouse943/Round1.5/TMaze/2025-12-09T17_38_53/dlc/2025-12-09_17-38-53_TMaze_trimmed_trials.csv,/media/toor/Seagate3/YOUNG_MICE/Mouse943/Round1.5/TMaze/2025-12-09T17_38_53/dlc/2025-12-09_17-38-53_TMaze_TMaze_linearized_binned_trials_70nbins.csv,True,True
Mouse943,TMaze,2025-12-10T18_46_51,2025-12-10,pre2026-05,align,young,/media/toor/Seagate3/YOUNG_MICE/Mouse943/Round1.5/TMaze/2025-12-10T18_46_51,/media/toor/Seagate2/RAW DATA/Mouse943/Linear2025-12-10T18_46_51.avi,/media/toor/Seagate2/RAW DATA/Mouse943/timestamps2025-12-10T18_46_51.csv,True,/media/toor/SeagateClean/Bpod Local/Data/Mouse943/TMaze4/Session Data/Mouse943_TMaze4_20251210_185259.mat,1,/media/toor/Seagate3/YOUNG_MICE/Mouse943/Round1.5/TMaze/2025-12-10T18_46_51/dlc_trim_info.csv,/media/toor/Seagate3/YOUNG_MICE/Mouse943/Round1.5/TMaze/2025-12-10T18_46_51/TMaze_Linear2025-12-10T18_46_51.avi,/media/toor/Seagate3/YOUNG_MICE/Mouse943/Round1.5/TMaze/2025-12-10T18_46_51/dlc/2025-12-10_18-46-51_TMaze_trimmed_trials.csv,/media/toor/Seagate3/YOUNG_MICE/Mouse943/Round1.5/TMaze/2025-12-10T18_46_51/dlc/2025-12-10_18-46-51_TMaze_TMaze_linearized_binned_trials_70nbins.csv,True,True
Mouse943,TMaze,2025-12-11T17_02_23,2025-12-11,pre2026-05,align,young,/media/toor/Seagate3/YOUNG_MICE/Mouse943/Round1.5/TMaze/2025-12-11T17_02_23,/media/toor/Seagate3/$RECYCLE.BIN/S-1-5-21-1567802019-673313642-2207994177-1001/$R4YVYF6/2025-12-11T17_02_23/Linear2025-12-11T17_02_23.avi,/media/toor/Seagate3/$RECYCLE.BIN/S-1-5-21-1567802019-673313642-2207994177-1001/$R4YVYF6/2025-12-11T17_02_23/timestamps2025-12-11T17_02_23.csv,True,/media/toor/SeagateClean/Bpod Local/Data/Mouse943/TMaze4/Session Data/Mouse943_TMaze4_20251211_170932.mat,1,/media/toor/Seagate3/YOUNG_MICE/Mouse943/Round1.5/TMaze/2025-12-11T17_02_23/dlc_trim_info.csv,/media/toor/Seagate3/YOUNG_MICE/Mouse943/Round1.5/TMaze/2025-12-11T17_02_23/TMaze_Linear2025-12-11T17_02_23.avi,/media/toor/Seagate3/YOUNG_MICE/Mouse943/Round1.5/TMaze/2025-12-11T17_02_23/dlc/2025-12-11_17-02-23_TMaze_trimmed_trials.csv,/media/toor/Seagate3/YOUNG_MICE/Mouse943/Round1.5/TMaze/2025-12-11T17_02_23/dlc/2025-12-11_17-02-23_TMaze_TMaze_linearized_binned_trials_70nbins.csv,True,True
Mouse943,TMaze,2025-12-12T18_00_50,2025-12-12,pre2026-05,align,young,/media/toor/Seagate3/YOUNG_MICE/Mouse943/Round1.5/TMaze/2025-12-12T18_00_50,/media/toor/Seagate3/$RECYCLE.BIN/S-1-5-21-1567802019-673313642-2207994177-1001/$R4YVYF6/2025-12-12T18_00_50/Linear2025-12-12T18_00_50.avi,/media/toor/Seagate3/$RECYCLE.BIN/S-1-5-21-1567802019-673313642-2207994177-1001/$R4YVYF6/2025-12-12T18_00_50/timestamps2025-12-12T18_00_50.csv,True,/media/toor/SeagateClean/Bpod Local/Data/Mouse943/TMaze4/Session Data/Mouse943_TMaze4_20251212_180700.mat,1,/media/toor/Seagate3/YOUNG_MICE/Mouse943/Round1.5/TMaze/2025-12-12T18_00_50/dlc_trim_info.csv,/media/toor/Seagate3/YOUNG_MICE/Mouse943/Round1.5/TMaze/2025-12-12T18_00_50/TMaze_Linear2025-12-12T18_00_50.avi,/media/toor/Seagate3/YOUNG_MICE/Mouse943/Round1.5/TMaze/2025-12-12T18_00_50/dlc/2025-12-12_18-00-50_TMaze_trimmed_trials.csv,/media/toor/Seagate3/YOUNG_MICE/Mouse943/Round1.5/TMaze/2025-12-12T18_00_50/dlc/2025-12-12_18-00-50_TMaze_TMaze_linearized_binned_trials_70nbins.csv,True,True
Mouse943,TMaze,2025-12-13T18_37_22,2025-12-13,pre2026-05,align,young,/media/toor/Seagate3/YOUNG_MICE/Mouse943/Round1.5/TMaze/2025-12-13T18_37_22,/media/toor/Seagate3/YOUNG_MICE/Mouse943/TMaze/concat/2025-12-13T18_37_22/Linear2025-12-13T18_37_22.avi,/media/toor/Seagate3/YOUNG_MICE/Mouse943/TMaze/concat/2025-12-13T18_37_22/timestamps2025-12-13T18_37_22.csv,True,/media/toor/SeagateClean/Bpod Local/Data/Mouse943/TMaze4/Session Data/Mouse943_TMaze4_20251213_184245.mat,1,/media/toor/Seagate3/YOUNG_MICE/Mouse943/Round1.5/TMaze/2025-12-13T18_37_22/dlc_trim_info.csv,/media/toor/Seagate3/YOUNG_MICE/Mouse943/Round1.5/TMaze/2025-12-13T18_37_22/TMaze_Linear2025-12-13T18_37_22.avi,/media/toor/Seagate3/YOUNG_MICE/Mouse943/Round1.5/TMaze/2025-12-13T18_37_22/dlc/2025-12-13_18-37-22_TMaze_trimmed_trials.csv,/media/toor/Seagate3/YOUNG_MICE/Mouse943/Round1.5/TMaze/2025-12-13T18_37_22/dlc/2025-12-13_18-37-22_TMaze_TMaze_linearized_binned_trials_70nbins.csv,True,True
Mouse943,TMaze,2025-12-14T16_59_57,2025-12-14,pre2026-05,align,young,/media/toor/Seagate3/YOUNG_MICE/Mouse943/Round1.5/TMaze/2025-12-14T16_59_57,/media/toor/Seagate3/$RECYCLE.BIN/S-1-5-21-1567802019-673313642-2207994177-1001/$R4YVYF6/2025-12-14T16_59_57/Linear2025-12-14T16_59_57.avi,/media/toor/Seagate3/$RECYCLE.BIN/S-1-5-21-1567802019-673313642-2207994177-1001/$R4YVYF6/2025-12-14T16_59_57/timestamps2025-12-14T16_59_57.csv,True,/media/toor/SeagateClean/Bpod Local/Data/Mouse943/TMaze4/Session Data/Mouse943_TMaze4_20251214_170706.mat,1,/media/toor/Seagate3/YOUNG_MICE/Mouse943/Round1.5/TMaze/2025-12-14T16_59_57/dlc_trim_info.csv,/media/toor/Seagate3/YOUNG_MICE/Mouse943/Round1.5/TMaze/2025-12-14T16_59_57/TMaze_Linear2025-12-14T16_59_57.avi,/media/toor/Seagate3/YOUNG_MICE/Mouse943/Round1.5/TMaze/2025-12-14T16_59_57/dlc/2025-12-14_16-59-57_TMaze_trimmed_trials.csv,/media/toor/Seagate3/YOUNG_MICE/Mouse943/Round1.5/TMaze/2025-12-14T16_59_57/dlc/2025-12-14_16-59-57_TMaze_TMaze_linearized_binned_trials_70nbins.csv,True,True
Mouse943,TMaze,2025-12-15T17_01_14,2025-12-15,pre2026-05,align,young,/media/toor/Seagate3/YOUNG_MICE/Mouse943/Round1.5/TMaze/2025-12-15T17_01_14,/media/toor/Seagate3/$RECYCLE.BIN/S-1-5-21-1567802019-673313642-2207994177-1001/$R4YVYF6/2025-12-15T17_01_14/Linear2025-12-15T17_01_14.avi,/media/toor/Seagate3/$RECYCLE.BIN/S-1-5-21-1567802019-673313642-2207994177-1001/$R4YVYF6/2025-12-15T17_01_14/timestamps2025-12-15T17_01_14.csv,True,/media/toor/SeagateClean/Bpod Local/Data/Mouse943/TMaze4/Session Data/Mouse943_TMaze4_20251215_170939.mat,2,/media/toor/Seagate3/YOUNG_MICE/Mouse943/Round1.5/TMaze/2025-12-15T17_01_14/dlc_trim_info.csv,/media/toor/Seagate3/YOUNG_MICE/Mouse943/Round1.5/TMaze/2025-12-15T17_01_14/TMaze_Linear2025-12-15T17_01_14.avi,/media/toor/Seagate3/YOUNG_MICE/Mouse943/Round1.5/TMaze/2025-12-15T17_01_14/dlc/2025-12-15_17-01-14_TMaze_trimmed_trials.csv,/media/toor/Seagate3/YOUNG_MICE/Mouse943/Round1.5/TMaze/2025-12-15T17_01_14/dlc/2025-12-15_17-01-14_TMaze_TMaze_linearized_binned_trials_70nbins.csv,True,True
Mouse943,TMaze,2025-12-16T17_50_18,2025-12-16,pre2026-05,align,young,/media/toor/Seagate3/YOUNG_MICE/Mouse943/Round1.5/TMaze/2025-12-16T17_50_18,/media/toor/Seagate3/YOUNG_MICE/Mouse943/TMaze/concat/2025-12-16T17_50_18/Linear2025-12-16T17_50_18.avi,/media/toor/Seagate3/YOUNG_MICE/Mouse943/TMaze/concat/2025-12-16T17_50_18/timestamps2025-12-16T17_50_18.csv,True,/media/toor/SeagateClean/Bpod Local/Data/Mouse943/TMaze4/Session Data/Mouse943_TMaze4_20251216_175028.mat,1,/media/toor/Seagate3/YOUNG_MICE/Mouse943/Round1.5/TMaze/2025-12-16T17_50_18/dlc_trim_info.csv,/media/toor/Seagate3/YOUNG_MICE/Mouse943/Round1.5/TMaze/2025-12-16T17_50_18/TMaze_Linear2025-12-16T17_50_18.avi,/media/toor/Seagate3/YOUNG_MICE/Mouse943/Round1.5/TMaze/2025-12-16T17_50_18/dlc/2025-12-16_17-50-18_TMaze_trimmed_trials.csv,/media/toor/Seagate3/YOUNG_MICE/Mouse943/Round1.5/TMaze/2025-12-16T17_50_18/dlc/2025-12-16_17-50-18_TMaze_TMaze_linearized_binned_trials_70nbins.csv,True,True
Mouse943,TMaze,2025-12-17T17_05_56,2025-12-17,pre2026-05,align,young,/media/toor/Seagate3/YOUNG_MICE/Mouse943/Round1.5/TMaze/2025-12-17T17_05_56,/media/toor/Seagate2/RAW DATA/Mouse943/Linear2025-12-17T17_05_56.avi,/media/toor/Seagate2/RAW DATA/Mouse943/timestamps2025-12-17T17_05_56.csv,True,/media/toor/SeagateClean/Bpod Local/Data/Mouse943/TMaze4/Session Data/Mouse943_TMaze4_20251217_171109.mat,1,/media/toor/Seagate3/YOUNG_MICE/Mouse943/Round1.5/TMaze/2025-12-17T17_05_56/dlc_trim_info.csv,/media/toor/Seagate3/YOUNG_MICE/Mouse943/Round1.5/TMaze/2025-12-17T17_05_56/TMaze_Linear2025-12-17T17_05_56.avi,/media/toor/Seagate3/YOUNG_MICE/Mouse943/Round1.5/TMaze/2025-12-17T17_05_56/dlc/2025-12-17_17-05-56_TMaze_trimmed_trials.csv,/media/toor/Seagate3/YOUNG_MICE/Mouse943/Round1.5/TMaze/2025-12-17T17_05_56/dlc/2025-12-17_17-05-56_TMaze_TMaze_linearized_binned_trials_70nbins.csv,True,True
Mouse943,TMaze,2025-12-18T10_03_32,2025-12-18,pre2026-05,align,young,/media/toor/Seagate3/YOUNG_MICE/Mouse943/Round1.5/TMaze/2025-12-18T10_03_32,/media/toor/Seagate3/YOUNG_MICE/Mouse943/TMaze/concat/2025-12-18T10_03_32/Linear2025-12-18T10_03_32.avi,/media/toor/Seagate3/YOUNG_MICE/Mouse943/TMaze/concat/2025-12-18T10_03_32/timestamps2025-12-18T10_03_32.csv,True,/media/toor/SeagateClean/Bpod Local/Data/Mouse943/TMaze4/Session Data/Mouse943_TMaze4_20251218_100325.mat,1,/media/toor/Seagate3/YOUNG_MICE/Mouse943/Round1.5/TMaze/2025-12-18T10_03_32/dlc_trim_info.csv,/media/toor/Seagate3/YOUNG_MICE/Mouse943/Round1.5/TMaze/2025-12-18T10_03_32/TMaze_Linear2025-12-18T10_03_32.avi,/media/toor/Seagate3/YOUNG_MICE/Mouse943/Round1.5/TMaze/2025-12-18T10_03_32/dlc/2025-12-18_10-03-32_TMaze_trimmed_trials.csv,/media/toor/Seagate3/YOUNG_MICE/Mouse943/Round1.5/TMaze/2025-12-18T10_03_32/dlc/2025-12-18_10-03-32_TMaze_TMaze_linearized_binned_trials_70nbins.csv,True,True
Mouse944,Linear,2026-06-26T15_27_25,2026-06-26,post2026-05,detect,young,/media/toor/Seagate3/Mouse944/Round1/Linear/2026-06-26T15_27_25,/media/toor/Seagate3/Mouse944/RAW_DATA/2026-06-26T15_27_25/Linear2026-06-26T15_27_25.avi,/media/toor/Seagate3/Mouse944/RAW_DATA/2026-06-26T15_27_25/timestamps2026-06-26T15_27_25.csv,True,/media/toor/SeagateClean/Bpod Local/Data/Mouse944/LinearTrack/Session Data/Mouse944_LinearTrack_20260626_153100.mat,2,/media/toor/Seagate3/Mouse944/Round1/Linear/2026-06-26T15_27_25/dlc_trim_info.csv,/media/toor/Seagate3/Mouse944/Round1/Linear/2026-06-26T15_27_25/Linear_Linear2026-06-26T15_27_25.avi,,,True,False
Mouse944,Linear,2026-06-27T15_13_22,2026-06-27,post2026-05,detect,young,/media/toor/Seagate3/Mouse944/Round1/Linear/2026-06-27T15_13_22,/media/toor/Seagate3/Mouse944/RAW_DATA/2026-06-27T15_13_22/Linear2026-06-27T15_13_22.avi,/media/toor/Seagate3/Mouse944/RAW_DATA/2026-06-27T15_13_22/timestamps2026-06-27T15_13_22.csv,True,/media/toor/SeagateClean/Bpod Local/Data/Mouse944/LinearTrack/Session Data/Mouse944_LinearTrack_20260627_151928.mat,1,/media/toor/Seagate3/Mouse944/Round1/Linear/2026-06-27T15_13_22/dlc_trim_info.csv,/media/toor/Seagate3/Mouse944/Round1/Linear/2026-06-27T15_13_22/Linear_Linear2026-06-27T15_13_22.avi,,,True,False
Mouse944,Linear,2026-06-28T14_49_05,2026-06-28,post2026-05,detect,young,/media/toor/Seagate3/Mouse944/Round1/Linear/2026-06-28T14_49_05,/media/toor/Seagate3/Mouse944/RAW_DATA/2026-06-28T14_49_05/Linear2026-06-28T14_49_05.avi,/media/toor/Seagate3/Mouse944/RAW_DATA/2026-06-28T14_49_05/timestamps2026-06-28T14_49_05.csv,True,/media/toor/SeagateClean/Bpod Local/Data/Mouse944/LinearTrack/Session Data/Mouse944_LinearTrack_20260628_145501.mat,1,/media/toor/Seagate3/Mouse944/Round1/Linear/2026-06-28T14_49_05/dlc_trim_info.csv,/media/toor/Seagate3/Mouse944/Round1/Linear/2026-06-28T14_49_05/Linear_Linear2026-06-28T14_49_05.avi,,,True,False
Mouse944,Linear,2026-06-29T14_47_05,2026-06-29,post2026-05,detect,young,/media/toor/Seagate3/Mouse944/Round1/Linear/2026-06-29T14_47_05,/media/toor/Seagate3/Mouse944/RAW_DATA/2026-06-29T14_47_05/Linear2026-06-29T14_47_05.avi,/media/toor/Seagate3/Mouse944/RAW_DATA/2026-06-29T14_47_05/timestamps2026-06-29T14_47_05.csv,True,/media/toor/SeagateClean/Bpod Local/Data/Mouse944/LinearTrack/Session Data/Mouse944_LinearTrack_20260629_145046.mat,1,/media/toor/Seagate3/Mouse944/Round1/Linear/2026-06-29T14_47_05/dlc_trim_info.csv,/media/toor/Seagate3/Mouse944/Round1/Linear/2026-06-29T14_47_05/Linear_Linear2026-06-29T14_47_05.avi,,,True,False
Mouse944,Linear,2026-06-30T15_05_21,2026-06-30,post2026-05,detect,young,/media/toor/Seagate3/Mouse944/Round1/Linear/2026-06-30T15_05_21,/media/toor/Seagate3/Mouse944/RAW_DATA/2026-06-30T15_05_21/Linear2026-06-30T15_05_21.avi,/media/toor/Seagate3/Mouse944/RAW_DATA/2026-06-30T15_05_21/timestamps2026-06-30T15_05_21.csv,True,/media/toor/SeagateClean/Bpod Local/Data/Mouse944/LinearTrack/Session Data/Mouse944_LinearTrack_20260630_150600.mat,1,/media/toor/Seagate3/Mouse944/Round1/Linear/2026-06-30T15_05_21/dlc_trim_info.csv,/media/toor/Seagate3/Mouse944/Round1/Linear/2026-06-30T15_05_21/Linear_Linear2026-06-30T15_05_21.avi,,,True,False
Mouse944,Linear,2026-07-01T14_42_03,2026-07-01,post2026-05,detect,young,/media/toor/Seagate3/Mouse944/Round1/Linear/2026-07-01T14_42_03,/media/toor/Seagate3/Mouse944/RAW_DATA/2026-07-01T14_42_03/Linear2026-07-01T14_42_03.avi,/media/toor/Seagate3/Mouse944/RAW_DATA/2026-07-01T14_42_03/timestamps2026-07-01T14_42_03.csv,True,/media/toor/SeagateClean/Bpod Local/Data/Mouse944/LinearTrack/Session Data/Mouse944_LinearTrack_20260701_142515.mat,1,/media/toor/Seagate3/Mouse944/Round1/Linear/2026-07-01T14_42_03/dlc_trim_info.csv,/media/toor/Seagate3/Mouse944/Round1/Linear/2026-07-01T14_42_03/Linear_Linear2026-07-01T14_42_03.avi,,,True,False
Mouse944,Linear,2026-07-02T14_50_40,2026-07-02,post2026-05,detect,young,/media/toor/Seagate3/Mouse944/Round1/Linear/2026-07-02T14_50_40,/media/toor/Seagate3/Mouse944/RAW_DATA/2026-07-02T14_50_40/Linear2026-07-02T14_50_40.avi,/media/toor/Seagate3/Mouse944/RAW_DATA/2026-07-02T14_50_40/timestamps2026-07-02T14_50_40.csv,True,/media/toor/SeagateClean/Bpod Local/Data/Mouse944/LinearTrack/Session Data/Mouse944_LinearTrack_20260702_145113.mat,1,/media/toor/Seagate3/Mouse944/Round1/Linear/2026-07-02T14_50_40/dlc_trim_info.csv,/media/toor/Seagate3/Mouse944/Round1/Linear/2026-07-02T14_50_40/Linear_Linear2026-07-02T14_50_40.avi,,,True,False
Mouse944,Linear,2026-07-03T13_55_52,2026-07-03,post2026-05,detect,young,/media/toor/Seagate3/Mouse944/Round1/Linear/2026-07-03T13_55_52,/media/toor/Seagate3/Mouse944/RAW_DATA/2026-07-03T13_55_52/Linear2026-07-03T13_55_52.avi,/media/toor/Seagate3/Mouse944/RAW_DATA/2026-07-03T13_55_52/timestamps2026-07-03T13_55_52.csv,True,/media/toor/SeagateClean/Bpod Local/Data/Mouse944/LinearTrack/Session Data/Mouse944_LinearTrack_20260703_135813.mat,1,/media/toor/Seagate3/Mouse944/Round1/Linear/2026-07-03T13_55_52/dlc_trim_info.csv,/media/toor/Seagate3/Mouse944/Round1/Linear/2026-07-03T13_55_52/Linear_Linear2026-07-03T13_55_52.avi,,,True,False
Mouse944,Linear,2026-07-04T15_05_50,2026-07-04,post2026-05,detect,young,/media/toor/Seagate3/Mouse944/Round1/Linear/2026-07-04T15_05_50,/media/toor/Seagate3/Mouse944/RAW_DATA/2026-07-04T15_05_50/Linear2026-07-04T15_05_50.avi,/media/toor/Seagate3/Mouse944/RAW_DATA/2026-07-04T15_05_50/timestamps2026-07-04T15_05_50.csv,True,/media/toor/SeagateClean/Bpod Local/Data/Mouse944/LinearTrack/Session Data/Mouse944_LinearTrack_20260704_150619.mat,1,/media/toor/Seagate3/Mouse944/Round1/Linear/2026-07-04T15_05_50/dlc_trim_info.csv,/media/toor/Seagate3/Mouse944/Round1/Linear/2026-07-04T15_05_50/Linear_Linear2026-07-04T15_05_50.avi,,,True,False
Mouse944,Linear,2026-07-05T14_14_26,2026-07-05,post2026-05,detect,young,/media/toor/Seagate3/Mouse944/Round1/Linear/2026-07-05T14_14_26,/media/toor/Seagate3/Mouse944/RAW_DATA/2026-07-05T14_14_26/Linear2026-07-05T14_14_26.avi,/media/toor/Seagate3/Mouse944/RAW_DATA/2026-07-05T14_14_26/timestamps2026-07-05T14_14_26.csv,True,/media/toor/SeagateClean/Bpod Local/Data/Mouse944/LinearTrack/Session Data/Mouse944_LinearTrack_20260705_141628.mat,1,/media/toor/Seagate3/Mouse944/Round1/Linear/2026-07-05T14_14_26/dlc_trim_info.csv,/media/toor/Seagate3/Mouse944/Round1/Linear/2026-07-05T14_14_26/Linear_Linear2026-07-05T14_14_26.avi,,,True,False
Mouse944,Linear,2026-07-06T14_54_46,2026-07-06,post2026-05,detect,young,/media/toor/Seagate3/Mouse944/Round1/Linear/2026-07-06T14_54_46,/media/toor/Seagate3/Mouse944/RAW_DATA/2026-07-06T14_54_46/Linear2026-07-06T14_54_46.avi,/media/toor/Seagate3/Mouse944/RAW_DATA/2026-07-06T14_54_46/timestamps2026-07-06T14_54_46.csv,True,/media/toor/SeagateClean/Bpod Local/Data/Mouse944/LinearTrack/Session Data/Mouse944_LinearTrack_20260706_145614.mat,1,/media/toor/Seagate3/Mouse944/Round1/Linear/2026-07-06T14_54_46/dlc_trim_info.csv,/media/toor/Seagate3/Mouse944/Round1/Linear/2026-07-06T14_54_46/Linear_Linear2026-07-06T14_54_46.avi,,,True,False
Mouse944,Linear,2026-07-07T14_49_35,2026-07-07,post2026-05,detect,young,/media/toor/Seagate3/Mouse944/Round1/Linear/2026-07-07T14_49_35,/media/toor/Seagate3/Mouse944/RAW_DATA/2026-07-07T14_49_35/Linear2026-07-07T14_49_35.avi,/media/toor/Seagate3/Mouse944/RAW_DATA/2026-07-07T14_49_35/timestamps2026-07-07T14_49_35.csv,True,/media/toor/SeagateClean/Bpod Local/Data/Mouse944/LinearTrack/Session Data/Mouse944_LinearTrack_20260707_145041.mat,1,/media/toor/Seagate3/Mouse944/Round1/Linear/2026-07-07T14_49_35/dlc_trim_info.csv,/media/toor/Seagate3/Mouse944/Round1/Linear/2026-07-07T14_49_35/Linear_Linear2026-07-07T14_49_35.avi,,,True,False
Mouse944,Linear,2026-07-08T13_41_41,2026-07-08,post2026-05,detect,young,/media/toor/Seagate3/Mouse944/Round1/Linear/2026-07-08T13_41_41,/media/toor/Seagate3/Mouse944/RAW_DATA/2026-07-08T13_41_41/Linear2026-07-08T13_41_41.avi,/media/toor/Seagate3/Mouse944/RAW_DATA/2026-07-08T13_41_41/timestamps2026-07-08T13_41_41.csv,True,/media/toor/SeagateClean/Bpod Local/Data/Mouse944/LinearTrack/Session Data/Mouse944_LinearTrack_20260708_134247.mat,1,/media/toor/Seagate3/Mouse944/Round1/Linear/2026-07-08T13_41_41/dlc_trim_info.csv,/media/toor/Seagate3/Mouse944/Round1/Linear/2026-07-08T13_41_41/Linear_Linear2026-07-08T13_41_41.avi,,,True,False
Mouse944,Linear,2026-07-09T13_49_35,2026-07-09,post2026-05,detect,young,/media/toor/Seagate3/Mouse944/Round1/Linear/2026-07-09T13_49_35,/media/toor/Seagate3/Mouse944/RAW_DATA/2026-07-09T13_49_35/Linear2026-07-09T13_49_35.avi,/media/toor/Seagate3/Mouse944/RAW_DATA/2026-07-09T13_49_35/timestamps2026-07-09T13_49_35.csv,True,/media/toor/SeagateClean/Bpod Local/Data/Mouse944/LinearTrack/Session Data/Mouse944_LinearTrack_20260709_135841.mat,2,/media/toor/Seagate3/Mouse944/Round1/Linear/2026-07-09T13_49_35/dlc_trim_info.csv,/media/toor/Seagate3/Mouse944/Round1/Linear/2026-07-09T13_49_35/Linear_Linear2026-07-09T13_49_35.avi,,,True,False
Mouse944,Linear,2026-07-11T14_36_44,2026-07-11,post2026-05,detect,young,/media/toor/Seagate3/Mouse944/Round1/Linear/2026-07-11T14_36_44,/media/toor/Seagate3/Mouse944/RAW_DATA/Linear/2026-07-11T14_36_44/Linear2026-07-11T14_36_44.avi,/media/toor/Seagate3/Mouse944/RAW_DATA/Linear/2026-07-11T14_36_44/timestamps2026-07-11T14_36_44.csv,True,/media/toor/SeagateClean/Bpod Local/Data/Mouse944/LinearTrack/Session Data/Mouse944_LinearTrack_20260711_143358.mat,1,/media/toor/Seagate3/Mouse944/Round1/Linear/2026-07-11T14_36_44/dlc_trim_info.csv,/media/toor/Seagate3/Mouse944/Round1/Linear/2026-07-11T14_36_44/Linear_Linear2026-07-11T14_36_44.avi,,,True,False
Mouse944,Linear,2026-07-12T14_11_18,2026-07-12,post2026-05,detect,young,/media/toor/Seagate3/Mouse944/Round1/Linear/2026-07-12T14_11_18,/media/toor/Seagate3/Mouse944/RAW_DATA/Linear/2026-07-12T14_11_18/Linear2026-07-12T14_11_18.avi,/media/toor/Seagate3/Mouse944/RAW_DATA/Linear/2026-07-12T14_11_18/timestamps2026-07-12T14_11_18.csv,True,/media/toor/SeagateClean/Bpod Local/Data/Mouse944/LinearTrack/Session Data/Mouse944_LinearTrack_20260712_141220.mat,1,/media/toor/Seagate3/Mouse944/Round1/Linear/2026-07-12T14_11_18/dlc_trim_info.csv,/media/toor/Seagate3/Mouse944/Round1/Linear/2026-07-12T14_11_18/Linear_Linear2026-07-12T14_11_18.avi,,,True,False
Mouse944,Linear,2026-07-13T15_55_27,2026-07-13,post2026-05,detect,young,/media/toor/Seagate3/Mouse944/Round1/Linear/2026-07-13T15_55_27,/media/toor/Seagate3/Mouse944/RAW_DATA/Linear/2026-07-13T15_55_27/Linear2026-07-13T15_55_27.avi,/media/toor/Seagate3/Mouse944/RAW_DATA/Linear/2026-07-13T15_55_27/timestamps2026-07-13T15_55_27.csv,True,/media/toor/SeagateClean/Bpod Local/Data/Mouse944/LinearTrack/Session Data/Mouse944_LinearTrack_20260713_160106.mat,1,/media/toor/Seagate3/Mouse944/Round1/Linear/2026-07-13T15_55_27/dlc_trim_info.csv,/media/toor/Seagate3/Mouse944/Round1/Linear/2026-07-13T15_55_27/Linear_Linear2026-07-13T15_55_27.avi,,,True,False
Mouse944,Linear,2026-07-14T14_28_46,2026-07-14,post2026-05,detect,young,/media/toor/Seagate3/Mouse944/Round1/Linear/2026-07-14T14_28_46,/media/toor/Seagate3/Mouse944/RAW_DATA/Linear/2026-07-14T14_28_46/Linear2026-07-14T14_28_46.avi,/media/toor/Seagate3/Mouse944/RAW_DATA/Linear/2026-07-14T14_28_46/timestamps2026-07-14T14_28_46.csv,True,/media/toor/SeagateClean/Bpod Local/Data/Mouse944/LinearTrack/Session Data/Mouse944_LinearTrack_20260714_143352.mat,1,/media/toor/Seagate3/Mouse944/Round1/Linear/2026-07-14T14_28_46/dlc_trim_info.csv,/media/toor/Seagate3/Mouse944/Round1/Linear/2026-07-14T14_28_46/Linear_Linear2026-07-14T14_28_46.avi,,,True,False
Mouse944,Linear,2026-07-15T15_30_22,2026-07-15,post2026-05,detect,young,/media/toor/Seagate3/Mouse944/Round1/Linear/2026-07-15T15_30_22,/media/toor/Seagate3/Mouse944/RAW_DATA/Linear/2026-07-15T15_30_22/Linear2026-07-15T15_30_22.avi,/media/toor/Seagate3/Mouse944/RAW_DATA/Linear/2026-07-15T15_30_22/timestamps2026-07-15T15_30_22.csv,True,/media/toor/SeagateClean/Bpod Local/Data/Mouse944/LinearTrack/Session Data/Mouse944_LinearTrack_20260715_153315.mat,1,/media/toor/Seagate3/Mouse944/Round1/Linear/2026-07-15T15_30_22/dlc_trim_info.csv,/media/toor/Seagate3/Mouse944/Round1/Linear/2026-07-15T15_30_22/Linear_Linear2026-07-15T15_30_22.avi,,,True,False
Mouse944,Linear,2026-07-16T16_44_08,2026-07-16,post2026-05,detect,young,/media/toor/Seagate3/Mouse944/Round1/Linear/awaiting_caiman/2026-07-16T16_44_08,/media/toor/Seagate3/Mouse944/RAW_DATA/Linear/2026-07-16T16_44_08/Linear2026-07-16T16_44_08.avi,/media/toor/Seagate3/Mouse944/RAW_DATA/Linear/2026-07-16T16_44_08/timestamps2026-07-16T16_44_08.csv,True,/media/toor/SeagateClean/Bpod Local/Data/Mouse944/LinearTrack/Session Data/Mouse944_LinearTrack_20260716_164453.mat,1,/media/toor/Seagate3/Mouse944/Round1/Linear/awaiting_caiman/2026-07-16T16_44_08/dlc_trim_info.csv,/media/toor/Seagate3/Mouse944/Round1/Linear/awaiting_caiman/2026-07-16T16_44_08/Linear_Linear2026-07-16T16_44_08.avi,,,True,False
Mouse944,Linear,2026-07-17T15_59_29,2026-07-17,post2026-05,detect,young,/media/toor/Seagate3/Mouse944/Round1/Linear/awaiting_caiman/2026-07-17T15_59_29,/media/toor/Seagate3/Mouse944/RAW_DATA/Linear/2026-07-17T15_59_29/Linear2026-07-17T15_59_29.avi,/media/toor/Seagate3/Mouse944/RAW_DATA/Linear/2026-07-17T15_59_29/timestamps2026-07-17T15_59_29.csv,True,/media/toor/SeagateClean/Bpod Local/Data/Mouse944/LinearTrack/Session Data/Mouse944_LinearTrack_20260717_155943.mat,1,/media/toor/Seagate3/Mouse944/Round1/Linear/awaiting_caiman/2026-07-17T15_59_29/dlc_trim_info.csv,/media/toor/Seagate3/Mouse944/Round1/Linear/awaiting_caiman/2026-07-17T15_59_29/Linear_Linear2026-07-17T15_59_29.avi,,,True,False
Mouse944,Linear,2026-07-18T16_04_01,2026-07-18,post2026-05,detect,young,/media/toor/Seagate3/Mouse944/Round1/Linear/awaiting_caiman/2026-07-18T16_04_01,/media/toor/Seagate3/Mouse944/RAW_DATA/Linear/2026-07-18T16_04_01/Linear2026-07-18T16_04_01.avi,/media/toor/Seagate3/Mouse944/RAW_DATA/Linear/2026-07-18T16_04_01/timestamps2026-07-18T16_04_01.csv,True,/media/toor/SeagateClean/Bpod Local/Data/Mouse944/LinearTrack/Session Data/Mouse944_LinearTrack_20260718_160509.mat,1,/media/toor/Seagate3/Mouse944/Round1/Linear/awaiting_caiman/2026-07-18T16_04_01/dlc_trim_info.csv,/media/toor/Seagate3/Mouse944/Round1/Linear/awaiting_caiman/2026-07-18T16_04_01/Linear_Linear2026-07-18T16_04_01.avi,,,True,False
Mouse944,Linear,2026-07-19T15_29_10,2026-07-19,post2026-05,detect,young,/media/toor/Seagate3/Mouse944/Round1/Linear/awaiting_caiman/2026-07-19T15_29_10,/media/toor/Seagate3/Mouse944/RAW_DATA/Linear/2026-07-19T15_29_10/Linear2026-07-19T15_29_10.avi,/media/toor/Seagate3/Mouse944/RAW_DATA/Linear/2026-07-19T15_29_10/timestamps2026-07-19T15_29_10.csv,True,/media/toor/SeagateClean/Bpod Local/Data/Mouse944/LinearTrack/Session Data/Mouse944_LinearTrack_20260719_153509.mat,1,/media/toor/Seagate3/Mouse944/Round1/Linear/awaiting_caiman/2026-07-19T15_29_10/dlc_trim_info.csv,/media/toor/Seagate3/Mouse944/Round1/Linear/awaiting_caiman/2026-07-19T15_29_10/Linear_Linear2026-07-19T15_29_10.avi,,,True,False
Mouse944,Linear,2026-07-20T15_38_35,2026-07-20,post2026-05,detect,young,/media/toor/Seagate3/Mouse944/Round1/Linear/awaiting_caiman/2026-07-20T15_38_35,/media/toor/Seagate3/Mouse944/RAW_DATA/Linear/2026-07-20T15_38_35/Linear2026-07-20T15_38_35.avi,/media/toor/Seagate3/Mouse944/RAW_DATA/Linear/2026-07-20T15_38_35/timestamps2026-07-20T15_38_35.csv,True,/media/toor/SeagateClean/Bpod Local/Data/Mouse944/LinearTrack/Session Data/Mouse944_LinearTrack_20260720_153823.mat,1,/media/toor/Seagate3/Mouse944/Round1/Linear/awaiting_caiman/2026-07-20T15_38_35/dlc_trim_info.csv,/media/toor/Seagate3/Mouse944/Round1/Linear/awaiting_caiman/2026-07-20T15_38_35/Linear_Linear2026-07-20T15_38_35.avi,,,True,False
Mouse944,Linear,2026-07-21T14_32_10,2026-07-21,post2026-05,detect,young,/media/toor/Seagate3/Mouse944/Round1/Linear/2026-07-21T14_32_10,/media/toor/Seagate3/Mouse944/RAW_DATA/Linear/2026-07-21T14_32_10/Linear2026-07-21T14_32_10.avi,/media/toor/Seagate3/Mouse944/RAW_DATA/Linear/2026-07-21T14_32_10/timestamps2026-07-21T14_32_10.csv,True,/media/toor/SeagateClean/Bpod Local/Data/Mouse944/LinearTrack/Session Data/Mouse944_LinearTrack_20260721_141951.mat,1,/media/toor/Seagate3/Mouse944/Round1/Linear/2026-07-21T14_32_10/dlc_trim_info.csv,/media/toor/Seagate3/Mouse944/Round1/Linear/2026-07-21T14_32_10/Linear_Linear2026-07-21T14_32_10.avi,,,True,False
Mouse944,Linear,2026-07-22T15_40_56,2026-07-22,post2026-05,detect,young,/media/toor/Seagate3/Mouse944/Round1/Linear/awaiting_caiman/2026-07-22T15_40_56,/media/toor/Seagate3/Mouse944/RAW_DATA/Linear/2026-07-22T15_40_56/Linear2026-07-22T15_40_56.avi,/media/toor/Seagate3/Mouse944/RAW_DATA/Linear/2026-07-22T15_40_56/timestamps2026-07-22T15_40_56.csv,True,/media/toor/SeagateClean/Bpod Local/Data/Mouse944/LinearTrack/Session Data/Mouse944_LinearTrack_20260722_153907.mat,1,/media/toor/Seagate3/Mouse944/Round1/Linear/awaiting_caiman/2026-07-22T15_40_56/dlc_trim_info.csv,/media/toor/Seagate3/Mouse944/Round1/Linear/awaiting_caiman/2026-07-22T15_40_56/Linear_Linear2026-07-22T15_40_56.avi,,,True,False
Mouse944,Linear,2026-07-23T16_03_22,2026-07-23,post2026-05,detect,young,/media/toor/Seagate3/Mouse944/Round1/Linear/awaiting_caiman/2026-07-23T16_03_22,/media/toor/Seagate3/Mouse944/RAW_DATA/Linear/2026-07-23T16_03_22/Linear2026-07-23T16_03_22.avi,/media/toor/Seagate3/Mouse944/RAW_DATA/Linear/2026-07-23T16_03_22/timestamps2026-07-23T16_03_22.csv,True,/media/toor/SeagateClean/Bpod Local/Data/Mouse944/LinearTrack/Session Data/Mouse944_LinearTrack_20260723_160315.mat,1,/media/toor/Seagate3/Mouse944/Round1/Linear/awaiting_caiman/2026-07-23T16_03_22/dlc_trim_info.csv,/media/toor/Seagate3/Mouse944/Round1/Linear/awaiting_caiman/2026-07-23T16_03_22/Linear_Linear2026-07-23T16_03_22.avi,,,True,False
Mouse944,Linear,2026-07-24T14_54_48,2026-07-24,post2026-05,detect,young,/media/toor/Seagate3/Mouse944/Round1/Linear/awaiting_caiman/2026-07-24T14_54_48,/media/toor/Seagate3/Mouse944/RAW_DATA/Linear/2026-07-24T14_54_48/Linear2026-07-24T14_54_48.avi,/media/toor/Seagate3/Mouse944/RAW_DATA/Linear/2026-07-24T14_54_48/timestamps2026-07-24T14_54_48.csv,True,/media/toor/SeagateClean/Bpod Local/Data/Mouse944/LinearTrack/Session Data/Mouse944_LinearTrack_20260724_145932.mat,1,/media/toor/Seagate3/Mouse944/Round1/Linear/awaiting_caiman/2026-07-24T14_54_48/dlc_trim_info.csv,/media/toor/Seagate3/Mouse944/Round1/Linear/awaiting_caiman/2026-07-24T14_54_48/Linear_Linear2026-07-24T14_54_48.avi,,,True,False
Mouse944,Linear,2026-07-27T16_31_15,2026-07-27,post2026-05,detect,young,/media/toor/Seagate3/Mouse944/Round1/Linear/2026-07-27T16_31_15,/media/toor/Seagate3/Mouse944/RAW_DATA/Linear/2026-07-27T16_31_15/Linear2026-07-27T16_31_15.avi,/media/toor/Seagate3/Mouse944/RAW_DATA/Linear/2026-07-27T16_31_15/timestamps2026-07-27T16_31_15.csv,True,,0,/media/toor/Seagate3/Mouse944/Round1/Linear/2026-07-27T16_31_15/dlc_trim_info.csv,/media/toor/Seagate3/Mouse944/Round1/Linear/2026-07-27T16_31_15/Linear_Linear2026-07-27T16_31_15.avi,,,True,False
Mouse944,Linear,2026-07-28T15_03_12,2026-07-28,post2026-05,detect,young,/media/toor/Seagate3/Mouse944/Round1/Linear/2026-07-28T15_03_12,/media/toor/Seagate3/Mouse944/RAW_DATA/Linear/2026-07-28T15_03_12/Linear2026-07-28T15_03_12.avi,/media/toor/Seagate3/Mouse944/RAW_DATA/Linear/2026-07-28T15_03_12/timestamps2026-07-28T15_03_12.csv,True,,0,/media/toor/Seagate3/Mouse944/Round1/Linear/2026-07-28T15_03_12/dlc_trim_info.csv,/media/toor/Seagate3/Mouse944/Round1/Linear/2026-07-28T15_03_12/Linear_Linear2026-07-28T15_03_12.avi,,,True,False
Mouse944,Linear,2026-07-29T15_04_01,2026-07-29,post2026-05,detect,young,/media/toor/Seagate3/Mouse944/Round1/Linear/2026-07-29T15_04_01,/media/toor/Seagate3/Mouse944/RAW_DATA/Linear/2026-07-29T15_04_01/Linear2026-07-29T15_04_01.avi,/media/toor/Seagate3/Mouse944/RAW_DATA/Linear/2026-07-29T15_04_01/timestamps2026-07-29T15_04_01.csv,True,,0,/media/toor/Seagate3/Mouse944/Round1/Linear/2026-07-29T15_04_01/dlc_trim_info.csv,/media/toor/Seagate3/Mouse944/Round1/Linear/2026-07-29T15_04_01/Linear_Linear2026-07-29T15_04_01.avi,,,True,False
Mouse944,Linear,2026-07-30T15_26_53,2026-07-30,post2026-05,detect,young,/media/toor/Seagate3/Mouse944/Round1/Linear/2026-07-30T15_26_53,/media/toor/Seagate3/Mouse944/RAW_DATA/Linear/2026-07-30T15_26_53/Linear2026-07-30T15_26_53.avi,/media/toor/Seagate3/Mouse944/RAW_DATA/Linear/2026-07-30T15_26_53/timestamps2026-07-30T15_26_53.csv,True,,0,/media/toor/Seagate3/Mouse944/Round1/Linear/2026-07-30T15_26_53/dlc_trim_info.csv,/media/toor/Seagate3/Mouse944/Round1/Linear/2026-07-30T15_26_53/Linear_Linear2026-07-30T15_26_53.avi,,,True,False
Mouse944,Linear,2026-08-01T16_10_14,2026-08-01,post2026-05,detect,young,/media/toor/Seagate3/Mouse944/Round1/Linear/2026-08-01T16_10_14,/media/toor/Seagate3/Mouse944/RAW_DATA/Linear/2026-08-01T16_10_14/Linear2026-08-01T16_10_14.avi,/media/toor/Seagate3/Mouse944/RAW_DATA/Linear/2026-08-01T16_10_14/timestamps2026-08-01T16_10_14.csv,True,,0,/media/toor/Seagate3/Mouse944/Round1/Linear/2026-08-01T16_10_14/dlc_trim_info.csv,/media/toor/Seagate3/Mouse944/Round1/Linear/2026-08-01T16_10_14/Linear_Linear2026-08-01T16_10_14.avi,,,True,False
Mouse944,Linear,2026-08-01T16_44_29,2026-08-01,post2026-05,detect,young,/media/toor/Seagate3/Mouse944/Round1/Linear/2026-08-01T16_44_29,/media/toor/Seagate3/Mouse944/RAW_DATA/Linear/2026-08-01T16_44_29/Linear2026-08-01T16_44_29.avi,/media/toor/Seagate3/Mouse944/RAW_DATA/Linear/2026-08-01T16_44_29/timestamps2026-08-01T16_44_29.csv,True,,0,/media/toor/Seagate3/Mouse944/Round1/Linear/2026-08-01T16_44_29/dlc_trim_info.csv,/media/toor/Seagate3/Mouse944/Round1/Linear/2026-08-01T16_44_29/Linear_Linear2026-08-01T16_44_29.avi,,,True,False
Mouse944,Linear,2026-08-02T14_20_43,2026-08-02,post2026-05,detect,young,/media/toor/Seagate3/Mouse944/Round1/Linear/2026-08-02T14_20_43,/media/toor/Seagate3/Mouse944/RAW_DATA/Linear/2026-08-02T14_20_43/Linear2026-08-02T14_20_43.avi,/media/toor/Seagate3/Mouse944/RAW_DATA/Linear/2026-08-02T14_20_43/timestamps2026-08-02T14_20_43.csv,True,,0,/media/toor/Seagate3/Mouse944/Round1/Linear/2026-08-02T14_20_43/dlc_trim_info.csv,/media/toor/Seagate3/Mouse944/Round1/Linear/2026-08-02T14_20_43/Linear_Linear2026-08-02T14_20_43.avi,,,True,False
Mouse944,Linear,2026-08-03T14_23_26,2026-08-03,post2026-05,detect,young,/media/toor/Seagate3/Mouse944/Round1/Linear/2026-08-03T14_23_26,/media/toor/Seagate3/Mouse944/RAW_DATA/Linear/2026-08-03T14_23_26/Linear2026-08-03T14_23_26.avi,/media/toor/Seagate3/Mouse944/RAW_DATA/Linear/2026-08-03T14_23_26/timestamps2026-08-03T14_23_26.csv,True,,0,/media/toor/Seagate3/Mouse944/Round1/Linear/2026-08-03T14_23_26/dlc_trim_info.csv,/media/toor/Seagate3/Mouse944/Round1/Linear/2026-08-03T14_23_26/Linear_Linear2026-08-03T14_23_26.avi,,,True,False
Mouse944,Linear,2026-08-04T14_29_36,2026-08-04,post2026-05,detect,young,/media/toor/Seagate3/Mouse944/Round1/Linear/2026-08-04T14_29_36,/media/toor/Seagate3/Mouse944/RAW_DATA/Linear/2026-08-04T14_29_36/Linear2026-08-04T14_29_36.avi,/media/toor/Seagate3/Mouse944/RAW_DATA/Linear/2026-08-04T14_29_36/timestamps2026-08-04T14_29_36.csv,True,,0,/media/toor/Seagate3/Mouse944/Round1/Linear/2026-08-04T14_29_36/dlc_trim_info.csv,/media/toor/Seagate3/Mouse944/Round1/Linear/2026-08-04T14_29_36/Linear_Linear2026-08-04T14_29_36.avi,,,True,False
Mouse944,TMaze,2026-07-16T16_07_50,2026-07-16,post2026-05,align,young,/media/toor/Seagate3/Mouse944/Round1/TMaze/2026-07-16T16_07_50,/media/toor/Seagate3/Mouse944/RAW_DATA/TMaze/2026-07-16T16_07_50/Linear2026-07-16T16_07_50.avi,/media/toor/Seagate3/Mouse944/RAW_DATA/TMaze/2026-07-16T16_07_50/timestamps2026-07-16T16_07_50.csv,True,/media/toor/SeagateClean/Bpod Local/Data/Mouse944/TMaze4/Session Data/Mouse944_TMaze4_20260716_161245.mat,1,/media/toor/Seagate3/Mouse944/Round1/TMaze/2026-07-16T16_07_50/dlc_trim_info.csv,/media/toor/Seagate3/Mouse944/Round1/TMaze/2026-07-16T16_07_50/TMaze_Linear2026-07-16T16_07_50.avi,,,True,False
Mouse944,TMaze,2026-07-17T15_28_26,2026-07-17,post2026-05,align,young,/media/toor/Seagate3/Mouse944/Round1/TMaze/awaiting_caiman/2026-07-17T15_28_26,/media/toor/Seagate3/Mouse944/RAW_DATA/TMaze/2026-07-17T15_28_26/Linear2026-07-17T15_28_26.avi,/media/toor/Seagate3/Mouse944/RAW_DATA/TMaze/2026-07-17T15_28_26/timestamps2026-07-17T15_28_26.csv,True,/media/toor/SeagateClean/Bpod Local/Data/Mouse944/TMaze4/Session Data/Mouse944_TMaze4_20260717_153314.mat,1,/media/toor/Seagate3/Mouse944/Round1/TMaze/awaiting_caiman/2026-07-17T15_28_26/dlc_trim_info.csv,/media/toor/Seagate3/Mouse944/Round1/TMaze/awaiting_caiman/2026-07-17T15_28_26/TMaze_Linear2026-07-17T15_28_26.avi,,,True,False
Mouse944,TMaze,2026-07-18T15_26_34,2026-07-18,post2026-05,align,young,/media/toor/Seagate3/Mouse944/Round1/TMaze/awaiting_caiman/2026-07-18T15_26_34,/media/toor/Seagate3/Mouse944/RAW_DATA/TMaze/2026-07-18T15_26_34/Linear2026-07-18T15_26_34.avi,/media/toor/Seagate3/Mouse944/RAW_DATA/TMaze/2026-07-18T15_26_34/timestamps2026-07-18T15_26_34.csv,True,/media/toor/SeagateClean/Bpod Local/Data/Mouse944/TMaze4/Session Data/Mouse944_TMaze4_20260718_153538.mat,2,/media/toor/Seagate3/Mouse944/Round1/TMaze/awaiting_caiman/2026-07-18T15_26_34/dlc_trim_info.csv,/media/toor/Seagate3/Mouse944/Round1/TMaze/awaiting_caiman/2026-07-18T15_26_34/TMaze_Linear2026-07-18T15_26_34.avi,,,True,False
Mouse944,TMaze,2026-07-19T15_47_49,2026-07-19,post2026-05,align,young,/media/toor/Seagate3/Mouse944/Round1/TMaze/awaiting_caiman/2026-07-19T15_47_49,/media/toor/Seagate3/Mouse944/RAW_DATA/TMaze/2026-07-19T15_47_49/Linear2026-07-19T15_47_49.avi,/media/toor/Seagate3/Mouse944/RAW_DATA/TMaze/2026-07-19T15_47_49/timestamps2026-07-19T15_47_49.csv,True,/media/toor/SeagateClean/Bpod Local/Data/Mouse944/TMaze4/Session Data/Mouse944_TMaze4_20260719_154756.mat,1,/media/toor/Seagate3/Mouse944/Round1/TMaze/awaiting_caiman/2026-07-19T15_47_49/dlc_trim_info.csv,/media/toor/Seagate3/Mouse944/Round1/TMaze/awaiting_caiman/2026-07-19T15_47_49/TMaze_Linear2026-07-19T15_47_49.avi,,,True,False
Mouse944,TMaze,2026-07-20T15_04_44,2026-07-20,post2026-05,align,young,/media/toor/Seagate3/Mouse944/Round1/TMaze/awaiting_caiman/2026-07-20T15_04_44,/media/toor/Seagate3/Mouse944/RAW_DATA/TMaze/2026-07-20T15_04_44/Linear2026-07-20T15_04_44.avi,/media/toor/Seagate3/Mouse944/RAW_DATA/TMaze/2026-07-20T15_04_44/timestamps2026-07-20T15_04_44.csv,True,/media/toor/SeagateClean/Bpod Local/Data/Mouse944/TMaze4/Session Data/Mouse944_TMaze4_20260720_151326.mat,1,/media/toor/Seagate3/Mouse944/Round1/TMaze/awaiting_caiman/2026-07-20T15_04_44/dlc_trim_info.csv,/media/toor/Seagate3/Mouse944/Round1/TMaze/awaiting_caiman/2026-07-20T15_04_44/TMaze_Linear2026-07-20T15_04_44.avi,,,True,False
Mouse944,TMaze,2026-07-21T14_45_20,2026-07-21,post2026-05,align,young,/media/toor/Seagate3/Mouse944/Round1/TMaze/awaiting_caiman/2026-07-21T14_45_20,/media/toor/Seagate3/Mouse944/RAW_DATA/TMaze/2026-07-21T14_45_20/Linear2026-07-21T14_45_20.avi,/media/toor/Seagate3/Mouse944/RAW_DATA/TMaze/2026-07-21T14_45_20/timestamps2026-07-21T14_45_20.csv,True,/media/toor/SeagateClean/Bpod Local/Data/Mouse944/TMaze4/Session Data/Mouse944_TMaze4_20260721_145640.mat,1,/media/toor/Seagate3/Mouse944/Round1/TMaze/awaiting_caiman/2026-07-21T14_45_20/dlc_trim_info.csv,/media/toor/Seagate3/Mouse944/Round1/TMaze/awaiting_caiman/2026-07-21T14_45_20/TMaze_Linear2026-07-21T14_45_20.avi,,,True,False
Mouse944,TMaze,2026-07-22T15_08_41,2026-07-22,post2026-05,align,young,/media/toor/Seagate3/Mouse944/Round1/TMaze/awaiting_caiman/2026-07-22T15_08_41,/media/toor/Seagate3/Mouse944/RAW_DATA/TMaze/2026-07-22T15_08_41/Linear2026-07-22T15_08_41.avi,/media/toor/Seagate3/Mouse944/RAW_DATA/TMaze/2026-07-22T15_08_41/timestamps2026-07-22T15_08_41.csv,True,/media/toor/SeagateClean/Bpod Local/Data/Mouse944/TMaze4/Session Data/Mouse944_TMaze4_20260722_151106.mat,1,/media/toor/Seagate3/Mouse944/Round1/TMaze/awaiting_caiman/2026-07-22T15_08_41/dlc_trim_info.csv,/media/toor/Seagate3/Mouse944/Round1/TMaze/awaiting_caiman/2026-07-22T15_08_41/TMaze_Linear2026-07-22T15_08_41.avi,,,True,False
Mouse944,TMaze,2026-07-23T15_32_40,2026-07-23,post2026-05,align,young,/media/toor/Seagate3/Mouse944/Round1/TMaze/awaiting_caiman/2026-07-23T15_32_40,/media/toor/Seagate3/Mouse944/RAW_DATA/TMaze/2026-07-23T15_32_40/Linear2026-07-23T15_32_40.avi,/media/toor/Seagate3/Mouse944/RAW_DATA/TMaze/2026-07-23T15_32_40/timestamps2026-07-23T15_32_40.csv,True,/media/toor/SeagateClean/Bpod Local/Data/Mouse944/TMaze4/Session Data/Mouse944_TMaze4_20260723_153813.mat,1,/media/toor/Seagate3/Mouse944/Round1/TMaze/awaiting_caiman/2026-07-23T15_32_40/dlc_trim_info.csv,/media/toor/Seagate3/Mouse944/Round1/TMaze/awaiting_caiman/2026-07-23T15_32_40/TMaze_Linear2026-07-23T15_32_40.avi,,,True,False
Mouse944,TMaze,2026-07-24T15_12_44,2026-07-24,post2026-05,align,young,/media/toor/Seagate3/Mouse944/Round1/TMaze/awaiting_caiman/2026-07-24T15_12_44,/media/toor/Seagate3/Mouse944/RAW_DATA/TMaze/2026-07-24T15_12_44/Linear2026-07-24T15_12_44.avi,/media/toor/Seagate3/Mouse944/RAW_DATA/TMaze/2026-07-24T15_12_44/timestamps2026-07-24T15_12_44.csv,True,/media/toor/SeagateClean/Bpod Local/Data/Mouse944/TMaze4/Session Data/Mouse944_TMaze4_20260724_151255.mat,1,/media/toor/Seagate3/Mouse944/Round1/TMaze/awaiting_caiman/2026-07-24T15_12_44/dlc_trim_info.csv,/media/toor/Seagate3/Mouse944/Round1/TMaze/awaiting_caiman/2026-07-24T15_12_44/TMaze_Linear2026-07-24T15_12_44.avi,,,True,False
Mouse944,TMaze,2026-07-27T16_49_49,2026-07-27,post2026-05,align,young,/media/toor/Seagate3/Mouse944/Round1/TMaze/2026-07-27T16_49_49,/media/toor/Seagate3/Mouse944/RAW_DATA/TMaze/2026-07-27T16_49_49/Linear2026-07-27T16_49_49.avi,/media/toor/Seagate3/Mouse944/RAW_DATA/TMaze/2026-07-27T16_49_49/timestamps2026-07-27T16_49_49.csv,True,,0,/media/toor/Seagate3/Mouse944/Round1/TMaze/2026-07-27T16_49_49/dlc_trim_info.csv,/media/toor/Seagate3/Mouse944/Round1/TMaze/2026-07-27T16_49_49/TMaze_Linear2026-07-27T16_49_49.avi,,,False,False
Mouse944,TMaze,2026-07-28T14_19_40,2026-07-28,post2026-05,align,young,/media/toor/Seagate3/Mouse944/Round1/TMaze/2026-07-28T14_19_40,/media/toor/Seagate3/Mouse944/RAW_DATA/TMaze/2026-07-28T14_19_40/Linear2026-07-28T14_19_40.avi,/media/toor/Seagate3/Mouse944/RAW_DATA/TMaze/2026-07-28T14_19_40/timestamps2026-07-28T14_19_40.csv,True,,0,/media/toor/Seagate3/Mouse944/Round1/TMaze/2026-07-28T14_19_40/dlc_trim_info.csv,/media/toor/Seagate3/Mouse944/Round1/TMaze/2026-07-28T14_19_40/TMaze_Linear2026-07-28T14_19_40.avi,,,False,False
Mouse944,TMaze,2026-07-29T15_25_26,2026-07-29,post2026-05,align,young,/media/toor/Seagate3/Mouse944/Round1/TMaze/2026-07-29T15_25_26,/media/toor/Seagate3/Mouse944/RAW_DATA/TMaze/2026-07-29T15_25_26/Linear2026-07-29T15_25_26.avi,/media/toor/Seagate3/Mouse944/RAW_DATA/TMaze/2026-07-29T15_25_26/timestamps2026-07-29T15_25_26.csv,True,,0,/media/toor/Seagate3/Mouse944/Round1/TMaze/2026-07-29T15_25_26/dlc_trim_info.csv,/media/toor/Seagate3/Mouse944/Round1/TMaze/2026-07-29T15_25_26/TMaze_Linear2026-07-29T15_25_26.avi,,,False,False
Mouse944,TMaze,2026-07-30T14_52_20,2026-07-30,post2026-05,align,young,/media/toor/Seagate3/Mouse944/Round1/TMaze/2026-07-30T14_52_20,/media/toor/Seagate3/Mouse944/RAW_DATA/TMaze/2026-07-30T14_52_20/Linear2026-07-30T14_52_20.avi,/media/toor/Seagate3/Mouse944/RAW_DATA/TMaze/2026-07-30T14_52_20/timestamps2026-07-30T14_52_20.csv,True,,0,/media/toor/Seagate3/Mouse944/Round1/TMaze/2026-07-30T14_52_20/dlc_trim_info.csv,/media/toor/Seagate3/Mouse944/Round1/TMaze/2026-07-30T14_52_20/TMaze_Linear2026-07-30T14_52_20.avi,,,False,False
Mouse944,TMaze,2026-08-01T16_16_18,2026-08-01,post2026-05,align,young,/media/toor/Seagate3/Mouse944/Round1/TMaze/2026-08-01T16_16_18,/media/toor/Seagate3/Mouse944/RAW_DATA/TMaze/2026-08-01T16_16_18/Linear2026-08-01T16_16_18.avi,/media/toor/Seagate3/Mouse944/RAW_DATA/TMaze/2026-08-01T16_16_18/timestamps2026-08-01T16_16_18.csv,True,,0,/media/toor/Seagate3/Mouse944/Round1/TMaze/2026-08-01T16_16_18/dlc_trim_info.csv,/media/toor/Seagate3/Mouse944/Round1/TMaze/2026-08-01T16_16_18/TMaze_Linear2026-08-01T16_16_18.avi,,,False,False
Mouse944,TMaze,2026-08-02T14_48_49,2026-08-02,post2026-05,align,young,/media/toor/Seagate3/Mouse944/Round1/TMaze/2026-08-02T14_48_49,/media/toor/Seagate3/Mouse944/RAW_DATA/TMaze/2026-08-02T14_48_49/Linear2026-08-02T14_48_49.avi,/media/toor/Seagate3/Mouse944/RAW_DATA/TMaze/2026-08-02T14_48_49/timestamps2026-08-02T14_48_49.csv,True,,0,/media/toor/Seagate3/Mouse944/Round1/TMaze/2026-08-02T14_48_49/dlc_trim_info.csv,/media/toor/Seagate3/Mouse944/Round1/TMaze/2026-08-02T14_48_49/TMaze_Linear2026-08-02T14_48_49.avi,,,False,False
Mouse944,TMaze,2026-08-03T14_53_43,2026-08-03,post2026-05,align,young,/media/toor/Seagate3/Mouse944/Round1/TMaze/2026-08-03T14_53_43,/media/toor/Seagate3/Mouse944/RAW_DATA/TMaze/2026-08-03T14_53_43/Linear2026-08-03T14_53_43.avi,/media/toor/Seagate3/Mouse944/RAW_DATA/TMaze/2026-08-03T14_53_43/timestamps2026-08-03T14_53_43.csv,True,,0,/media/toor/Seagate3/Mouse944/Round1/TMaze/2026-08-03T14_53_43/dlc_trim_info.csv,/media/toor/Seagate3/Mouse944/Round1/TMaze/2026-08-03T14_53_43/TMaze_Linear2026-08-03T14_53_43.avi,,,False,False
Mouse944,TMaze,2026-08-04T14_59_15,2026-08-04,post2026-05,align,young,/media/toor/Seagate3/Mouse944/Round1/TMaze/2026-08-04T14_59_15,/media/toor/Seagate3/Mouse944/RAW_DATA/TMaze/2026-08-04T14_59_15/Linear2026-08-04T14_59_15.avi,/media/toor/Seagate3/Mouse944/RAW_DATA/TMaze/2026-08-04T14_59_15/timestamps2026-08-04T14_59_15.csv,True,,0,/media/toor/Seagate3/Mouse944/Round1/TMaze/2026-08-04T14_59_15/dlc_trim_info.csv,/media/toor/Seagate3/Mouse944/Round1/TMaze/2026-08-04T14_59_15/TMaze_Linear2026-08-04T14_59_15.avi,,,False,False
Mouse945,Linear,2026-01-21T17_26_52,2026-01-21,pre2026-05,detect,young,/media/toor/Seagate3/YOUNG_MICE/Mouse945/Round1/Linear/2026-01-21T17_26_52,/media/toor/Seagate3/YOUNG_MICE/Mouse945/Linear/concat/2026-01-21T17_26_52/Linear2026-01-21T17_26_52.avi,/media/toor/Seagate3/YOUNG_MICE/Mouse945/Linear/concat/2026-01-21T17_26_52/timestamps2026-01-21T17_26_52.csv,True,/media/toor/SeagateClean/Bpod Local/Data/Mouse945/LinearTrack/Session Data/Mouse945_LinearTrack_20260121_173329.mat,1,/media/toor/Seagate3/YOUNG_MICE/Mouse945/Round1/Linear/2026-01-21T17_26_52/dlc_trim_info.csv,/media/toor/Seagate3/YOUNG_MICE/Mouse945/Round1/Linear/2026-01-21T17_26_52/Linear_Linear2026-01-21T17_26_52.avi,/media/toor/Seagate3/YOUNG_MICE/Mouse945/Round1/Linear/2026-01-21T17_26_52/dlc/2026-01-21_17-26-52_LinearTrack_lineartrack_trials.csv,/media/toor/Seagate3/YOUNG_MICE/Mouse945/Round1/Linear/2026-01-21T17_26_52/dlc/2026-01-21_17-26-52_LinearTrack_linearized_binned_trials_70nbins.csv,True,True
Mouse945,Linear,2026-01-22T16_13_55,2026-01-22,pre2026-05,detect,young,/media/toor/Seagate3/YOUNG_MICE/Mouse945/Round1/Linear/2026-01-22T16_13_55,/media/toor/Seagate3/YOUNG_MICE/Mouse945/Linear/concat/2026-01-22T16_13_55/Linear2026-01-22T16_13_55.avi,/media/toor/Seagate3/YOUNG_MICE/Mouse945/Linear/concat/2026-01-22T16_13_55/timestamps2026-01-22T16_13_55.csv,True,/media/toor/SeagateClean/Bpod Local/Data/Mouse945/LinearTrack/Session Data/Mouse945_LinearTrack_20260122_161507.mat,2,/media/toor/Seagate3/YOUNG_MICE/Mouse945/Round1/Linear/2026-01-22T16_13_55/dlc_trim_info.csv,/media/toor/Seagate3/YOUNG_MICE/Mouse945/Round1/Linear/2026-01-22T16_13_55/Linear_Linear2026-01-22T16_13_55.avi,/media/toor/Seagate3/YOUNG_MICE/Mouse945/Round1/Linear/2026-01-22T16_13_55/dlc/2026-01-22_16-13-55_LinearTrack_lineartrack_trials.csv,/media/toor/Seagate3/YOUNG_MICE/Mouse945/Round1/Linear/2026-01-22T16_13_55/dlc/2026-01-22_16-13-55_LinearTrack_linearized_binned_trials_70nbins.csv,True,True
Mouse945,Linear,2026-01-23T16_11_57,2026-01-23,pre2026-05,detect,young,/media/toor/Seagate3/YOUNG_MICE/Mouse945/Round1/Linear/2026-01-23T16_11_57,/media/toor/Seagate3/YOUNG_MICE/Mouse945/Linear/concat/2026-01-23T16_11_57/Linear2026-01-23T16_11_57.avi,/media/toor/Seagate3/YOUNG_MICE/Mouse945/Linear/concat/2026-01-23T16_11_57/timestamps2026-01-23T16_11_57.csv,True,/media/toor/SeagateClean/Bpod Local/Data/Mouse945/LinearTrack/Session Data/Mouse945_LinearTrack_20260123_161949.mat,1,/media/toor/Seagate3/YOUNG_MICE/Mouse945/Round1/Linear/2026-01-23T16_11_57/dlc_trim_info.csv,/media/toor/Seagate3/YOUNG_MICE/Mouse945/Round1/Linear/2026-01-23T16_11_57/Linear_Linear2026-01-23T16_11_57.avi,/media/toor/Seagate3/YOUNG_MICE/Mouse945/Round1/Linear/2026-01-23T16_11_57/dlc/2026-01-23_16-11-57_LinearTrack_lineartrack_trials.csv,/media/toor/Seagate3/YOUNG_MICE/Mouse945/Round1/Linear/2026-01-23T16_11_57/dlc/2026-01-23_16-11-57_LinearTrack_linearized_binned_trials_70nbins.csv,True,True
Mouse945,Linear,2026-01-24T16_07_58,2026-01-24,pre2026-05,detect,young,/media/toor/Seagate3/YOUNG_MICE/Mouse945/Round1/Linear/2026-01-24T16_07_58,/media/toor/Seagate3/YOUNG_MICE/Mouse945/Linear/concat/2026-01-24T16_07_58/Linear2026-01-24T16_07_58.avi,/media/toor/Seagate3/YOUNG_MICE/Mouse945/Linear/concat/2026-01-24T16_07_58/timestamps2026-01-24T16_07_58.csv,True,/media/toor/SeagateClean/Bpod Local/Data/Mouse945/LinearTrack/Session Data/Mouse945_LinearTrack_20260124_160904.mat,1,/media/toor/Seagate3/YOUNG_MICE/Mouse945/Round1/Linear/2026-01-24T16_07_58/dlc_trim_info.csv,/media/toor/Seagate3/YOUNG_MICE/Mouse945/Round1/Linear/2026-01-24T16_07_58/Linear_Linear2026-01-24T16_07_58.avi,/media/toor/Seagate3/YOUNG_MICE/Mouse945/Round1/Linear/2026-01-24T16_07_58/dlc/2026-01-24_16-07-58_LinearTrack_lineartrack_trials.csv,/media/toor/Seagate3/YOUNG_MICE/Mouse945/Round1/Linear/2026-01-24T16_07_58/dlc/2026-01-24_16-07-58_LinearTrack_linearized_binned_trials_70nbins.csv,True,True
Mouse945,Linear,2026-01-25T16_38_57,2026-01-25,pre2026-05,detect,young,/media/toor/Seagate3/YOUNG_MICE/Mouse945/Round1/Linear/2026-01-25T16_38_57,/media/toor/Seagate3/YOUNG_MICE/Mouse945/Linear/concat/2026-01-25T16_38_57/Linear2026-01-25T16_38_57.avi,/media/toor/Seagate3/YOUNG_MICE/Mouse945/Linear/concat/2026-01-25T16_38_57/timestamps2026-01-25T16_38_57.csv,True,/media/toor/SeagateClean/Bpod Local/Data/Mouse945/LinearTrack/Session Data/Mouse945_LinearTrack_20260125_164428.mat,1,/media/toor/Seagate3/YOUNG_MICE/Mouse945/Round1/Linear/2026-01-25T16_38_57/dlc_trim_info.csv,/media/toor/Seagate3/YOUNG_MICE/Mouse945/Round1/Linear/2026-01-25T16_38_57/Linear_Linear2026-01-25T16_38_57.avi,/media/toor/Seagate3/YOUNG_MICE/Mouse945/Round1/Linear/2026-01-25T16_38_57/dlc/2026-01-25_16-38-57_LinearTrack_lineartrack_trials.csv,/media/toor/Seagate3/YOUNG_MICE/Mouse945/Round1/Linear/2026-01-25T16_38_57/dlc/2026-01-25_16-38-57_LinearTrack_linearized_binned_trials_70nbins.csv,True,True
Mouse945,Linear,2026-01-26T17_01_36,2026-01-26,pre2026-05,detect,young,/media/toor/Seagate3/YOUNG_MICE/Mouse945/Round1/Linear/2026-01-26T17_01_36,/media/toor/Seagate3/YOUNG_MICE/Mouse945/Linear/concat/2026-01-26T17_01_36/Linear2026-01-26T17_01_36.avi,/media/toor/Seagate3/YOUNG_MICE/Mouse945/Linear/concat/2026-01-26T17_01_36/timestamps2026-01-26T17_01_36.csv,True,/media/toor/SeagateClean/Bpod Local/Data/Mouse945/LinearTrack/Session Data/Mouse945_LinearTrack_20260126_170718.mat,1,/media/toor/Seagate3/YOUNG_MICE/Mouse945/Round1/Linear/2026-01-26T17_01_36/dlc_trim_info.csv,/media/toor/Seagate3/YOUNG_MICE/Mouse945/Round1/Linear/2026-01-26T17_01_36/Linear_Linear2026-01-26T17_01_36.avi,/media/toor/Seagate3/YOUNG_MICE/Mouse945/Round1/Linear/2026-01-26T17_01_36/dlc/2026-01-26_17-01-36_LinearTrack_lineartrack_trials.csv,/media/toor/Seagate3/YOUNG_MICE/Mouse945/Round1/Linear/2026-01-26T17_01_36/dlc/2026-01-26_17-01-36_LinearTrack_linearized_binned_trials_70nbins.csv,True,True
Mouse945,Linear,2026-01-27T16_42_53,2026-01-27,pre2026-05,detect,young,/media/toor/Seagate3/YOUNG_MICE/Mouse945/Round1/Linear/2026-01-27T16_42_53,/media/toor/Seagate3/YOUNG_MICE/Mouse945/Linear/concat/2026-01-27T16_42_53/Linear2026-01-27T16_42_53.avi,/media/toor/Seagate3/YOUNG_MICE/Mouse945/Linear/concat/2026-01-27T16_42_53/timestamps2026-01-27T16_42_53.csv,True,/media/toor/SeagateClean/Bpod Local/Data/Mouse945/LinearTrack/Session Data/Mouse945_LinearTrack_20260127_164412.mat,1,/media/toor/Seagate3/YOUNG_MICE/Mouse945/Round1/Linear/2026-01-27T16_42_53/dlc_trim_info.csv,/media/toor/Seagate3/YOUNG_MICE/Mouse945/Round1/Linear/2026-01-27T16_42_53/Linear_Linear2026-01-27T16_42_53.avi,/media/toor/Seagate3/YOUNG_MICE/Mouse945/Round1/Linear/2026-01-27T16_42_53/dlc/2026-01-27_16-42-53_LinearTrack_lineartrack_trials.csv,/media/toor/Seagate3/YOUNG_MICE/Mouse945/Round1/Linear/2026-01-27T16_42_53/dlc/2026-01-27_16-42-53_LinearTrack_linearized_binned_trials_70nbins.csv,True,True
Mouse945,Linear,2026-01-28T16_39_36,2026-01-28,pre2026-05,detect,young,/media/toor/Seagate3/YOUNG_MICE/Mouse945/Round1/Linear/2026-01-28T16_39_36,/media/toor/Seagate3/YOUNG_MICE/Mouse945/Linear/concat/2026-01-28T16_39_36/Linear2026-01-28T16_39_36.avi,/media/toor/Seagate3/YOUNG_MICE/Mouse945/Linear/concat/2026-01-28T16_39_36/timestamps2026-01-28T16_39_36.csv,True,/media/toor/SeagateClean/Bpod Local/Data/Mouse945/LinearTrack/Session Data/Mouse945_LinearTrack_20260128_164848.mat,1,/media/toor/Seagate3/YOUNG_MICE/Mouse945/Round1/Linear/2026-01-28T16_39_36/dlc_trim_info.csv,/media/toor/Seagate3/YOUNG_MICE/Mouse945/Round1/Linear/2026-01-28T16_39_36/Linear_Linear2026-01-28T16_39_36.avi,/media/toor/Seagate3/YOUNG_MICE/Mouse945/Round1/Linear/2026-01-28T16_39_36/dlc/2026-01-28_16-39-36_LinearTrack_lineartrack_trials.csv,/media/toor/Seagate3/YOUNG_MICE/Mouse945/Round1/Linear/2026-01-28T16_39_36/dlc/2026-01-28_16-39-36_LinearTrack_linearized_binned_trials_70nbins.csv,True,True
Mouse945,Linear,2026-01-29T16_27_50,2026-01-29,pre2026-05,detect,young,/media/toor/Seagate3/YOUNG_MICE/Mouse945/Round1/Linear/2026-01-29T16_27_50,/media/toor/Seagate3/YOUNG_MICE/Mouse945/Linear/concat/2026-01-29T16_27_50/Linear2026-01-29T16_27_50.avi,/media/toor/Seagate3/YOUNG_MICE/Mouse945/Linear/concat/2026-01-29T16_27_50/timestamps2026-01-29T16_27_50.csv,True,/media/toor/SeagateClean/Bpod Local/Data/Mouse945/LinearTrack/Session Data/Mouse945_LinearTrack_20260129_163403.mat,1,/media/toor/Seagate3/YOUNG_MICE/Mouse945/Round1/Linear/2026-01-29T16_27_50/dlc_trim_info.csv,/media/toor/Seagate3/YOUNG_MICE/Mouse945/Round1/Linear/2026-01-29T16_27_50/Linear_Linear2026-01-29T16_27_50.avi,/media/toor/Seagate3/YOUNG_MICE/Mouse945/Round1/Linear/2026-01-29T16_27_50/dlc/2026-01-29_16-27-50_LinearTrack_lineartrack_trials.csv,/media/toor/Seagate3/YOUNG_MICE/Mouse945/Round1/Linear/2026-01-29T16_27_50/dlc/2026-01-29_16-27-50_LinearTrack_linearized_binned_trials_70nbins.csv,True,True
Mouse945,Linear,2026-01-30T17_14_09,2026-01-30,pre2026-05,detect,young,/media/toor/Seagate3/YOUNG_MICE/Mouse945/Round1/Linear/2026-01-30T17_14_09,/media/toor/Seagate3/YOUNG_MICE/Mouse945/Linear/concat/2026-01-30T17_14_09/Linear2026-01-30T17_14_09.avi,/media/toor/Seagate3/YOUNG_MICE/Mouse945/Linear/concat/2026-01-30T17_14_09/timestamps2026-01-30T17_14_09.csv,True,/media/toor/SeagateClean/Bpod Local/Data/Mouse945/LinearTrack/Session Data/Mouse945_LinearTrack_20260130_172007.mat,1,/media/toor/Seagate3/YOUNG_MICE/Mouse945/Round1/Linear/2026-01-30T17_14_09/dlc_trim_info.csv,/media/toor/Seagate3/YOUNG_MICE/Mouse945/Round1/Linear/2026-01-30T17_14_09/Linear_Linear2026-01-30T17_14_09.avi,/media/toor/Seagate3/YOUNG_MICE/Mouse945/Round1/Linear/2026-01-30T17_14_09/dlc/2026-01-30_17-14-09_LinearTrack_lineartrack_trials.csv,/media/toor/Seagate3/YOUNG_MICE/Mouse945/Round1/Linear/2026-01-30T17_14_09/dlc/2026-01-30_17-14-09_LinearTrack_linearized_binned_trials_70nbins.csv,True,True
Mouse945,Linear,2026-01-31T14_48_26,2026-01-31,pre2026-05,detect,young,/media/toor/Seagate3/YOUNG_MICE/Mouse945/Round1/Linear/2026-01-31T14_48_26,/media/toor/Seagate3/YOUNG_MICE/Mouse945/Linear/concat/2026-01-31T14_48_26/Linear2026-01-31T14_48_26.avi,/media/toor/Seagate3/YOUNG_MICE/Mouse945/Linear/concat/2026-01-31T14_48_26/timestamps2026-01-31T14_48_26.csv,True,/media/toor/SeagateClean/Bpod Local/Data/Mouse945/LinearTrack/Session Data/Mouse945_LinearTrack_20260131_145426.mat,1,/media/toor/Seagate3/YOUNG_MICE/Mouse945/Round1/Linear/2026-01-31T14_48_26/dlc_trim_info.csv,/media/toor/Seagate3/YOUNG_MICE/Mouse945/Round1/Linear/2026-01-31T14_48_26/Linear_Linear2026-01-31T14_48_26.avi,/media/toor/Seagate3/YOUNG_MICE/Mouse945/Round1/Linear/2026-01-31T14_48_26/dlc/2026-01-31_14-48-26_LinearTrack_lineartrack_trials.csv,/media/toor/Seagate3/YOUNG_MICE/Mouse945/Round1/Linear/2026-01-31T14_48_26/dlc/2026-01-31_14-48-26_LinearTrack_linearized_binned_trials_70nbins.csv,True,True
Mouse945,Linear,2026-02-01T16_25_53,2026-02-01,pre2026-05,detect,young,/media/toor/Seagate3/YOUNG_MICE/Mouse945/Round1/Linear/2026-02-01T16_25_53,/media/toor/Seagate3/YOUNG_MICE/Mouse945/Linear/concat/2026-02-01T16_25_53/Linear2026-02-01T16_25_53.avi,/media/toor/Seagate3/YOUNG_MICE/Mouse945/Linear/concat/2026-02-01T16_25_53/timestamps2026-02-01T16_25_53.csv,True,/media/toor/SeagateClean/Bpod Local/Data/Mouse945/LinearTrack/Session Data/Mouse945_LinearTrack_20260201_162258.mat,1,/media/toor/Seagate3/YOUNG_MICE/Mouse945/Round1/Linear/2026-02-01T16_25_53/dlc_trim_info.csv,/media/toor/Seagate3/YOUNG_MICE/Mouse945/Round1/Linear/2026-02-01T16_25_53/Linear_Linear2026-02-01T16_25_53.avi,/media/toor/Seagate3/YOUNG_MICE/Mouse945/Round1/Linear/2026-02-01T16_25_53/dlc/2026-02-01_16-25-53_LinearTrack_lineartrack_trials.csv,/media/toor/Seagate3/YOUNG_MICE/Mouse945/Round1/Linear/2026-02-01T16_25_53/dlc/2026-02-01_16-25-53_LinearTrack_linearized_binned_trials_70nbins.csv,True,True
Mouse945,Linear,2026-02-02T16_03_36,2026-02-02,pre2026-05,detect,young,/media/toor/Seagate3/YOUNG_MICE/Mouse945/Round1/Linear/2026-02-02T16_03_36,/media/toor/Seagate3/YOUNG_MICE/Mouse945/Linear/concat/2026-02-02T16_03_36/Linear2026-02-02T16_03_36.avi,/media/toor/Seagate3/YOUNG_MICE/Mouse945/Linear/concat/2026-02-02T16_03_36/timestamps2026-02-02T16_03_36.csv,True,/media/toor/SeagateClean/Bpod Local/Data/Mouse945/LinearTrack/Session Data/Mouse945_LinearTrack_20260202_161101.mat,1,/media/toor/Seagate3/YOUNG_MICE/Mouse945/Round1/Linear/2026-02-02T16_03_36/dlc_trim_info.csv,/media/toor/Seagate3/YOUNG_MICE/Mouse945/Round1/Linear/2026-02-02T16_03_36/Linear_Linear2026-02-02T16_03_36.avi,/media/toor/Seagate3/YOUNG_MICE/Mouse945/Round1/Linear/2026-02-02T16_03_36/dlc/2026-02-02_16-03-36_LinearTrack_lineartrack_trials.csv,/media/toor/Seagate3/YOUNG_MICE/Mouse945/Round1/Linear/2026-02-02T16_03_36/dlc/2026-02-02_16-03-36_LinearTrack_linearized_binned_trials_70nbins.csv,True,True
Mouse945,Linear,2026-02-03T16_44_19,2026-02-03,pre2026-05,detect,young,/media/toor/Seagate3/YOUNG_MICE/Mouse945/Round1/Linear/2026-02-03T16_44_19,/media/toor/Seagate3/YOUNG_MICE/Mouse945/Linear/concat/2026-02-03T16_44_19/Linear2026-02-03T16_44_19.avi,/media/toor/Seagate3/YOUNG_MICE/Mouse945/Linear/concat/2026-02-03T16_44_19/timestamps2026-02-03T16_44_19.csv,True,/media/toor/SeagateClean/Bpod Local/Data/Mouse945/LinearTrack/Session Data/Mouse945_LinearTrack_20260203_165013.mat,1,/media/toor/Seagate3/YOUNG_MICE/Mouse945/Round1/Linear/2026-02-03T16_44_19/dlc_trim_info.csv,/media/toor/Seagate3/YOUNG_MICE/Mouse945/Round1/Linear/2026-02-03T16_44_19/Linear_Linear2026-02-03T16_44_19.avi,/media/toor/Seagate3/YOUNG_MICE/Mouse945/Round1/Linear/2026-02-03T16_44_19/dlc/2026-02-03_16-44-19_LinearTrack_lineartrack_trials.csv,/media/toor/Seagate3/YOUNG_MICE/Mouse945/Round1/Linear/2026-02-03T16_44_19/dlc/2026-02-03_16-44-19_LinearTrack_linearized_binned_trials_70nbins.csv,True,True
Mouse945,Linear,2026-02-04T16_20_45,2026-02-04,pre2026-05,detect,young,/media/toor/Seagate3/YOUNG_MICE/Mouse945/Round1/Linear/2026-02-04T16_20_45,/media/toor/Seagate3/YOUNG_MICE/Mouse945/Linear/concat/2026-02-04T16_20_45/Linear2026-02-04T16_20_45.avi,/media/toor/Seagate3/YOUNG_MICE/Mouse945/Linear/concat/2026-02-04T16_20_45/timestamps2026-02-04T16_20_45.csv,True,/media/toor/SeagateClean/Bpod Local/Data/Mouse945/LinearTrack/Session Data/Mouse945_LinearTrack_20260204_162607.mat,1,/media/toor/Seagate3/YOUNG_MICE/Mouse945/Round1/Linear/2026-02-04T16_20_45/dlc_trim_info.csv,/media/toor/Seagate3/YOUNG_MICE/Mouse945/Round1/Linear/2026-02-04T16_20_45/Linear_Linear2026-02-04T16_20_45.avi,/media/toor/Seagate3/YOUNG_MICE/Mouse945/Round1/Linear/2026-02-04T16_20_45/dlc/2026-02-04_16-20-45_LinearTrack_lineartrack_trials.csv,/media/toor/Seagate3/YOUNG_MICE/Mouse945/Round1/Linear/2026-02-04T16_20_45/dlc/2026-02-04_16-20-45_LinearTrack_linearized_binned_trials_70nbins.csv,True,True
Mouse945,Linear,2026-02-05T16_24_37,2026-02-05,pre2026-05,detect,young,/media/toor/Seagate3/YOUNG_MICE/Mouse945/Round1/Linear/2026-02-05T16_24_37,/media/toor/Seagate3/YOUNG_MICE/Mouse945/Linear/concat/2026-02-05T16_24_37/Linear2026-02-05T16_24_37.avi,/media/toor/Seagate3/YOUNG_MICE/Mouse945/Linear/concat/2026-02-05T16_24_37/timestamps2026-02-05T16_24_37.csv,True,/media/toor/SeagateClean/Bpod Local/Data/Mouse945/LinearTrack/Session Data/Mouse945_LinearTrack_20260205_163042.mat,1,/media/toor/Seagate3/YOUNG_MICE/Mouse945/Round1/Linear/2026-02-05T16_24_37/dlc_trim_info.csv,/media/toor/Seagate3/YOUNG_MICE/Mouse945/Round1/Linear/2026-02-05T16_24_37/Linear_Linear2026-02-05T16_24_37.avi,/media/toor/Seagate3/YOUNG_MICE/Mouse945/Round1/Linear/2026-02-05T16_24_37/dlc/2026-02-05_16-24-37_LinearTrack_lineartrack_trials.csv,/media/toor/Seagate3/YOUNG_MICE/Mouse945/Round1/Linear/2026-02-05T16_24_37/dlc/2026-02-05_16-24-37_LinearTrack_linearized_binned_trials_70nbins.csv,True,True
Mouse945,Linear,2026-02-06T16_33_46,2026-02-06,pre2026-05,detect,young,/media/toor/Seagate3/YOUNG_MICE/Mouse945/Round1/Linear/2026-02-06T16_33_46,/media/toor/Seagate3/YOUNG_MICE/Mouse945/Linear/concat/2026-02-06T16_33_46/Linear2026-02-06T16_33_46.avi,/media/toor/Seagate3/YOUNG_MICE/Mouse945/Linear/concat/2026-02-06T16_33_46/timestamps2026-02-06T16_33_46.csv,True,/media/toor/SeagateClean/Bpod Local/Data/Mouse945/LinearTrack/Session Data/Mouse945_LinearTrack_20260206_164007.mat,1,/media/toor/Seagate3/YOUNG_MICE/Mouse945/Round1/Linear/2026-02-06T16_33_46/dlc_trim_info.csv,/media/toor/Seagate3/YOUNG_MICE/Mouse945/Round1/Linear/2026-02-06T16_33_46/Linear_Linear2026-02-06T16_33_46.avi,/media/toor/Seagate3/YOUNG_MICE/Mouse945/Round1/Linear/2026-02-06T16_33_46/dlc/2026-02-06_16-33-46_LinearTrack_lineartrack_trials.csv,/media/toor/Seagate3/YOUNG_MICE/Mouse945/Round1/Linear/2026-02-06T16_33_46/dlc/2026-02-06_16-33-46_LinearTrack_linearized_binned_trials_70nbins.csv,True,True
Mouse945,Linear,2026-02-07T17_05_17,2026-02-07,pre2026-05,detect,young,/media/toor/Seagate3/YOUNG_MICE/Mouse945/Round1/Linear/2026-02-07T17_05_17,/media/toor/Seagate3/YOUNG_MICE/Mouse945/Linear/concat/2026-02-07T17_05_17/Linear2026-02-07T17_05_17.avi,/media/toor/Seagate3/YOUNG_MICE/Mouse945/Linear/concat/2026-02-07T17_05_17/timestamps2026-02-07T17_05_17.csv,True,/media/toor/SeagateClean/Bpod Local/Data/Mouse945/LinearTrack/Session Data/Mouse945_LinearTrack_20260207_171342.mat,1,/media/toor/Seagate3/YOUNG_MICE/Mouse945/Round1/Linear/2026-02-07T17_05_17/dlc_trim_info.csv,/media/toor/Seagate3/YOUNG_MICE/Mouse945/Round1/Linear/2026-02-07T17_05_17/Linear_Linear2026-02-07T17_05_17.avi,/media/toor/Seagate3/YOUNG_MICE/Mouse945/Round1/Linear/2026-02-07T17_05_17/dlc/2026-02-07_17-05-17_LinearTrack_lineartrack_trials.csv,/media/toor/Seagate3/YOUNG_MICE/Mouse945/Round1/Linear/2026-02-07T17_05_17/dlc/2026-02-07_17-05-17_LinearTrack_linearized_binned_trials_70nbins.csv,True,True
Mouse945,Linear,2026-02-08T15_42_05,2026-02-08,pre2026-05,detect,young,/media/toor/Seagate3/YOUNG_MICE/Mouse945/Round1/Linear/2026-02-08T15_42_05,/media/toor/Seagate3/YOUNG_MICE/Mouse945/Linear/concat/2026-02-08T15_42_05/Linear2026-02-08T15_42_05.avi,/media/toor/Seagate3/YOUNG_MICE/Mouse945/Linear/concat/2026-02-08T15_42_05/timestamps2026-02-08T15_42_05.csv,True,/media/toor/SeagateClean/Bpod Local/Data/Mouse945/LinearTrack/Session Data/Mouse945_LinearTrack_20260208_154751.mat,1,/media/toor/Seagate3/YOUNG_MICE/Mouse945/Round1/Linear/2026-02-08T15_42_05/dlc_trim_info.csv,/media/toor/Seagate3/YOUNG_MICE/Mouse945/Round1/Linear/2026-02-08T15_42_05/Linear_Linear2026-02-08T15_42_05.avi,/media/toor/Seagate3/YOUNG_MICE/Mouse945/Round1/Linear/2026-02-08T15_42_05/dlc/2026-02-08_15-42-05_LinearTrack_lineartrack_trials.csv,/media/toor/Seagate3/YOUNG_MICE/Mouse945/Round1/Linear/2026-02-08T15_42_05/dlc/2026-02-08_15-42-05_LinearTrack_linearized_binned_trials_70nbins.csv,True,True
Mouse945,Linear,2026-02-09T17_05_16,2026-02-09,pre2026-05,detect,young,/media/toor/Seagate3/YOUNG_MICE/Mouse945/Round1/Linear/2026-02-09T17_05_16,/media/toor/Seagate3/YOUNG_MICE/Mouse945/Linear/concat/2026-02-09T17_05_16/Linear2026-02-09T17_05_16.avi,/media/toor/Seagate3/YOUNG_MICE/Mouse945/Linear/concat/2026-02-09T17_05_16/timestamps2026-02-09T17_05_16.csv,True,/media/toor/SeagateClean/Bpod Local/Data/Mouse945/LinearTrack/Session Data/Mouse945_LinearTrack_20260209_171114.mat,1,/media/toor/Seagate3/YOUNG_MICE/Mouse945/Round1/Linear/2026-02-09T17_05_16/dlc_trim_info.csv,/media/toor/Seagate3/YOUNG_MICE/Mouse945/Round1/Linear/2026-02-09T17_05_16/Linear_Linear2026-02-09T17_05_16.avi,/media/toor/Seagate3/YOUNG_MICE/Mouse945/Round1/Linear/2026-02-09T17_05_16/dlc/2026-02-09_17-05-16_LinearTrack_lineartrack_trials.csv,/media/toor/Seagate3/YOUNG_MICE/Mouse945/Round1/Linear/2026-02-09T17_05_16/dlc/2026-02-09_17-05-16_LinearTrack_linearized_binned_trials_70nbins.csv,True,True
Mouse945,Linear,2026-02-10T17_37_18,2026-02-10,pre2026-05,detect,young,/media/toor/Seagate3/YOUNG_MICE/Mouse945/Round1.5/Linear/2026-02-10T17_37_18,/media/toor/Seagate3/YOUNG_MICE/Mouse945/Linear/concat/2026-02-10T17_37_18/Linear2026-02-10T17_37_18.avi,/media/toor/Seagate3/YOUNG_MICE/Mouse945/Linear/concat/2026-02-10T17_37_18/timestamps2026-02-10T17_37_18.csv,True,/media/toor/SeagateClean/Bpod Local/Data/Mouse945/LinearTrack/Session Data/Mouse945_LinearTrack_20260210_173620.mat,1,/media/toor/Seagate3/YOUNG_MICE/Mouse945/Round1.5/Linear/2026-02-10T17_37_18/dlc_trim_info.csv,/media/toor/Seagate3/YOUNG_MICE/Mouse945/Round1.5/Linear/2026-02-10T17_37_18/Linear_Linear2026-02-10T17_37_18.avi,/media/toor/Seagate3/YOUNG_MICE/Mouse945/Round1.5/Linear/2026-02-10T17_37_18/dlc/2026-02-10_17-37-18_LinearTrack_lineartrack_trials.csv,/media/toor/Seagate3/YOUNG_MICE/Mouse945/Round1.5/Linear/2026-02-10T17_37_18/dlc/2026-02-10_17-37-18_LinearTrack_linearized_binned_trials_70nbins.csv,True,True
Mouse945,Linear,2026-02-11T17_12_38,2026-02-11,pre2026-05,detect,young,/media/toor/Seagate3/YOUNG_MICE/Mouse945/Round1.5/Linear/2026-02-11T17_12_38,/media/toor/Seagate3/YOUNG_MICE/Mouse945/Linear/concat/2026-02-11T17_12_38/Linear2026-02-11T17_12_38.avi,/media/toor/Seagate3/YOUNG_MICE/Mouse945/Linear/concat/2026-02-11T17_12_38/timestamps2026-02-11T17_12_38.csv,True,/media/toor/SeagateClean/Bpod Local/Data/Mouse945/LinearTrack/Session Data/Mouse945_LinearTrack_20260211_171211.mat,1,/media/toor/Seagate3/YOUNG_MICE/Mouse945/Round1.5/Linear/2026-02-11T17_12_38/dlc_trim_info.csv,/media/toor/Seagate3/YOUNG_MICE/Mouse945/Round1.5/Linear/2026-02-11T17_12_38/Linear_Linear2026-02-11T17_12_38.avi,/media/toor/Seagate3/YOUNG_MICE/Mouse945/Round1.5/Linear/2026-02-11T17_12_38/dlc/2026-02-11_17-12-38_LinearTrack_lineartrack_trials.csv,/media/toor/Seagate3/YOUNG_MICE/Mouse945/Round1.5/Linear/2026-02-11T17_12_38/dlc/2026-02-11_17-12-38_LinearTrack_linearized_binned_trials_70nbins.csv,True,True
Mouse945,Linear,2026-02-12T16_55_14,2026-02-12,pre2026-05,detect,young,/media/toor/Seagate3/YOUNG_MICE/Mouse945/Round1.5/Linear/2026-02-12T16_55_14,/media/toor/Seagate3/YOUNG_MICE/Mouse945/Linear/concat/2026-02-12T16_55_14/Linear2026-02-12T16_55_14.avi,/media/toor/Seagate3/YOUNG_MICE/Mouse945/Linear/concat/2026-02-12T16_55_14/timestamps2026-02-12T16_55_14.csv,True,/media/toor/SeagateClean/Bpod Local/Data/Mouse945/LinearTrack/Session Data/Mouse945_LinearTrack_20260212_165523.mat,1,/media/toor/Seagate3/YOUNG_MICE/Mouse945/Round1.5/Linear/2026-02-12T16_55_14/dlc_trim_info.csv,/media/toor/Seagate3/YOUNG_MICE/Mouse945/Round1.5/Linear/2026-02-12T16_55_14/Linear_Linear2026-02-12T16_55_14.avi,/media/toor/Seagate3/YOUNG_MICE/Mouse945/Round1.5/Linear/2026-02-12T16_55_14/dlc/2026-02-12_16-55-14_LinearTrack_lineartrack_trials.csv,/media/toor/Seagate3/YOUNG_MICE/Mouse945/Round1.5/Linear/2026-02-12T16_55_14/dlc/2026-02-12_16-55-14_LinearTrack_linearized_binned_trials_70nbins.csv,True,True
Mouse945,Linear,2026-02-13T17_36_20,2026-02-13,pre2026-05,detect,young,/media/toor/Seagate3/YOUNG_MICE/Mouse945/Round1.5/Linear/2026-02-13T17_36_20,/media/toor/Seagate3/YOUNG_MICE/Mouse945/Linear/concat/2026-02-13T17_36_20/Linear2026-02-13T17_36_20.avi,/media/toor/Seagate3/YOUNG_MICE/Mouse945/Linear/concat/2026-02-13T17_36_20/timestamps2026-02-13T17_36_20.csv,True,/media/toor/SeagateClean/Bpod Local/Data/Mouse945/LinearTrack/Session Data/Mouse945_LinearTrack_20260213_173724.mat,1,/media/toor/Seagate3/YOUNG_MICE/Mouse945/Round1.5/Linear/2026-02-13T17_36_20/dlc_trim_info.csv,/media/toor/Seagate3/YOUNG_MICE/Mouse945/Round1.5/Linear/2026-02-13T17_36_20/Linear_Linear2026-02-13T17_36_20.avi,/media/toor/Seagate3/YOUNG_MICE/Mouse945/Round1.5/Linear/2026-02-13T17_36_20/dlc/2026-02-13_17-36-20_LinearTrack_lineartrack_trials.csv,/media/toor/Seagate3/YOUNG_MICE/Mouse945/Round1.5/Linear/2026-02-13T17_36_20/dlc/2026-02-13_17-36-20_LinearTrack_linearized_binned_trials_70nbins.csv,True,True
Mouse945,Linear,2026-02-14T17_48_19,2026-02-14,pre2026-05,detect,young,/media/toor/Seagate3/YOUNG_MICE/Mouse945/Round1.5/Linear/2026-02-14T17_48_19,/media/toor/Seagate3/YOUNG_MICE/Mouse945/Linear/concat/2026-02-14T17_48_19/Linear2026-02-14T17_48_19.avi,/media/toor/Seagate3/YOUNG_MICE/Mouse945/Linear/concat/2026-02-14T17_48_19/timestamps2026-02-14T17_48_19.csv,True,/media/toor/SeagateClean/Bpod Local/Data/Mouse945/LinearTrack/Session Data/Mouse945_LinearTrack_20260214_174837.mat,1,/media/toor/Seagate3/YOUNG_MICE/Mouse945/Round1.5/Linear/2026-02-14T17_48_19/dlc_trim_info.csv,/media/toor/Seagate3/YOUNG_MICE/Mouse945/Round1.5/Linear/2026-02-14T17_48_19/Linear_Linear2026-02-14T17_48_19.avi,/media/toor/Seagate3/YOUNG_MICE/Mouse945/Round1.5/Linear/2026-02-14T17_48_19/dlc/2026-02-14_17-48-19_LinearTrack_lineartrack_trials.csv,/media/toor/Seagate3/YOUNG_MICE/Mouse945/Round1.5/Linear/2026-02-14T17_48_19/dlc/2026-02-14_17-48-19_LinearTrack_linearized_binned_trials_70nbins.csv,True,True
Mouse945,Linear,2026-02-15T18_27_09,2026-02-15,pre2026-05,detect,young,/media/toor/Seagate3/YOUNG_MICE/Mouse945/Round1.5/Linear/2026-02-15T18_27_09,/media/toor/Seagate2/YOUNG_MICE/Mouse945/Linear2026-02-15T18_27_09.avi,/media/toor/Seagate2/YOUNG_MICE/Mouse945/timestamps2026-02-15T18_27_09.csv,True,/media/toor/SeagateClean/Bpod Local/Data/Mouse945/LinearTrack/Session Data/Mouse945_LinearTrack_20260215_182718.mat,1,/media/toor/Seagate3/YOUNG_MICE/Mouse945/Round1.5/Linear/2026-02-15T18_27_09/dlc_trim_info.csv,/media/toor/Seagate3/YOUNG_MICE/Mouse945/Round1.5/Linear/2026-02-15T18_27_09/Linear_Linear2026-02-15T18_27_09.avi,/media/toor/Seagate3/YOUNG_MICE/Mouse945/Round1.5/Linear/2026-02-15T18_27_09/dlc/2026-02-15_18-27-09_LinearTrack_lineartrack_trials.csv,/media/toor/Seagate3/YOUNG_MICE/Mouse945/Round1.5/Linear/2026-02-15T18_27_09/dlc/2026-02-15_18-27-09_LinearTrack_linearized_binned_trials_70nbins.csv,True,True
Mouse945,Linear,2026-02-16T15_04_39,2026-02-16,pre2026-05,detect,young,/media/toor/Seagate3/YOUNG_MICE/Mouse945/Round1.5/Linear/2026-02-16T15_04_39,/media/toor/Seagate3/YOUNG_MICE/Mouse945/Linear/concat/2026-02-16T15_04_39/Linear2026-02-16T15_04_39.avi,/media/toor/Seagate3/YOUNG_MICE/Mouse945/Linear/concat/2026-02-16T15_04_39/timestamps2026-02-16T15_04_39.csv,True,/media/toor/SeagateClean/Bpod Local/Data/Mouse945/LinearTrack/Session Data/Mouse945_LinearTrack_20260216_151031.mat,1,/media/toor/Seagate3/YOUNG_MICE/Mouse945/Round1.5/Linear/2026-02-16T15_04_39/dlc_trim_info.csv,/media/toor/Seagate3/YOUNG_MICE/Mouse945/Round1.5/Linear/2026-02-16T15_04_39/Linear_Linear2026-02-16T15_04_39.avi,/media/toor/Seagate3/YOUNG_MICE/Mouse945/Round1.5/Linear/2026-02-16T15_04_39/dlc/2026-02-16_15-04-39_LinearTrack_lineartrack_trials.csv,/media/toor/Seagate3/YOUNG_MICE/Mouse945/Round1.5/Linear/2026-02-16T15_04_39/dlc/2026-02-16_15-04-39_LinearTrack_linearized_binned_trials_70nbins.csv,True,True
Mouse945,Linear,2026-02-17T16_41_37,2026-02-17,pre2026-05,detect,young,/media/toor/Seagate3/YOUNG_MICE/Mouse945/Round1.5/Linear/2026-02-17T16_41_37,/media/toor/Seagate3/YOUNG_MICE/Mouse945/Linear/concat/2026-02-17T16_41_37/Linear2026-02-17T16_41_37.avi,/media/toor/Seagate3/YOUNG_MICE/Mouse945/Linear/concat/2026-02-17T16_41_37/timestamps2026-02-17T16_41_37.csv,True,/media/toor/SeagateClean/Bpod Local/Data/Mouse945/LinearTrack/Session Data/Mouse945_LinearTrack_20260217_164129.mat,1,/media/toor/Seagate3/YOUNG_MICE/Mouse945/Round1.5/Linear/2026-02-17T16_41_37/dlc_trim_info.csv,/media/toor/Seagate3/YOUNG_MICE/Mouse945/Round1.5/Linear/2026-02-17T16_41_37/Linear_Linear2026-02-17T16_41_37.avi,/media/toor/Seagate3/YOUNG_MICE/Mouse945/Round1.5/Linear/2026-02-17T16_41_37/dlc/2026-02-17_16-41-37_LinearTrack_lineartrack_trials.csv,/media/toor/Seagate3/YOUNG_MICE/Mouse945/Round1.5/Linear/2026-02-17T16_41_37/dlc/2026-02-17_16-41-37_LinearTrack_linearized_binned_trials_70nbins.csv,True,True
Mouse945,Linear,2026-02-18T15_33_38,2026-02-18,pre2026-05,detect,young,/media/toor/Seagate3/YOUNG_MICE/Mouse945/Round1.5/Linear/2026-02-18T15_33_38,/media/toor/Seagate3/YOUNG_MICE/Mouse945/Linear/concat/2026-02-18T15_33_38/Linear2026-02-18T15_33_38.avi,/media/toor/Seagate3/YOUNG_MICE/Mouse945/Linear/concat/2026-02-18T15_33_38/timestamps2026-02-18T15_33_38.csv,True,/media/toor/SeagateClean/Bpod Local/Data/Mouse945/LinearTrack/Session Data/Mouse945_LinearTrack_20260218_153952.mat,1,/media/toor/Seagate3/YOUNG_MICE/Mouse945/Round1.5/Linear/2026-02-18T15_33_38/dlc_trim_info.csv,/media/toor/Seagate3/YOUNG_MICE/Mouse945/Round1.5/Linear/2026-02-18T15_33_38/Linear_Linear2026-02-18T15_33_38.avi,/media/toor/Seagate3/YOUNG_MICE/Mouse945/Round1.5/Linear/2026-02-18T15_33_38/dlc/2026-02-18_15-33-38_LinearTrack_lineartrack_trials.csv,/media/toor/Seagate3/YOUNG_MICE/Mouse945/Round1.5/Linear/2026-02-18T15_33_38/dlc/2026-02-18_15-33-38_LinearTrack_linearized_binned_trials_70nbins.csv,True,True
Mouse945,Linear,2026-02-19T17_43_59,2026-02-19,pre2026-05,detect,young,/media/toor/Seagate3/YOUNG_MICE/Mouse945/Round1.5/Linear/2026-02-19T17_43_59,/media/toor/Seagate3/YOUNG_MICE/Mouse945/Linear/concat/2026-02-19T17_43_59/Linear2026-02-19T17_43_59.avi,/media/toor/Seagate3/YOUNG_MICE/Mouse945/Linear/concat/2026-02-19T17_43_59/timestamps2026-02-19T17_43_59.csv,True,/media/toor/SeagateClean/Bpod Local/Data/Mouse945/LinearTrack/Session Data/Mouse945_LinearTrack_20260219_175016.mat,1,/media/toor/Seagate3/YOUNG_MICE/Mouse945/Round1.5/Linear/2026-02-19T17_43_59/dlc_trim_info.csv,/media/toor/Seagate3/YOUNG_MICE/Mouse945/Round1.5/Linear/2026-02-19T17_43_59/Linear_Linear2026-02-19T17_43_59.avi,/media/toor/Seagate3/YOUNG_MICE/Mouse945/Round1.5/Linear/2026-02-19T17_43_59/dlc/2026-02-19_17-43-59_LinearTrack_lineartrack_trials.csv,/media/toor/Seagate3/YOUNG_MICE/Mouse945/Round1.5/Linear/2026-02-19T17_43_59/dlc/2026-02-19_17-43-59_LinearTrack_linearized_binned_trials_70nbins.csv,True,True
Mouse945,Linear,2026-02-20T16_15_18,2026-02-20,pre2026-05,detect,young,/media/toor/Seagate3/YOUNG_MICE/Mouse945/Round1.5/Linear/2026-02-20T16_15_18,/media/toor/Seagate3/YOUNG_MICE/Mouse945/Linear/concat/2026-02-20T16_15_18/Linear2026-02-20T16_15_18.avi,/media/toor/Seagate3/YOUNG_MICE/Mouse945/Linear/concat/2026-02-20T16_15_18/timestamps2026-02-20T16_15_18.csv,True,/media/toor/SeagateClean/Bpod Local/Data/Mouse945/LinearTrack/Session Data/Mouse945_LinearTrack_20260220_162106.mat,1,/media/toor/Seagate3/YOUNG_MICE/Mouse945/Round1.5/Linear/2026-02-20T16_15_18/dlc_trim_info.csv,/media/toor/Seagate3/YOUNG_MICE/Mouse945/Round1.5/Linear/2026-02-20T16_15_18/Linear_Linear2026-02-20T16_15_18.avi,/media/toor/Seagate3/YOUNG_MICE/Mouse945/Round1.5/Linear/2026-02-20T16_15_18/dlc/2026-02-20_16-15-18_LinearTrack_lineartrack_trials.csv,/media/toor/Seagate3/YOUNG_MICE/Mouse945/Round1.5/Linear/2026-02-20T16_15_18/dlc/2026-02-20_16-15-18_LinearTrack_linearized_binned_trials_70nbins.csv,True,True
Mouse945,Linear,2026-02-21T17_08_15,2026-02-21,pre2026-05,detect,young,/media/toor/Seagate3/YOUNG_MICE/Mouse945/Round1.5/Linear/2026-02-21T17_08_15,/media/toor/Seagate3/YOUNG_MICE/Mouse945/Linear/concat/2026-02-21T17_08_15/Linear2026-02-21T17_08_15.avi,/media/toor/Seagate3/YOUNG_MICE/Mouse945/Linear/concat/2026-02-21T17_08_15/timestamps2026-02-21T17_08_15.csv,True,/media/toor/SeagateClean/Bpod Local/Data/Mouse945/LinearTrack/Session Data/Mouse945_LinearTrack_20260221_171727.mat,1,/media/toor/Seagate3/YOUNG_MICE/Mouse945/Round1.5/Linear/2026-02-21T17_08_15/dlc_trim_info.csv,/media/toor/Seagate3/YOUNG_MICE/Mouse945/Round1.5/Linear/2026-02-21T17_08_15/Linear_Linear2026-02-21T17_08_15.avi,/media/toor/Seagate3/YOUNG_MICE/Mouse945/Round1.5/Linear/2026-02-21T17_08_15/dlc/2026-02-21_17-08-15_LinearTrack_lineartrack_trials.csv,/media/toor/Seagate3/YOUNG_MICE/Mouse945/Round1.5/Linear/2026-02-21T17_08_15/dlc/2026-02-21_17-08-15_LinearTrack_linearized_binned_trials_70nbins.csv,True,True
Mouse945,Linear,2026-02-23T18_11_23,2026-02-23,pre2026-05,detect,young,/media/toor/Seagate3/YOUNG_MICE/Mouse945/Round1.5/Linear/2026-02-23T18_11_23,/media/toor/Seagate3/YOUNG_MICE/Mouse945/Linear/concat/2026-02-23T18_11_23/Linear2026-02-23T18_11_23.avi,/media/toor/Seagate3/YOUNG_MICE/Mouse945/Linear/concat/2026-02-23T18_11_23/timestamps2026-02-23T18_11_23.csv,True,/media/toor/SeagateClean/Bpod Local/Data/Mouse945/LinearTrack/Session Data/Mouse945_LinearTrack_20260223_181129.mat,1,/media/toor/Seagate3/YOUNG_MICE/Mouse945/Round1.5/Linear/2026-02-23T18_11_23/dlc_trim_info.csv,/media/toor/Seagate3/YOUNG_MICE/Mouse945/Round1.5/Linear/2026-02-23T18_11_23/Linear_Linear2026-02-23T18_11_23.avi,/media/toor/Seagate3/YOUNG_MICE/Mouse945/Round1.5/Linear/2026-02-23T18_11_23/dlc/2026-02-23_18-11-23_LinearTrack_lineartrack_trials.csv,/media/toor/Seagate3/YOUNG_MICE/Mouse945/Round1.5/Linear/2026-02-23T18_11_23/dlc/2026-02-23_18-11-23_LinearTrack_linearized_binned_trials_70nbins.csv,True,True
Mouse945,Linear,2026-02-24T17_18_42,2026-02-24,pre2026-05,detect,young,/media/toor/Seagate3/YOUNG_MICE/Mouse945/Round1.5/Linear/2026-02-24T17_18_42,/media/toor/Seagate3/YOUNG_MICE/Mouse945/Linear/concat/2026-02-24T17_18_42/Linear2026-02-24T17_18_42.avi,/media/toor/Seagate3/YOUNG_MICE/Mouse945/Linear/concat/2026-02-24T17_18_42/timestamps2026-02-24T17_18_42.csv,True,/media/toor/SeagateClean/Bpod Local/Data/Mouse945/LinearTrack/Session Data/Mouse945_LinearTrack_20260224_171958.mat,1,/media/toor/Seagate3/YOUNG_MICE/Mouse945/Round1.5/Linear/2026-02-24T17_18_42/dlc_trim_info.csv,/media/toor/Seagate3/YOUNG_MICE/Mouse945/Round1.5/Linear/2026-02-24T17_18_42/Linear_Linear2026-02-24T17_18_42.avi,/media/toor/Seagate3/YOUNG_MICE/Mouse945/Round1.5/Linear/2026-02-24T17_18_42/dlc/2026-02-24_17-18-42_LinearTrack_lineartrack_trials.csv,/media/toor/Seagate3/YOUNG_MICE/Mouse945/Round1.5/Linear/2026-02-24T17_18_42/dlc/2026-02-24_17-18-42_LinearTrack_linearized_binned_trials_70nbins.csv,True,True
Mouse945,Linear,2026-02-25T16_48_50,2026-02-25,pre2026-05,detect,young,/media/toor/Seagate3/YOUNG_MICE/Mouse945/Round1.5/Linear/2026-02-25T16_48_50,/media/toor/Seagate3/YOUNG_MICE/Mouse945/Linear/concat/2026-02-25T16_48_50/Linear2026-02-25T16_48_50.avi,/media/toor/Seagate3/YOUNG_MICE/Mouse945/Linear/concat/2026-02-25T16_48_50/timestamps2026-02-25T16_48_50.csv,True,/media/toor/SeagateClean/Bpod Local/Data/Mouse945/LinearTrack/Session Data/Mouse945_LinearTrack_20260225_164614.mat,1,/media/toor/Seagate3/YOUNG_MICE/Mouse945/Round1.5/Linear/2026-02-25T16_48_50/dlc_trim_info.csv,/media/toor/Seagate3/YOUNG_MICE/Mouse945/Round1.5/Linear/2026-02-25T16_48_50/Linear_Linear2026-02-25T16_48_50.avi,/media/toor/Seagate3/YOUNG_MICE/Mouse945/Round1.5/Linear/2026-02-25T16_48_50/dlc/2026-02-25_16-48-50_LinearTrack_lineartrack_trials.csv,/media/toor/Seagate3/YOUNG_MICE/Mouse945/Round1.5/Linear/2026-02-25T16_48_50/dlc/2026-02-25_16-48-50_LinearTrack_linearized_binned_trials_70nbins.csv,True,True
Mouse945,Linear,2026-02-26T16_29_43,2026-02-26,pre2026-05,detect,young,/media/toor/Seagate3/YOUNG_MICE/Mouse945/Round1.5/Linear/2026-02-26T16_29_43,/media/toor/Seagate3/YOUNG_MICE/Mouse945/Linear/concat/2026-02-26T16_29_43/Linear2026-02-26T16_29_43.avi,/media/toor/Seagate3/YOUNG_MICE/Mouse945/Linear/concat/2026-02-26T16_29_43/timestamps2026-02-26T16_29_43.csv,True,/media/toor/SeagateClean/Bpod Local/Data/Mouse945/LinearTrack/Session Data/Mouse945_LinearTrack_20260226_163159.mat,1,/media/toor/Seagate3/YOUNG_MICE/Mouse945/Round1.5/Linear/2026-02-26T16_29_43/dlc_trim_info.csv,/media/toor/Seagate3/YOUNG_MICE/Mouse945/Round1.5/Linear/2026-02-26T16_29_43/Linear_Linear2026-02-26T16_29_43.avi,/media/toor/Seagate3/YOUNG_MICE/Mouse945/Round1.5/Linear/2026-02-26T16_29_43/dlc/2026-02-26_16-29-43_LinearTrack_lineartrack_trials.csv,/media/toor/Seagate3/YOUNG_MICE/Mouse945/Round1.5/Linear/2026-02-26T16_29_43/dlc/2026-02-26_16-29-43_LinearTrack_linearized_binned_trials_70nbins.csv,True,True
Mouse945,Linear,2026-02-27T18_24_33,2026-02-27,pre2026-05,detect,young,/media/toor/Seagate3/YOUNG_MICE/Mouse945/Round1.5/Linear/2026-02-27T18_24_33,/media/toor/Seagate3/YOUNG_MICE/Mouse945/Linear/concat/2026-02-27T18_24_33/Linear2026-02-27T18_24_33.avi,/media/toor/Seagate3/YOUNG_MICE/Mouse945/Linear/concat/2026-02-27T18_24_33/timestamps2026-02-27T18_24_33.csv,True,/media/toor/SeagateClean/Bpod Local/Data/Mouse945/LinearTrack/Session Data/Mouse945_LinearTrack_20260227_182250.mat,1,/media/toor/Seagate3/YOUNG_MICE/Mouse945/Round1.5/Linear/2026-02-27T18_24_33/dlc_trim_info.csv,/media/toor/Seagate3/YOUNG_MICE/Mouse945/Round1.5/Linear/2026-02-27T18_24_33/Linear_Linear2026-02-27T18_24_33.avi,/media/toor/Seagate3/YOUNG_MICE/Mouse945/Round1.5/Linear/2026-02-27T18_24_33/dlc/2026-02-27_18-24-33_LinearTrack_lineartrack_trials.csv,/media/toor/Seagate3/YOUNG_MICE/Mouse945/Round1.5/Linear/2026-02-27T18_24_33/dlc/2026-02-27_18-24-33_LinearTrack_linearized_binned_trials_70nbins.csv,True,True
Mouse945,Linear,2026-02-28T17_25_39,2026-02-28,pre2026-05,detect,young,/media/toor/Seagate3/YOUNG_MICE/Mouse945/Round1.5/Linear/2026-02-28T17_25_39,/media/toor/Seagate3/YOUNG_MICE/Mouse945/Linear/concat/2026-02-28T17_25_39/Linear2026-02-28T17_25_39.avi,/media/toor/Seagate3/YOUNG_MICE/Mouse945/Linear/concat/2026-02-28T17_25_39/timestamps2026-02-28T17_25_39.csv,True,/media/toor/SeagateClean/Bpod Local/Data/Mouse945/LinearTrack/Session Data/Mouse945_LinearTrack_20260228_173152.mat,1,/media/toor/Seagate3/YOUNG_MICE/Mouse945/Round1.5/Linear/2026-02-28T17_25_39/dlc_trim_info.csv,/media/toor/Seagate3/YOUNG_MICE/Mouse945/Round1.5/Linear/2026-02-28T17_25_39/Linear_Linear2026-02-28T17_25_39.avi,/media/toor/Seagate3/YOUNG_MICE/Mouse945/Round1.5/Linear/2026-02-28T17_25_39/dlc/2026-02-28_17-25-39_LinearTrack_lineartrack_trials.csv,/media/toor/Seagate3/YOUNG_MICE/Mouse945/Round1.5/Linear/2026-02-28T17_25_39/dlc/2026-02-28_17-25-39_LinearTrack_linearized_binned_trials_70nbins.csv,True,True
Mouse945,Linear,2026-03-01T18_41_54,2026-03-01,pre2026-05,detect,young,/media/toor/Seagate3/YOUNG_MICE/Mouse945/Round1.5/Linear/2026-03-01T18_41_54,/media/toor/Seagate2/YOUNG_MICE/Mouse945/Linear2026-03-01T18_41_54.avi,/media/toor/Seagate2/YOUNG_MICE/Mouse945/timestamps2026-03-01T18_41_54.csv,True,/media/toor/SeagateClean/Bpod Local/Data/Mouse945/LinearTrack/Session Data/Mouse945_LinearTrack_20260301_184151.mat,1,/media/toor/Seagate3/YOUNG_MICE/Mouse945/Round1.5/Linear/2026-03-01T18_41_54/dlc_trim_info.csv,/media/toor/Seagate3/YOUNG_MICE/Mouse945/Round1.5/Linear/2026-03-01T18_41_54/Linear_Linear2026-03-01T18_41_54.avi,/media/toor/Seagate3/YOUNG_MICE/Mouse945/Round1.5/Linear/2026-03-01T18_41_54/dlc/2026-03-01_18-41-54_LinearTrack_lineartrack_trials.csv,/media/toor/Seagate3/YOUNG_MICE/Mouse945/Round1.5/Linear/2026-03-01T18_41_54/dlc/2026-03-01_18-41-54_LinearTrack_linearized_binned_trials_70nbins.csv,True,True
Mouse945,Linear,2026-06-29T15_22_31,2026-06-29,post2026-05,detect,young,/media/toor/Seagate3/Mouse945 - Round2/Linear/2026-06-29T15_22_31,/media/toor/Seagate3/Mouse945 - Round2/RAW_DATA/2026-06-29T15_22_31/Linear2026-06-29T15_22_31.avi,/media/toor/Seagate3/Mouse945 - Round2/RAW_DATA/2026-06-29T15_22_31/timestamps2026-06-29T15_22_31.csv,True,/media/toor/SeagateClean/Bpod Local/Data/Mouse945/LinearTrack/Session Data/Mouse945_LinearTrack_20260629_152435.mat,1,/media/toor/Seagate3/Mouse945 - Round2/Linear/2026-06-29T15_22_31/dlc_trim_info.csv,/media/toor/Seagate3/Mouse945 - Round2/Linear/2026-06-29T15_22_31/Linear_Linear2026-06-29T15_22_31.avi,,,True,False
Mouse945,Linear,2026-06-30T15_56_50,2026-06-30,post2026-05,detect,young,/media/toor/Seagate3/Mouse945 - Round2/Linear/2026-06-30T15_56_50,/media/toor/Seagate3/Mouse945 - Round2/RAW_DATA/2026-06-30T15_56_50/Linear2026-06-30T15_56_50.avi,/media/toor/Seagate3/Mouse945 - Round2/RAW_DATA/2026-06-30T15_56_50/timestamps2026-06-30T15_56_50.csv,True,/media/toor/SeagateClean/Bpod Local/Data/Mouse945/LinearTrack/Session Data/Mouse945_LinearTrack_20260630_155736.mat,1,/media/toor/Seagate3/Mouse945 - Round2/Linear/2026-06-30T15_56_50/dlc_trim_info.csv,/media/toor/Seagate3/Mouse945 - Round2/Linear/2026-06-30T15_56_50/Linear_Linear2026-06-30T15_56_50.avi,,,True,False
Mouse945,Linear,2026-07-01T15_50_11,2026-07-01,post2026-05,detect,young,/media/toor/Seagate3/Mouse945 - Round2/Linear/2026-07-01T15_50_11,/media/toor/Seagate3/Mouse945 - Round2/RAW_DATA/2026-07-01T15_50_11/Linear2026-07-01T15_50_11.avi,/media/toor/Seagate3/Mouse945 - Round2/RAW_DATA/2026-07-01T15_50_11/timestamps2026-07-01T15_50_11.csv,True,/media/toor/SeagateClean/Bpod Local/Data/Mouse945/LinearTrack/Session Data/Mouse945_LinearTrack_20260701_155121.mat,1,/media/toor/Seagate3/Mouse945 - Round2/Linear/2026-07-01T15_50_11/dlc_trim_info.csv,/media/toor/Seagate3/Mouse945 - Round2/Linear/2026-07-01T15_50_11/Linear_Linear2026-07-01T15_50_11.avi,,,True,False
Mouse945,Linear,2026-07-02T15_29_29,2026-07-02,post2026-05,detect,young,/media/toor/Seagate3/Mouse945 - Round2/Linear/2026-07-02T15_29_29,/media/toor/Seagate3/Mouse945 - Round2/RAW_DATA/2026-07-02T15_29_29/Linear2026-07-02T15_29_29.avi,/media/toor/Seagate3/Mouse945 - Round2/RAW_DATA/2026-07-02T15_29_29/timestamps2026-07-02T15_29_29.csv,True,/media/toor/SeagateClean/Bpod Local/Data/Mouse945/LinearTrack/Session Data/Mouse945_LinearTrack_20260702_153002.mat,1,/media/toor/Seagate3/Mouse945 - Round2/Linear/2026-07-02T15_29_29/dlc_trim_info.csv,/media/toor/Seagate3/Mouse945 - Round2/Linear/2026-07-02T15_29_29/Linear_Linear2026-07-02T15_29_29.avi,,,True,False
Mouse945,Linear,2026-07-04T15_43_09,2026-07-04,post2026-05,detect,young,/media/toor/Seagate3/Mouse945 - Round2/Linear/2026-07-04T15_43_09,/media/toor/Seagate3/Mouse945 - Round2/RAW_DATA/2026-07-04T15_43_09/Linear2026-07-04T15_43_09.avi,/media/toor/Seagate3/Mouse945 - Round2/RAW_DATA/2026-07-04T15_43_09/timestamps2026-07-04T15_43_09.csv,True,/media/toor/SeagateClean/Bpod Local/Data/Mouse945/LinearTrack/Session Data/Mouse945_LinearTrack_20260704_154355.mat,1,/media/toor/Seagate3/Mouse945 - Round2/Linear/2026-07-04T15_43_09/dlc_trim_info.csv,/media/toor/Seagate3/Mouse945 - Round2/Linear/2026-07-04T15_43_09/Linear_Linear2026-07-04T15_43_09.avi,,,True,False
Mouse945,Linear,2026-07-06T15_47_06,2026-07-06,post2026-05,detect,young,/media/toor/Seagate3/Mouse945 - Round2/Linear/2026-07-06T15_47_06,/media/toor/Seagate3/Mouse945 - Round2/RAW_DATA/2026-07-06T15_47_06/Linear2026-07-06T15_47_06.avi,/media/toor/Seagate3/Mouse945 - Round2/RAW_DATA/2026-07-06T15_47_06/timestamps2026-07-06T15_47_06.csv,True,/media/toor/SeagateClean/Bpod Local/Data/Mouse945/LinearTrack/Session Data/Mouse945_LinearTrack_20260706_155150.mat,1,/media/toor/Seagate3/Mouse945 - Round2/Linear/2026-07-06T15_47_06/dlc_trim_info.csv,/media/toor/Seagate3/Mouse945 - Round2/Linear/2026-07-06T15_47_06/Linear_Linear2026-07-06T15_47_06.avi,,,True,False
Mouse945,Linear,2026-07-07T15_46_02,2026-07-07,post2026-05,detect,young,/media/toor/Seagate3/Mouse945 - Round2/Linear/2026-07-07T15_46_02,/media/toor/Seagate3/Mouse945 - Round2/RAW_DATA/2026-07-07T15_46_02/Linear2026-07-07T15_46_02.avi,/media/toor/Seagate3/Mouse945 - Round2/RAW_DATA/2026-07-07T15_46_02/timestamps2026-07-07T15_46_02.csv,True,/media/toor/SeagateClean/Bpod Local/Data/Mouse945/LinearTrack/Session Data/Mouse945_LinearTrack_20260707_154849.mat,1,/media/toor/Seagate3/Mouse945 - Round2/Linear/2026-07-07T15_46_02/dlc_trim_info.csv,/media/toor/Seagate3/Mouse945 - Round2/Linear/2026-07-07T15_46_02/Linear_Linear2026-07-07T15_46_02.avi,,,True,False
Mouse945,Linear,2026-07-08T15_09_08,2026-07-08,post2026-05,detect,young,/media/toor/Seagate3/Mouse945 - Round2/Linear/2026-07-08T15_09_08,/media/toor/Seagate3/Mouse945 - Round2/RAW_DATA/2026-07-08T15_09_08/Linear2026-07-08T15_09_08.avi,/media/toor/Seagate3/Mouse945 - Round2/RAW_DATA/2026-07-08T15_09_08/timestamps2026-07-08T15_09_08.csv,True,/media/toor/SeagateClean/Bpod Local/Data/Mouse945/LinearTrack/Session Data/Mouse945_LinearTrack_20260708_150951.mat,1,/media/toor/Seagate3/Mouse945 - Round2/Linear/2026-07-08T15_09_08/dlc_trim_info.csv,/media/toor/Seagate3/Mouse945 - Round2/Linear/2026-07-08T15_09_08/Linear_Linear2026-07-08T15_09_08.avi,,,True,False
Mouse945,Linear,2026-07-09T13_16_10,2026-07-09,post2026-05,detect,young,/media/toor/Seagate3/Mouse945 - Round2/Linear/2026-07-09T13_16_10,/media/toor/Seagate3/Mouse945 - Round2/RAW_DATA/2026-07-09T13_16_10/Linear2026-07-09T13_16_10.avi,/media/toor/Seagate3/Mouse945 - Round2/RAW_DATA/2026-07-09T13_16_10/timestamps2026-07-09T13_16_10.csv,True,/media/toor/SeagateClean/Bpod Local/Data/Mouse945/LinearTrack/Session Data/Mouse945_LinearTrack_20260709_132151.mat,1,/media/toor/Seagate3/Mouse945 - Round2/Linear/2026-07-09T13_16_10/dlc_trim_info.csv,/media/toor/Seagate3/Mouse945 - Round2/Linear/2026-07-09T13_16_10/Linear_Linear2026-07-09T13_16_10.avi,,,True,False
Mouse945,Linear,2026-07-11T15_04_04,2026-07-11,post2026-05,detect,young,/media/toor/Seagate3/Mouse945 - Round2/Linear/2026-07-11T15_04_04,/media/toor/Seagate3/Mouse945 - Round2/RAW_DATA/2026-07-11T15_04_04/Linear2026-07-11T15_04_04.avi,/media/toor/Seagate3/Mouse945 - Round2/RAW_DATA/2026-07-11T15_04_04/timestamps2026-07-11T15_04_04.csv,True,/media/toor/SeagateClean/Bpod Local/Data/Mouse945/LinearTrack/Session Data/Mouse945_LinearTrack_20260711_150939.mat,1,/media/toor/Seagate3/Mouse945 - Round2/Linear/2026-07-11T15_04_04/dlc_trim_info.csv,/media/toor/Seagate3/Mouse945 - Round2/Linear/2026-07-11T15_04_04/Linear_Linear2026-07-11T15_04_04.avi,,,True,False
Mouse945,Linear,2026-07-12T14_39_41,2026-07-12,post2026-05,detect,young,/media/toor/Seagate3/Mouse945 - Round2/Linear/2026-07-12T14_39_41,/media/toor/Seagate3/Mouse945 - Round2/RAW_DATA/2026-07-12T14_39_41/Linear2026-07-12T14_39_41.avi,/media/toor/Seagate3/Mouse945 - Round2/RAW_DATA/2026-07-12T14_39_41/timestamps2026-07-12T14_39_41.csv,True,/media/toor/SeagateClean/Bpod Local/Data/Mouse945/LinearTrack/Session Data/Mouse945_LinearTrack_20260712_144242.mat,1,/media/toor/Seagate3/Mouse945 - Round2/Linear/2026-07-12T14_39_41/dlc_trim_info.csv,/media/toor/Seagate3/Mouse945 - Round2/Linear/2026-07-12T14_39_41/Linear_Linear2026-07-12T14_39_41.avi,,,True,False
Mouse945,Linear,2026-07-13T15_24_34,2026-07-13,post2026-05,detect,young,/media/toor/Seagate3/Mouse945 - Round2/Linear/2026-07-13T15_24_34,/media/toor/Seagate3/Mouse945 - Round2/RAW_DATA/2026-07-13T15_24_34/Linear2026-07-13T15_24_34.avi,/media/toor/Seagate3/Mouse945 - Round2/RAW_DATA/2026-07-13T15_24_34/timestamps2026-07-13T15_24_34.csv,True,/media/toor/SeagateClean/Bpod Local/Data/Mouse945/LinearTrack/Session Data/Mouse945_LinearTrack_20260713_152913.mat,1,/media/toor/Seagate3/Mouse945 - Round2/Linear/2026-07-13T15_24_34/dlc_trim_info.csv,/media/toor/Seagate3/Mouse945 - Round2/Linear/2026-07-13T15_24_34/Linear_Linear2026-07-13T15_24_34.avi,,,True,False
Mouse945,Linear,2026-07-14T14_58_46,2026-07-14,post2026-05,detect,young,/media/toor/Seagate3/Mouse945 - Round2/Linear/2026-07-14T14_58_46,/media/toor/Seagate3/Mouse945 - Round2/RAW_DATA/Linear/2026-07-14T14_58_46/Linear2026-07-14T14_58_46.avi,,False,/media/toor/SeagateClean/Bpod Local/Data/Mouse945/LinearTrack/Session Data/Mouse945_LinearTrack_20260714_150412.mat,1,/media/toor/Seagate3/Mouse945 - Round2/Linear/2026-07-14T14_58_46/dlc_trim_info.csv,/media/toor/Seagate3/Mouse945 - Round2/Linear/2026-07-14T14_58_46/Linear_Linear2026-07-14T14_58_46.avi,,,False,False
Mouse945,Linear,2026-07-15T14_44_57,2026-07-15,post2026-05,detect,young,/media/toor/Seagate3/Mouse945 - Round2/Linear/2026-07-15T14_44_57,/media/toor/Seagate3/Mouse945 - Round2/RAW_DATA/Linear/2026-07-15T14_44_57/Linear2026-07-15T14_44_57.avi,/media/toor/Seagate3/Mouse945 - Round2/RAW_DATA/Linear/2026-07-15T14_44_57/timestamps2026-07-15T14_44_57.csv,True,/media/toor/SeagateClean/Bpod Local/Data/Mouse945/LinearTrack/Session Data/Mouse945_LinearTrack_20260715_144846.mat,1,/media/toor/Seagate3/Mouse945 - Round2/Linear/2026-07-15T14_44_57/dlc_trim_info.csv,/media/toor/Seagate3/Mouse945 - Round2/Linear/2026-07-15T14_44_57/Linear_Linear2026-07-15T14_44_57.avi,,,True,False
Mouse945,Linear,2026-07-16T15_04_55,2026-07-16,post2026-05,detect,young,/media/toor/Seagate3/Mouse945 - Round2/Linear/2026-07-16T15_04_55,/media/toor/Seagate3/Mouse945 - Round2/RAW_DATA/Linear/2026-07-16T15_04_55/Linear2026-07-16T15_04_55.avi,/media/toor/Seagate3/Mouse945 - Round2/RAW_DATA/Linear/2026-07-16T15_04_55/timestamps2026-07-16T15_04_55.csv,True,/media/toor/SeagateClean/Bpod Local/Data/Mouse945/LinearTrack/Session Data/Mouse945_LinearTrack_20260716_150430.mat,1,/media/toor/Seagate3/Mouse945 - Round2/Linear/2026-07-16T15_04_55/dlc_trim_info.csv,/media/toor/Seagate3/Mouse945 - Round2/Linear/2026-07-16T15_04_55/Linear_Linear2026-07-16T15_04_55.avi,,,True,False
Mouse945,Linear,2026-07-17T14_55_31,2026-07-17,post2026-05,detect,young,/media/toor/Seagate3/Mouse945 - Round2/Linear/2026-07-17T14_55_31,/media/toor/Seagate3/Mouse945 - Round2/RAW_DATA/Linear/2026-07-17T14_55_31/Linear2026-07-17T14_55_31.avi,/media/toor/Seagate3/Mouse945 - Round2/RAW_DATA/Linear/2026-07-17T14_55_31/timestamps2026-07-17T14_55_31.csv,True,/media/toor/SeagateClean/Bpod Local/Data/Mouse945/LinearTrack/Session Data/Mouse945_LinearTrack_20260717_145557.mat,1,/media/toor/Seagate3/Mouse945 - Round2/Linear/2026-07-17T14_55_31/dlc_trim_info.csv,/media/toor/Seagate3/Mouse945 - Round2/Linear/2026-07-17T14_55_31/Linear_Linear2026-07-17T14_55_31.avi,,,True,False
Mouse945,Linear,2026-07-18T15_00_39,2026-07-18,post2026-05,detect,young,/media/toor/Seagate3/Mouse945 - Round2/Linear/2026-07-18T15_00_39,/media/toor/Seagate3/Mouse945 - Round2/RAW_DATA/Linear/2026-07-18T15_00_39/Linear2026-07-18T15_00_39.avi,/media/toor/Seagate3/Mouse945 - Round2/RAW_DATA/Linear/2026-07-18T15_00_39/timestamps2026-07-18T15_00_39.csv,True,/media/toor/SeagateClean/Bpod Local/Data/Mouse945/LinearTrack/Session Data/Mouse945_LinearTrack_20260718_150051.mat,1,/media/toor/Seagate3/Mouse945 - Round2/Linear/2026-07-18T15_00_39/dlc_trim_info.csv,/media/toor/Seagate3/Mouse945 - Round2/Linear/2026-07-18T15_00_39/Linear_Linear2026-07-18T15_00_39.avi,,,True,False
Mouse945,Linear,2026-07-19T16_44_41,2026-07-19,post2026-05,detect,young,/media/toor/Seagate3/Mouse945 - Round2/Linear/2026-07-19T16_44_41,/media/toor/Seagate3/Mouse945 - Round2/RAW_DATA/Linear/2026-07-19T16_44_41/Linear2026-07-19T16_44_41.avi,/media/toor/Seagate3/Mouse945 - Round2/RAW_DATA/Linear/2026-07-19T16_44_41/timestamps2026-07-19T16_44_41.csv,True,/media/toor/SeagateClean/Bpod Local/Data/Mouse945/LinearTrack/Session Data/Mouse945_LinearTrack_20260719_164447.mat,1,/media/toor/Seagate3/Mouse945 - Round2/Linear/2026-07-19T16_44_41/dlc_trim_info.csv,/media/toor/Seagate3/Mouse945 - Round2/Linear/2026-07-19T16_44_41/Linear_Linear2026-07-19T16_44_41.avi,,,True,False
Mouse945,Linear,2026-07-20T14_19_37,2026-07-20,post2026-05,detect,young,/media/toor/Seagate3/Mouse945 - Round2/Linear/2026-07-20T14_19_37,/media/toor/Seagate3/Mouse945 - Round2/RAW_DATA/Linear/2026-07-20T14_19_37/Linear2026-07-20T14_19_37.avi,/media/toor/Seagate3/Mouse945 - Round2/RAW_DATA/Linear/2026-07-20T14_19_37/timestamps2026-07-20T14_19_37.csv,True,/media/toor/SeagateClean/Bpod Local/Data/Mouse945/LinearTrack/Session Data/Mouse945_LinearTrack_20260720_142119.mat,1,/media/toor/Seagate3/Mouse945 - Round2/Linear/2026-07-20T14_19_37/dlc_trim_info.csv,/media/toor/Seagate3/Mouse945 - Round2/Linear/2026-07-20T14_19_37/Linear_Linear2026-07-20T14_19_37.avi,,,True,False
Mouse945,Linear,2026-07-21T15_55_11,2026-07-21,post2026-05,detect,young,/media/toor/Seagate3/Mouse945 - Round2/Linear/2026-07-21T15_55_11,/media/toor/Seagate3/Mouse945 - Round2/RAW_DATA/Linear/2026-07-21T15_55_11/Linear2026-07-21T15_55_11.avi,/media/toor/Seagate3/Mouse945 - Round2/RAW_DATA/Linear/2026-07-21T15_55_11/timestamps2026-07-21T15_55_11.csv,True,/media/toor/SeagateClean/Bpod Local/Data/Mouse945/LinearTrack/Session Data/Mouse945_LinearTrack_20260721_155522.mat,1,/media/toor/Seagate3/Mouse945 - Round2/Linear/2026-07-21T15_55_11/dlc_trim_info.csv,/media/toor/Seagate3/Mouse945 - Round2/Linear/2026-07-21T15_55_11/Linear_Linear2026-07-21T15_55_11.avi,,,True,False
Mouse945,Linear,2026-07-22T14_19_50,2026-07-22,post2026-05,detect,young,/media/toor/Seagate3/Mouse945 - Round2/Linear/2026-07-22T14_19_50,/media/toor/Seagate3/Mouse945 - Round2/RAW_DATA/Linear/2026-07-22T14_19_50/Linear2026-07-22T14_19_50.avi,/media/toor/Seagate3/Mouse945 - Round2/RAW_DATA/Linear/2026-07-22T14_19_50/timestamps2026-07-22T14_19_50.csv,True,/media/toor/SeagateClean/Bpod Local/Data/Mouse945/LinearTrack/Session Data/Mouse945_LinearTrack_20260722_142128.mat,1,/media/toor/Seagate3/Mouse945 - Round2/Linear/2026-07-22T14_19_50/dlc_trim_info.csv,/media/toor/Seagate3/Mouse945 - Round2/Linear/2026-07-22T14_19_50/Linear_Linear2026-07-22T14_19_50.avi,,,True,False
Mouse945,Linear,2026-07-23T14_39_08,2026-07-23,post2026-05,detect,young,/media/toor/Seagate3/Mouse945 - Round2/Linear/2026-07-23T14_39_08,/media/toor/Seagate3/Mouse945 - Round2/RAW_DATA/Linear/2026-07-23T14_39_08/Linear2026-07-23T14_39_08.avi,/media/toor/Seagate3/Mouse945 - Round2/RAW_DATA/Linear/2026-07-23T14_39_08/timestamps2026-07-23T14_39_08.csv,True,/media/toor/SeagateClean/Bpod Local/Data/Mouse945/LinearTrack/Session Data/Mouse945_LinearTrack_20260723_144332.mat,1,/media/toor/Seagate3/Mouse945 - Round2/Linear/2026-07-23T14_39_08/dlc_trim_info.csv,/media/toor/Seagate3/Mouse945 - Round2/Linear/2026-07-23T14_39_08/Linear_Linear2026-07-23T14_39_08.avi,,,True,False
Mouse945,Linear,2026-07-27T16_00_05,2026-07-27,post2026-05,detect,young,/media/toor/Seagate3/Mouse945 - Round2/Linear/2026-07-27T16_00_05,/media/toor/Seagate3/Mouse945 - Round2/RAW_DATA/Linear/2026-07-27T16_00_05/Linear2026-07-27T16_00_05.avi,/media/toor/Seagate3/Mouse945 - Round2/RAW_DATA/Linear/2026-07-27T16_00_05/timestamps2026-07-27T16_00_05.csv,True,,0,/media/toor/Seagate3/Mouse945 - Round2/Linear/2026-07-27T16_00_05/dlc_trim_info.csv,/media/toor/Seagate3/Mouse945 - Round2/Linear/2026-07-27T16_00_05/Linear_Linear2026-07-27T16_00_05.avi,,,True,False
Mouse945,Linear,2026-07-28T15_34_22,2026-07-28,post2026-05,detect,young,/media/toor/Seagate3/Mouse945 - Round2/Linear/2026-07-28T15_34_22,/media/toor/Seagate3/Mouse945 - Round2/RAW_DATA/Linear/2026-07-28T15_34_22/Linear2026-07-28T15_34_22.avi,/media/toor/Seagate3/Mouse945 - Round2/RAW_DATA/Linear/2026-07-28T15_34_22/timestamps2026-07-28T15_34_22.csv,True,,0,/media/toor/Seagate3/Mouse945 - Round2/Linear/2026-07-28T15_34_22/dlc_trim_info.csv,/media/toor/Seagate3/Mouse945 - Round2/Linear/2026-07-28T15_34_22/Linear_Linear2026-07-28T15_34_22.avi,,,True,False
Mouse945,Linear,2026-07-29T14_29_47,2026-07-29,post2026-05,detect,young,/media/toor/Seagate3/Mouse945 - Round2/Linear/2026-07-29T14_29_47,/media/toor/Seagate3/Mouse945 - Round2/RAW_DATA/Linear/2026-07-29T14_29_47/Linear2026-07-29T14_29_47.avi,/media/toor/Seagate3/Mouse945 - Round2/RAW_DATA/Linear/2026-07-29T14_29_47/timestamps2026-07-29T14_29_47.csv,True,,0,/media/toor/Seagate3/Mouse945 - Round2/Linear/2026-07-29T14_29_47/dlc_trim_info.csv,/media/toor/Seagate3/Mouse945 - Round2/Linear/2026-07-29T14_29_47/Linear_Linear2026-07-29T14_29_47.avi,,,True,False
Mouse945,Linear,2026-07-30T15_54_13,2026-07-30,post2026-05,detect,young,/media/toor/Seagate3/Mouse945 - Round2/Linear/2026-07-30T15_54_13,/media/toor/Seagate3/Mouse945 - Round2/RAW_DATA/Linear/2026-07-30T15_54_13/Linear2026-07-30T15_54_13.avi,/media/toor/Seagate3/Mouse945 - Round2/RAW_DATA/Linear/2026-07-30T15_54_13/timestamps2026-07-30T15_54_13.csv,True,,0,/media/toor/Seagate3/Mouse945 - Round2/Linear/2026-07-30T15_54_13/dlc_trim_info.csv,/media/toor/Seagate3/Mouse945 - Round2/Linear/2026-07-30T15_54_13/Linear_Linear2026-07-30T15_54_13.avi,,,True,False
Mouse945,Linear,2026-08-01T15_16_48,2026-08-01,post2026-05,detect,young,/media/toor/Seagate3/Mouse945 - Round2/Linear/2026-08-01T15_16_48,/media/toor/Seagate3/Mouse945 - Round2/RAW_DATA/Linear/2026-08-01T15_16_48/Linear2026-08-01T15_16_48.avi,/media/toor/Seagate3/Mouse945 - Round2/RAW_DATA/Linear/2026-08-01T15_16_48/timestamps2026-08-01T15_16_48.csv,True,,0,/media/toor/Seagate3/Mouse945 - Round2/Linear/2026-08-01T15_16_48/dlc_trim_info.csv,/media/toor/Seagate3/Mouse945 - Round2/Linear/2026-08-01T15_16_48/Linear_Linear2026-08-01T15_16_48.avi,,,True,False
Mouse945,Linear,2026-08-02T15_47_04,2026-08-02,post2026-05,detect,young,/media/toor/Seagate3/Mouse945 - Round2/Linear/2026-08-02T15_47_04,/media/toor/Seagate3/Mouse945 - Round2/RAW_DATA/Linear/2026-08-02T15_47_04/Linear2026-08-02T15_47_04.avi,/media/toor/Seagate3/Mouse945 - Round2/RAW_DATA/Linear/2026-08-02T15_47_04/timestamps2026-08-02T15_47_04.csv,True,,0,/media/toor/Seagate3/Mouse945 - Round2/Linear/2026-08-02T15_47_04/dlc_trim_info.csv,/media/toor/Seagate3/Mouse945 - Round2/Linear/2026-08-02T15_47_04/Linear_Linear2026-08-02T15_47_04.avi,,,True,False
Mouse945,Linear,2026-08-03T15_57_22,2026-08-03,post2026-05,detect,young,/media/toor/Seagate3/Mouse945 - Round2/Linear/2026-08-03T15_57_22,/media/toor/Seagate3/Mouse945 - Round2/RAW_DATA/Linear/2026-08-03T15_57_22/Linear2026-08-03T15_57_22.avi,/media/toor/Seagate3/Mouse945 - Round2/RAW_DATA/Linear/2026-08-03T15_57_22/timestamps2026-08-03T15_57_22.csv,True,,0,/media/toor/Seagate3/Mouse945 - Round2/Linear/2026-08-03T15_57_22/dlc_trim_info.csv,/media/toor/Seagate3/Mouse945 - Round2/Linear/2026-08-03T15_57_22/Linear_Linear2026-08-03T15_57_22.avi,,,True,False
Mouse945,Linear,2026-08-04T15_59_53,2026-08-04,post2026-05,detect,young,/media/toor/Seagate3/Mouse945 - Round2/Linear/2026-08-04T15_59_53,/media/toor/Seagate3/Mouse945 - Round2/RAW_DATA/Linear/2026-08-04T15_59_53/Linear2026-08-04T15_59_53.avi,/media/toor/Seagate3/Mouse945 - Round2/RAW_DATA/Linear/2026-08-04T15_59_53/timestamps2026-08-04T15_59_53.csv,True,,0,/media/toor/Seagate3/Mouse945 - Round2/Linear/2026-08-04T15_59_53/dlc_trim_info.csv,/media/toor/Seagate3/Mouse945 - Round2/Linear/2026-08-04T15_59_53/Linear_Linear2026-08-04T15_59_53.avi,,,True,False
Mouse945,TMaze,2026-02-10T17_04_23,2026-02-10,pre2026-05,align,young,/media/toor/Seagate3/YOUNG_MICE/Mouse945/Round1.5/TMaze/2026-02-10T17_04_23,/media/toor/Seagate3/YOUNG_MICE/Mouse945/TMaze/concat/2026-02-10T17_04_23/Linear2026-02-10T17_04_23.avi,/media/toor/Seagate3/YOUNG_MICE/Mouse945/TMaze/concat/2026-02-10T17_04_23/timestamps2026-02-10T17_04_23.csv,True,/media/toor/SeagateClean/Bpod Local/Data/Mouse945/TMaze4/Session Data/Mouse945_TMaze4_20260210_171038.mat,1,/media/toor/Seagate3/YOUNG_MICE/Mouse945/Round1.5/TMaze/2026-02-10T17_04_23/dlc_trim_info.csv,/media/toor/Seagate3/YOUNG_MICE/Mouse945/Round1.5/TMaze/2026-02-10T17_04_23/TMaze_Linear2026-02-10T17_04_23.avi,/media/toor/Seagate3/YOUNG_MICE/Mouse945/Round1.5/TMaze/2026-02-10T17_04_23/dlc/2026-02-10_17-04-23_TMaze_trimmed_trials.csv,/media/toor/Seagate3/YOUNG_MICE/Mouse945/Round1.5/TMaze/2026-02-10T17_04_23/dlc/2026-02-10_17-04-23_TMaze_TMaze_linearized_binned_trials_70nbins.csv,True,True
Mouse945,TMaze,2026-02-11T16_40_50,2026-02-11,pre2026-05,align,young,/media/toor/Seagate3/YOUNG_MICE/Mouse945/Round1.5/TMaze/2026-02-11T16_40_50,/media/toor/Seagate3/YOUNG_MICE/Mouse945/TMaze/concat/2026-02-11T16_40_50/Linear2026-02-11T16_40_50.avi,/media/toor/Seagate3/YOUNG_MICE/Mouse945/TMaze/concat/2026-02-11T16_40_50/timestamps2026-02-11T16_40_50.csv,True,/media/toor/SeagateClean/Bpod Local/Data/Mouse945/TMaze4/Session Data/Mouse945_TMaze4_20260211_164625.mat,1,/media/toor/Seagate3/YOUNG_MICE/Mouse945/Round1.5/TMaze/2026-02-11T16_40_50/dlc_trim_info.csv,/media/toor/Seagate3/YOUNG_MICE/Mouse945/Round1.5/TMaze/2026-02-11T16_40_50/TMaze_Linear2026-02-11T16_40_50.avi,/media/toor/Seagate3/YOUNG_MICE/Mouse945/Round1.5/TMaze/2026-02-11T16_40_50/dlc/2026-02-11_16-40-50_TMaze_trimmed_trials.csv,/media/toor/Seagate3/YOUNG_MICE/Mouse945/Round1.5/TMaze/2026-02-11T16_40_50/dlc/2026-02-11_16-40-50_TMaze_TMaze_linearized_binned_trials_70nbins.csv,True,True
Mouse945,TMaze,2026-02-12T16_25_51,2026-02-12,pre2026-05,align,young,/media/toor/Seagate3/YOUNG_MICE/Mouse945/Round1.5/TMaze/2026-02-12T16_25_51,/media/toor/Seagate3/YOUNG_MICE/Mouse945/TMaze/concat/2026-02-12T16_25_51/Linear2026-02-12T16_25_51.avi,/media/toor/Seagate3/YOUNG_MICE/Mouse945/TMaze/concat/2026-02-12T16_25_51/timestamps2026-02-12T16_25_51.csv,True,/media/toor/SeagateClean/Bpod Local/Data/Mouse945/TMaze4/Session Data/Mouse945_TMaze4_20260212_163116.mat,1,/media/toor/Seagate3/YOUNG_MICE/Mouse945/Round1.5/TMaze/2026-02-12T16_25_51/dlc_trim_info.csv,/media/toor/Seagate3/YOUNG_MICE/Mouse945/Round1.5/TMaze/2026-02-12T16_25_51/TMaze_Linear2026-02-12T16_25_51.avi,/media/toor/Seagate3/YOUNG_MICE/Mouse945/Round1.5/TMaze/2026-02-12T16_25_51/dlc/2026-02-12_16-25-51_TMaze_trimmed_trials.csv,/media/toor/Seagate3/YOUNG_MICE/Mouse945/Round1.5/TMaze/2026-02-12T16_25_51/dlc/2026-02-12_16-25-51_TMaze_TMaze_linearized_binned_trials_70nbins.csv,True,True
Mouse945,TMaze,2026-02-13T17_12_23,2026-02-13,pre2026-05,align,young,/media/toor/Seagate3/YOUNG_MICE/Mouse945/Round1.5/TMaze/2026-02-13T17_12_23,/media/toor/Seagate3/YOUNG_MICE/Mouse945/TMaze/concat/2026-02-13T17_12_23/Linear2026-02-13T17_12_23.avi,/media/toor/Seagate3/YOUNG_MICE/Mouse945/TMaze/concat/2026-02-13T17_12_23/timestamps2026-02-13T17_12_23.csv,True,/media/toor/SeagateClean/Bpod Local/Data/Mouse945/TMaze4/Session Data/Mouse945_TMaze4_20260213_171332.mat,1,/media/toor/Seagate3/YOUNG_MICE/Mouse945/Round1.5/TMaze/2026-02-13T17_12_23/dlc_trim_info.csv,/media/toor/Seagate3/YOUNG_MICE/Mouse945/Round1.5/TMaze/2026-02-13T17_12_23/TMaze_Linear2026-02-13T17_12_23.avi,/media/toor/Seagate3/YOUNG_MICE/Mouse945/Round1.5/TMaze/2026-02-13T17_12_23/dlc/2026-02-13_17-12-23_TMaze_trimmed_trials.csv,/media/toor/Seagate3/YOUNG_MICE/Mouse945/Round1.5/TMaze/2026-02-13T17_12_23/dlc/2026-02-13_17-12-23_TMaze_TMaze_linearized_binned_trials_70nbins.csv,True,True
Mouse945,TMaze,2026-02-14T17_17_22,2026-02-14,pre2026-05,align,young,/media/toor/Seagate3/YOUNG_MICE/Mouse945/Round1.5/TMaze/2026-02-14T17_17_22,/media/toor/Seagate3/YOUNG_MICE/Mouse945/TMaze/concat/2026-02-14T17_17_22/Linear2026-02-14T17_17_22.avi,/media/toor/Seagate3/YOUNG_MICE/Mouse945/TMaze/concat/2026-02-14T17_17_22/timestamps2026-02-14T17_17_22.csv,True,/media/toor/SeagateClean/Bpod Local/Data/Mouse945/TMaze4/Session Data/Mouse945_TMaze4_20260214_172044.mat,1,/media/toor/Seagate3/YOUNG_MICE/Mouse945/Round1.5/TMaze/2026-02-14T17_17_22/dlc_trim_info.csv,/media/toor/Seagate3/YOUNG_MICE/Mouse945/Round1.5/TMaze/2026-02-14T17_17_22/TMaze_Linear2026-02-14T17_17_22.avi,/media/toor/Seagate3/YOUNG_MICE/Mouse945/Round1.5/TMaze/2026-02-14T17_17_22/dlc/2026-02-14_17-17-22_TMaze_trimmed_trials.csv,/media/toor/Seagate3/YOUNG_MICE/Mouse945/Round1.5/TMaze/2026-02-14T17_17_22/dlc/2026-02-14_17-17-22_TMaze_TMaze_linearized_binned_trials_70nbins.csv,True,True
Mouse945,TMaze,2026-02-15T17_58_08,2026-02-15,pre2026-05,align,young,/media/toor/Seagate3/YOUNG_MICE/Mouse945/Round1.5/TMaze/2026-02-15T17_58_08,/media/toor/Seagate3/YOUNG_MICE/Mouse945/TMaze/concat/2026-02-15T17_58_08/Linear2026-02-15T17_58_08.avi,/media/toor/Seagate3/YOUNG_MICE/Mouse945/TMaze/concat/2026-02-15T17_58_08/timestamps2026-02-15T17_58_08.csv,True,/media/toor/SeagateClean/Bpod Local/Data/Mouse945/TMaze4/Session Data/Mouse945_TMaze4_20260215_180357.mat,1,/media/toor/Seagate3/YOUNG_MICE/Mouse945/Round1.5/TMaze/2026-02-15T17_58_08/dlc_trim_info.csv,/media/toor/Seagate3/YOUNG_MICE/Mouse945/Round1.5/TMaze/2026-02-15T17_58_08/TMaze_Linear2026-02-15T17_58_08.avi,/media/toor/Seagate3/YOUNG_MICE/Mouse945/Round1.5/TMaze/2026-02-15T17_58_08/dlc/2026-02-15_17-58-08_TMaze_trimmed_trials.csv,/media/toor/Seagate3/YOUNG_MICE/Mouse945/Round1.5/TMaze/2026-02-15T17_58_08/dlc/2026-02-15_17-58-08_TMaze_TMaze_linearized_binned_trials_70nbins.csv,True,True
Mouse945,TMaze,2026-02-16T15_28_21,2026-02-16,pre2026-05,align,young,/media/toor/Seagate3/YOUNG_MICE/Mouse945/Round1.5/TMaze/2026-02-16T15_28_21,/media/toor/Seagate3/YOUNG_MICE/Mouse945/TMaze/concat/2026-02-16T15_28_21/Linear2026-02-16T15_28_21.avi,/media/toor/Seagate3/YOUNG_MICE/Mouse945/TMaze/concat/2026-02-16T15_28_21/timestamps2026-02-16T15_28_21.csv,True,/media/toor/SeagateClean/Bpod Local/Data/Mouse945/TMaze4/Session Data/Mouse945_TMaze4_20260216_152724.mat,1,/media/toor/Seagate3/YOUNG_MICE/Mouse945/Round1.5/TMaze/2026-02-16T15_28_21/dlc_trim_info.csv,/media/toor/Seagate3/YOUNG_MICE/Mouse945/Round1.5/TMaze/2026-02-16T15_28_21/TMaze_Linear2026-02-16T15_28_21.avi,/media/toor/Seagate3/YOUNG_MICE/Mouse945/Round1.5/TMaze/2026-02-16T15_28_21/dlc/2026-02-16_15-28-21_TMaze_trimmed_trials.csv,/media/toor/Seagate3/YOUNG_MICE/Mouse945/Round1.5/TMaze/2026-02-16T15_28_21/dlc/2026-02-16_15-28-21_TMaze_TMaze_linearized_binned_trials_70nbins.csv,True,True
Mouse945,TMaze,2026-02-17T16_08_55,2026-02-17,pre2026-05,align,young,/media/toor/Seagate3/YOUNG_MICE/Mouse945/Round1.5/TMaze/2026-02-17T16_08_55,/media/toor/Seagate3/YOUNG_MICE/Mouse945/TMaze/concat/2026-02-17T16_08_55/Linear2026-02-17T16_08_55.avi,/media/toor/Seagate3/YOUNG_MICE/Mouse945/TMaze/concat/2026-02-17T16_08_55/timestamps2026-02-17T16_08_55.csv,True,/media/toor/SeagateClean/Bpod Local/Data/Mouse945/TMaze4/Session Data/Mouse945_TMaze4_20260217_161438.mat,1,/media/toor/Seagate3/YOUNG_MICE/Mouse945/Round1.5/TMaze/2026-02-17T16_08_55/dlc_trim_info.csv,/media/toor/Seagate3/YOUNG_MICE/Mouse945/Round1.5/TMaze/2026-02-17T16_08_55/TMaze_Linear2026-02-17T16_08_55.avi,/media/toor/Seagate3/YOUNG_MICE/Mouse945/Round1.5/TMaze/2026-02-17T16_08_55/dlc/2026-02-17_16-08-55_TMaze_trimmed_trials.csv,/media/toor/Seagate3/YOUNG_MICE/Mouse945/Round1.5/TMaze/2026-02-17T16_08_55/dlc/2026-02-17_16-08-55_TMaze_TMaze_linearized_binned_trials_70nbins.csv,True,True
Mouse945,TMaze,2026-02-18T16_02_18,2026-02-18,pre2026-05,align,young,/media/toor/Seagate3/YOUNG_MICE/Mouse945/Round1.5/TMaze/2026-02-18T16_02_18,/media/toor/Seagate3/YOUNG_MICE/Mouse945/TMaze/concat/2026-02-18T16_02_18/Linear2026-02-18T16_02_18.avi,/media/toor/Seagate3/YOUNG_MICE/Mouse945/TMaze/concat/2026-02-18T16_02_18/timestamps2026-02-18T16_02_18.csv,True,/media/toor/SeagateClean/Bpod Local/Data/Mouse945/TMaze4/Session Data/Mouse945_TMaze4_20260218_160216.mat,2,/media/toor/Seagate3/YOUNG_MICE/Mouse945/Round1.5/TMaze/2026-02-18T16_02_18/dlc_trim_info.csv,/media/toor/Seagate3/YOUNG_MICE/Mouse945/Round1.5/TMaze/2026-02-18T16_02_18/TMaze_Linear2026-02-18T16_02_18.avi,/media/toor/Seagate3/YOUNG_MICE/Mouse945/Round1.5/TMaze/2026-02-18T16_02_18/dlc/2026-02-18_16-02-18_TMaze_trimmed_trials.csv,/media/toor/Seagate3/YOUNG_MICE/Mouse945/Round1.5/TMaze/2026-02-18T16_02_18/dlc/2026-02-18_16-02-18_TMaze_TMaze_linearized_binned_trials_70nbins.csv,True,True
Mouse945,TMaze,2026-02-19T17_16_05,2026-02-19,pre2026-05,align,young,/media/toor/Seagate3/YOUNG_MICE/Mouse945/Round1.5/TMaze/2026-02-19T17_16_05,/media/toor/Seagate3/YOUNG_MICE/Mouse945/TMaze/concat/2026-02-19T17_16_05/Linear2026-02-19T17_16_05.avi,/media/toor/Seagate3/YOUNG_MICE/Mouse945/TMaze/concat/2026-02-19T17_16_05/timestamps2026-02-19T17_16_05.csv,True,/media/toor/SeagateClean/Bpod Local/Data/Mouse945/TMaze4/Session Data/Mouse945_TMaze4_20260219_172130.mat,1,/media/toor/Seagate3/YOUNG_MICE/Mouse945/Round1.5/TMaze/2026-02-19T17_16_05/dlc_trim_info.csv,/media/toor/Seagate3/YOUNG_MICE/Mouse945/Round1.5/TMaze/2026-02-19T17_16_05/TMaze_Linear2026-02-19T17_16_05.avi,/media/toor/Seagate3/YOUNG_MICE/Mouse945/Round1.5/TMaze/2026-02-19T17_16_05/dlc/2026-02-19_17-16-05_TMaze_trimmed_trials.csv,/media/toor/Seagate3/YOUNG_MICE/Mouse945/Round1.5/TMaze/2026-02-19T17_16_05/dlc/2026-02-19_17-16-05_TMaze_TMaze_linearized_binned_trials_70nbins.csv,True,True
Mouse945,TMaze,2026-02-20T16_32_05,2026-02-20,pre2026-05,align,young,/media/toor/Seagate3/YOUNG_MICE/Mouse945/Round1.5/TMaze/2026-02-20T16_32_05,/media/toor/Seagate3/YOUNG_MICE/Mouse945/TMaze/concat/2026-02-20T16_32_05/Linear2026-02-20T16_32_05.avi,/media/toor/Seagate3/YOUNG_MICE/Mouse945/TMaze/concat/2026-02-20T16_32_05/timestamps2026-02-20T16_32_05.csv,True,/media/toor/SeagateClean/Bpod Local/Data/Mouse945/TMaze4/Session Data/Mouse945_TMaze4_20260220_163131.mat,1,/media/toor/Seagate3/YOUNG_MICE/Mouse945/Round1.5/TMaze/2026-02-20T16_32_05/dlc_trim_info.csv,/media/toor/Seagate3/YOUNG_MICE/Mouse945/Round1.5/TMaze/2026-02-20T16_32_05/TMaze_Linear2026-02-20T16_32_05.avi,/media/toor/Seagate3/YOUNG_MICE/Mouse945/Round1.5/TMaze/2026-02-20T16_32_05/dlc/2026-02-20_16-32-05_TMaze_trimmed_trials.csv,/media/toor/Seagate3/YOUNG_MICE/Mouse945/Round1.5/TMaze/2026-02-20T16_32_05/dlc/2026-02-20_16-32-05_TMaze_TMaze_linearized_binned_trials_70nbins.csv,True,True
Mouse945,TMaze,2026-02-21T16_36_21,2026-02-21,pre2026-05,align,young,/media/toor/Seagate3/YOUNG_MICE/Mouse945/Round1.5/TMaze/2026-02-21T16_36_21,/media/toor/Seagate3/YOUNG_MICE/Mouse945/TMaze/concat/2026-02-21T16_36_21/Linear2026-02-21T16_36_21.avi,/media/toor/Seagate3/YOUNG_MICE/Mouse945/TMaze/concat/2026-02-21T16_36_21/timestamps2026-02-21T16_36_21.csv,True,/media/toor/SeagateClean/Bpod Local/Data/Mouse945/TMaze4/Session Data/Mouse945_TMaze4_20260221_164204.mat,1,/media/toor/Seagate3/YOUNG_MICE/Mouse945/Round1.5/TMaze/2026-02-21T16_36_21/dlc_trim_info.csv,/media/toor/Seagate3/YOUNG_MICE/Mouse945/Round1.5/TMaze/2026-02-21T16_36_21/TMaze_Linear2026-02-21T16_36_21.avi,/media/toor/Seagate3/YOUNG_MICE/Mouse945/Round1.5/TMaze/2026-02-21T16_36_21/dlc/2026-02-21_16-36-21_TMaze_trimmed_trials.csv,/media/toor/Seagate3/YOUNG_MICE/Mouse945/Round1.5/TMaze/2026-02-21T16_36_21/dlc/2026-02-21_16-36-21_TMaze_TMaze_linearized_binned_trials_70nbins.csv,True,True
Mouse945,TMaze,2026-02-23T17_41_31,2026-02-23,pre2026-05,align,young,/media/toor/Seagate3/YOUNG_MICE/Mouse945/Round1.5/TMaze/2026-02-23T17_41_31,/media/toor/Seagate3/YOUNG_MICE/Mouse945/TMaze/concat/2026-02-23T17_41_31/Linear2026-02-23T17_41_31.avi,/media/toor/Seagate3/YOUNG_MICE/Mouse945/TMaze/concat/2026-02-23T17_41_31/timestamps2026-02-23T17_41_31.csv,True,/media/toor/SeagateClean/Bpod Local/Data/Mouse945/TMaze4/Session Data/Mouse945_TMaze4_20260223_174643.mat,1,/media/toor/Seagate3/YOUNG_MICE/Mouse945/Round1.5/TMaze/2026-02-23T17_41_31/dlc_trim_info.csv,/media/toor/Seagate3/YOUNG_MICE/Mouse945/Round1.5/TMaze/2026-02-23T17_41_31/TMaze_Linear2026-02-23T17_41_31.avi,/media/toor/Seagate3/YOUNG_MICE/Mouse945/Round1.5/TMaze/2026-02-23T17_41_31/dlc/2026-02-23_17-41-31_TMaze_trimmed_trials.csv,/media/toor/Seagate3/YOUNG_MICE/Mouse945/Round1.5/TMaze/2026-02-23T17_41_31/dlc/2026-02-23_17-41-31_TMaze_TMaze_linearized_binned_trials_70nbins.csv,True,True
Mouse945,TMaze,2026-02-24T17_39_39,2026-02-24,pre2026-05,align,young,/media/toor/Seagate3/YOUNG_MICE/Mouse945/Round1.5/TMaze/2026-02-24T17_39_39,/media/toor/Seagate3/YOUNG_MICE/Mouse945/TMaze/concat/2026-02-24T17_39_39/Linear2026-02-24T17_39_39.avi,/media/toor/Seagate3/YOUNG_MICE/Mouse945/TMaze/concat/2026-02-24T17_39_39/timestamps2026-02-24T17_39_39.csv,True,/media/toor/SeagateClean/Bpod Local/Data/Mouse945/TMaze4/Session Data/Mouse945_TMaze4_20260224_173949.mat,1,/media/toor/Seagate3/YOUNG_MICE/Mouse945/Round1.5/TMaze/2026-02-24T17_39_39/dlc_trim_info.csv,/media/toor/Seagate3/YOUNG_MICE/Mouse945/Round1.5/TMaze/2026-02-24T17_39_39/TMaze_Linear2026-02-24T17_39_39.avi,/media/toor/Seagate3/YOUNG_MICE/Mouse945/Round1.5/TMaze/2026-02-24T17_39_39/dlc/2026-02-24_17-39-39_TMaze_trimmed_trials.csv,/media/toor/Seagate3/YOUNG_MICE/Mouse945/Round1.5/TMaze/2026-02-24T17_39_39/dlc/2026-02-24_17-39-39_TMaze_TMaze_linearized_binned_trials_70nbins.csv,True,True
Mouse945,TMaze,2026-02-25T16_16_02,2026-02-25,pre2026-05,align,young,/media/toor/Seagate3/YOUNG_MICE/Mouse945/Round1.5/TMaze/2026-02-25T16_16_02,/media/toor/Seagate3/YOUNG_MICE/Mouse945/TMaze/concat/2026-02-25T16_16_02/Linear2026-02-25T16_16_02.avi,/media/toor/Seagate3/YOUNG_MICE/Mouse945/TMaze/concat/2026-02-25T16_16_02/timestamps2026-02-25T16_16_02.csv,True,/media/toor/SeagateClean/Bpod Local/Data/Mouse945/TMaze4/Session Data/Mouse945_TMaze4_20260225_162200.mat,1,/media/toor/Seagate3/YOUNG_MICE/Mouse945/Round1.5/TMaze/2026-02-25T16_16_02/dlc_trim_info.csv,/media/toor/Seagate3/YOUNG_MICE/Mouse945/Round1.5/TMaze/2026-02-25T16_16_02/TMaze_Linear2026-02-25T16_16_02.avi,/media/toor/Seagate3/YOUNG_MICE/Mouse945/Round1.5/TMaze/2026-02-25T16_16_02/dlc/2026-02-25_16-16-02_TMaze_trimmed_trials.csv,/media/toor/Seagate3/YOUNG_MICE/Mouse945/Round1.5/TMaze/2026-02-25T16_16_02/dlc/2026-02-25_16-16-02_TMaze_TMaze_linearized_binned_trials_70nbins.csv,True,True
Mouse945,TMaze,2026-02-26T16_49_28,2026-02-26,pre2026-05,align,young,/media/toor/Seagate3/YOUNG_MICE/Mouse945/Round1.5/TMaze/2026-02-26T16_49_28,/media/toor/Seagate3/YOUNG_MICE/Mouse945/TMaze/concat/2026-02-26T16_49_28/Linear2026-02-26T16_49_28.avi,/media/toor/Seagate3/YOUNG_MICE/Mouse945/TMaze/concat/2026-02-26T16_49_28/timestamps2026-02-26T16_49_28.csv,True,/media/toor/SeagateClean/Bpod Local/Data/Mouse945/TMaze4/Session Data/Mouse945_TMaze4_20260226_165010.mat,1,/media/toor/Seagate3/YOUNG_MICE/Mouse945/Round1.5/TMaze/2026-02-26T16_49_28/dlc_trim_info.csv,/media/toor/Seagate3/YOUNG_MICE/Mouse945/Round1.5/TMaze/2026-02-26T16_49_28/TMaze_Linear2026-02-26T16_49_28.avi,/media/toor/Seagate3/YOUNG_MICE/Mouse945/Round1.5/TMaze/2026-02-26T16_49_28/dlc/2026-02-26_16-49-28_TMaze_trimmed_trials.csv,/media/toor/Seagate3/YOUNG_MICE/Mouse945/Round1.5/TMaze/2026-02-26T16_49_28/dlc/2026-02-26_16-49-28_TMaze_TMaze_linearized_binned_trials_70nbins.csv,True,True
Mouse945,TMaze,2026-02-27T17_51_54,2026-02-27,pre2026-05,align,young,/media/toor/Seagate3/YOUNG_MICE/Mouse945/Round1.5/TMaze/2026-02-27T17_51_54,/media/toor/Seagate3/YOUNG_MICE/Mouse945/TMaze/concat/2026-02-27T17_51_54/Linear2026-02-27T17_51_54.avi,/media/toor/Seagate3/YOUNG_MICE/Mouse945/TMaze/concat/2026-02-27T17_51_54/timestamps2026-02-27T17_51_54.csv,True,/media/toor/SeagateClean/Bpod Local/Data/Mouse945/TMaze4/Session Data/Mouse945_TMaze4_20260227_175804.mat,1,/media/toor/Seagate3/YOUNG_MICE/Mouse945/Round1.5/TMaze/2026-02-27T17_51_54/dlc_trim_info.csv,/media/toor/Seagate3/YOUNG_MICE/Mouse945/Round1.5/TMaze/2026-02-27T17_51_54/TMaze_Linear2026-02-27T17_51_54.avi,/media/toor/Seagate3/YOUNG_MICE/Mouse945/Round1.5/TMaze/2026-02-27T17_51_54/dlc/2026-02-27_17-51-54_TMaze_trimmed_trials.csv,/media/toor/Seagate3/YOUNG_MICE/Mouse945/Round1.5/TMaze/2026-02-27T17_51_54/dlc/2026-02-27_17-51-54_TMaze_TMaze_linearized_binned_trials_70nbins.csv,True,True
Mouse945,TMaze,2026-02-28T17_46_14,2026-02-28,pre2026-05,align,young,/media/toor/Seagate3/YOUNG_MICE/Mouse945/Round1.5/TMaze/2026-02-28T17_46_14,/media/toor/Seagate3/YOUNG_MICE/Mouse945/TMaze/concat/2026-02-28T17_46_14/Linear2026-02-28T17_46_14.avi,/media/toor/Seagate3/YOUNG_MICE/Mouse945/TMaze/concat/2026-02-28T17_46_14/timestamps2026-02-28T17_46_14.csv,True,/media/toor/SeagateClean/Bpod Local/Data/Mouse945/TMaze4/Session Data/Mouse945_TMaze4_20260228_174409.mat,1,/media/toor/Seagate3/YOUNG_MICE/Mouse945/Round1.5/TMaze/2026-02-28T17_46_14/dlc_trim_info.csv,/media/toor/Seagate3/YOUNG_MICE/Mouse945/Round1.5/TMaze/2026-02-28T17_46_14/TMaze_Linear2026-02-28T17_46_14.avi,/media/toor/Seagate3/YOUNG_MICE/Mouse945/Round1.5/TMaze/2026-02-28T17_46_14/dlc/2026-02-28_17-46-14_TMaze_trimmed_trials.csv,/media/toor/Seagate3/YOUNG_MICE/Mouse945/Round1.5/TMaze/2026-02-28T17_46_14/dlc/2026-02-28_17-46-14_TMaze_TMaze_linearized_binned_trials_70nbins.csv,True,True
Mouse945,TMaze,2026-03-01T18_12_10,2026-03-01,pre2026-05,align,young,/media/toor/Seagate3/YOUNG_MICE/Mouse945/Round1.5/TMaze/2026-03-01T18_12_10,/media/toor/Seagate3/YOUNG_MICE/Mouse945/TMaze/concat/2026-03-01T18_12_10/Linear2026-03-01T18_12_10.avi,/media/toor/Seagate3/YOUNG_MICE/Mouse945/TMaze/concat/2026-03-01T18_12_10/timestamps2026-03-01T18_12_10.csv,True,/media/toor/SeagateClean/Bpod Local/Data/Mouse945/TMaze4/Session Data/Mouse945_TMaze4_20260301_181753.mat,1,/media/toor/Seagate3/YOUNG_MICE/Mouse945/Round1.5/TMaze/2026-03-01T18_12_10/dlc_trim_info.csv,/media/toor/Seagate3/YOUNG_MICE/Mouse945/Round1.5/TMaze/2026-03-01T18_12_10/TMaze_Linear2026-03-01T18_12_10.avi,/media/toor/Seagate3/YOUNG_MICE/Mouse945/Round1.5/TMaze/2026-03-01T18_12_10/dlc/2026-03-01_18-12-10_TMaze_trimmed_trials.csv,/media/toor/Seagate3/YOUNG_MICE/Mouse945/Round1.5/TMaze/2026-03-01T18_12_10/dlc/2026-03-01_18-12-10_TMaze_TMaze_linearized_binned_trials_70nbins.csv,True,True
Mouse945,TMaze,2026-07-16T14_32_41,2026-07-16,post2026-05,align,young,/media/toor/Seagate3/Mouse945 - Round2/TMaze/2026-07-16T14_32_41,/media/toor/Seagate3/.Trash-1000/files/2026-07-16T14_32_41/Linear2026-07-16T14_32_41.avi,/media/toor/Seagate3/.Trash-1000/files/2026-07-16T14_32_41/timestamps2026-07-16T14_32_41.csv,True,/media/toor/SeagateClean/Bpod Local/Data/Mouse945/TMaze4/Session Data/Mouse945_TMaze4_20260716_143609.mat,1,/media/toor/Seagate3/Mouse945 - Round2/TMaze/2026-07-16T14_32_41/dlc_trim_info.csv,/media/toor/Seagate3/Mouse945 - Round2/TMaze/2026-07-16T14_32_41/TMaze_Linear2026-07-16T14_32_41.avi,,,True,False
Mouse945,TMaze,2026-07-17T14_25_12,2026-07-17,post2026-05,align,young,/media/toor/Seagate3/Mouse945 - Round2/TMaze/2026-07-17T14_25_12,/media/toor/Seagate3/Mouse945 - Round2/RAW_DATA/TMaze/2026-07-17T14_25_12/Linear2026-07-17T14_25_12.avi,/media/toor/Seagate3/Mouse945 - Round2/RAW_DATA/TMaze/2026-07-17T14_25_12/timestamps2026-07-17T14_25_12.csv,True,/media/toor/SeagateClean/Bpod Local/Data/Mouse945/TMaze4/Session Data/Mouse945_TMaze4_20260717_142911.mat,1,/media/toor/Seagate3/Mouse945 - Round2/TMaze/2026-07-17T14_25_12/dlc_trim_info.csv,/media/toor/Seagate3/Mouse945 - Round2/TMaze/2026-07-17T14_25_12/TMaze_Linear2026-07-17T14_25_12.avi,,,True,False
Mouse945,TMaze,2026-07-18T14_21_01,2026-07-18,post2026-05,align,young,/media/toor/Seagate3/Mouse945 - Round2/TMaze/2026-07-18T14_21_01,/media/toor/Seagate3/Mouse945 - Round2/RAW_DATA/TMaze/2026-07-18T14_21_01/Linear2026-07-18T14_21_01.avi,/media/toor/Seagate3/Mouse945 - Round2/RAW_DATA/TMaze/2026-07-18T14_21_01/timestamps2026-07-18T14_21_01.csv,True,/media/toor/SeagateClean/Bpod Local/Data/Mouse945/TMaze4/Session Data/Mouse945_TMaze4_20260718_142752.mat,1,/media/toor/Seagate3/Mouse945 - Round2/TMaze/2026-07-18T14_21_01/dlc_trim_info.csv,/media/toor/Seagate3/Mouse945 - Round2/TMaze/2026-07-18T14_21_01/TMaze_Linear2026-07-18T14_21_01.avi,,,True,False
Mouse945,TMaze,2026-07-19T16_15_06,2026-07-19,post2026-05,align,young,/media/toor/Seagate3/Mouse945 - Round2/TMaze/2026-07-19T16_15_06,/media/toor/Seagate3/Mouse945 - Round2/RAW_DATA/TMaze/2026-07-19T16_15_06/Linear2026-07-19T16_15_06.avi,/media/toor/Seagate3/Mouse945 - Round2/RAW_DATA/TMaze/2026-07-19T16_15_06/timestamps2026-07-19T16_15_06.csv,True,/media/toor/SeagateClean/Bpod Local/Data/Mouse945/TMaze4/Session Data/Mouse945_TMaze4_20260719_161912.mat,1,/media/toor/Seagate3/Mouse945 - Round2/TMaze/2026-07-19T16_15_06/dlc_trim_info.csv,/media/toor/Seagate3/Mouse945 - Round2/TMaze/2026-07-19T16_15_06/TMaze_Linear2026-07-19T16_15_06.avi,,,True,False
Mouse945,TMaze,2026-07-20T14_38_37,2026-07-20,post2026-05,align,young,/media/toor/Seagate3/Mouse945 - Round2/TMaze/2026-07-20T14_38_37,/media/toor/Seagate3/Mouse945 - Round2/RAW_DATA/TMaze/2026-07-20T14_38_37/Linear2026-07-20T14_38_37.avi,/media/toor/Seagate3/Mouse945 - Round2/RAW_DATA/TMaze/2026-07-20T14_38_37/timestamps2026-07-20T14_38_37.csv,True,/media/toor/SeagateClean/Bpod Local/Data/Mouse945/TMaze4/Session Data/Mouse945_TMaze4_20260720_143828.mat,1,/media/toor/Seagate3/Mouse945 - Round2/TMaze/2026-07-20T14_38_37/dlc_trim_info.csv,/media/toor/Seagate3/Mouse945 - Round2/TMaze/2026-07-20T14_38_37/TMaze_Linear2026-07-20T14_38_37.avi,,,True,False
Mouse945,TMaze,2026-07-21T15_24_12,2026-07-21,post2026-05,align,young,/media/toor/Seagate3/Mouse945 - Round2/TMaze/2026-07-21T15_24_12,/media/toor/Seagate3/Mouse945 - Round2/RAW_DATA/TMaze/2026-07-21T15_24_12/Linear2026-07-21T15_24_12.avi,/media/toor/Seagate3/Mouse945 - Round2/RAW_DATA/TMaze/2026-07-21T15_24_12/timestamps2026-07-21T15_24_12.csv,True,/media/toor/SeagateClean/Bpod Local/Data/Mouse945/TMaze4/Session Data/Mouse945_TMaze4_20260721_152504.mat,1,/media/toor/Seagate3/Mouse945 - Round2/TMaze/2026-07-21T15_24_12/dlc_trim_info.csv,/media/toor/Seagate3/Mouse945 - Round2/TMaze/2026-07-21T15_24_12/TMaze_Linear2026-07-21T15_24_12.avi,,,True,False
Mouse945,TMaze,2026-07-22T14_38_48,2026-07-22,post2026-05,align,young,/media/toor/Seagate3/Mouse945 - Round2/TMaze/2026-07-22T14_38_48,/media/toor/Seagate3/Mouse945 - Round2/RAW_DATA/TMaze/2026-07-22T14_38_48/Linear2026-07-22T14_38_48.avi,/media/toor/Seagate3/Mouse945 - Round2/RAW_DATA/TMaze/2026-07-22T14_38_48/timestamps2026-07-22T14_38_48.csv,True,/media/toor/SeagateClean/Bpod Local/Data/Mouse945/TMaze4/Session Data/Mouse945_TMaze4_20260722_143856.mat,1,/media/toor/Seagate3/Mouse945 - Round2/TMaze/2026-07-22T14_38_48/dlc_trim_info.csv,/media/toor/Seagate3/Mouse945 - Round2/TMaze/2026-07-22T14_38_48/TMaze_Linear2026-07-22T14_38_48.avi,,,True,False
Mouse945,TMaze,2026-07-23T14_58_12,2026-07-23,post2026-05,align,young,/media/toor/Seagate3/Mouse945 - Round2/TMaze/2026-07-23T14_58_12,/media/toor/Seagate3/Mouse945 - Round2/RAW_DATA/TMaze/2026-07-23T14_58_12/Linear2026-07-23T14_58_12.avi,/media/toor/Seagate3/Mouse945 - Round2/RAW_DATA/TMaze/2026-07-23T14_58_12/timestamps2026-07-23T14_58_12.csv,True,/media/toor/SeagateClean/Bpod Local/Data/Mouse945/TMaze4/Session Data/Mouse945_TMaze4_20260723_145002.mat,1,/media/toor/Seagate3/Mouse945 - Round2/TMaze/2026-07-23T14_58_12/dlc_trim_info.csv,/media/toor/Seagate3/Mouse945 - Round2/TMaze/2026-07-23T14_58_12/TMaze_Linear2026-07-23T14_58_12.avi,,,True,False
Mouse945,TMaze,2026-07-24T15_40_50,2026-07-24,post2026-05,align,young,/media/toor/Seagate3/Mouse945 - Round2/TMaze/2026-07-24T15_40_50,/media/toor/Seagate3/Mouse945 - Round2/RAW_DATA/TMaze/2026-07-24T15_40_50/Linear2026-07-24T15_40_50.avi,/media/toor/Seagate3/Mouse945 - Round2/RAW_DATA/TMaze/2026-07-24T15_40_50/timestamps2026-07-24T15_40_50.csv,True,/media/toor/SeagateClean/Bpod Local/Data/Mouse945/TMaze4/Session Data/Mouse945_TMaze4_20260724_154627.mat,1,/media/toor/Seagate3/Mouse945 - Round2/TMaze/2026-07-24T15_40_50/dlc_trim_info.csv,/media/toor/Seagate3/Mouse945 - Round2/TMaze/2026-07-24T15_40_50/TMaze_Linear2026-07-24T15_40_50.avi,,,True,False
Mouse945,TMaze,2026-07-26T15_41_27,2026-07-26,post2026-05,align,young,/media/toor/Seagate3/Mouse945 - Round2/TMaze/2026-07-26T15_41_27,/media/toor/Seagate3/Mouse945 - Round2/RAW_DATA/TMaze/2026-07-26T15_41_27/Linear2026-07-26T15_41_27.avi,/media/toor/Seagate3/Mouse945 - Round2/RAW_DATA/TMaze/2026-07-26T15_41_27/timestamps2026-07-26T15_41_27.csv,True,,0,/media/toor/Seagate3/Mouse945 - Round2/TMaze/2026-07-26T15_41_27/dlc_trim_info.csv,/media/toor/Seagate3/Mouse945 - Round2/TMaze/2026-07-26T15_41_27/TMaze_Linear2026-07-26T15_41_27.avi,,,False,False
Mouse945,TMaze,2026-07-27T15_21_19,2026-07-27,post2026-05,align,young,/media/toor/Seagate3/Mouse945 - Round2/TMaze/2026-07-27T15_21_19,/media/toor/Seagate3/Mouse945 - Round2/RAW_DATA/TMaze/2026-07-27T15_21_19/Linear2026-07-27T15_21_19.avi,/media/toor/Seagate3/Mouse945 - Round2/RAW_DATA/TMaze/2026-07-27T15_21_19/timestamps2026-07-27T15_21_19.csv,True,,0,/media/toor/Seagate3/Mouse945 - Round2/TMaze/2026-07-27T15_21_19/dlc_trim_info.csv,/media/toor/Seagate3/Mouse945 - Round2/TMaze/2026-07-27T15_21_19/TMaze_Linear2026-07-27T15_21_19.avi,,,False,False
Mouse945,TMaze,2026-07-28T15_54_40,2026-07-28,post2026-05,align,young,/media/toor/Seagate3/Mouse945 - Round2/TMaze/2026-07-28T15_54_40,/media/toor/Seagate3/Mouse945 - Round2/RAW_DATA/TMaze/2026-07-28T15_54_40/Linear2026-07-28T15_54_40.avi,/media/toor/Seagate3/Mouse945 - Round2/RAW_DATA/TMaze/2026-07-28T15_54_40/timestamps2026-07-28T15_54_40.csv,True,,0,/media/toor/Seagate3/Mouse945 - Round2/TMaze/2026-07-28T15_54_40/dlc_trim_info.csv,/media/toor/Seagate3/Mouse945 - Round2/TMaze/2026-07-28T15_54_40/TMaze_Linear2026-07-28T15_54_40.avi,,,False,False
Mouse945,TMaze,2026-07-29T13_56_33,2026-07-29,post2026-05,align,young,/media/toor/Seagate3/Mouse945 - Round2/TMaze/2026-07-29T13_56_33,/media/toor/Seagate3/Mouse945 - Round2/RAW_DATA/TMaze/2026-07-29T13_56_33/Linear2026-07-29T13_56_33.avi,/media/toor/Seagate3/Mouse945 - Round2/RAW_DATA/TMaze/2026-07-29T13_56_33/timestamps2026-07-29T13_56_33.csv,True,,0,/media/toor/Seagate3/Mouse945 - Round2/TMaze/2026-07-29T13_56_33/dlc_trim_info.csv,/media/toor/Seagate3/Mouse945 - Round2/TMaze/2026-07-29T13_56_33/TMaze_Linear2026-07-29T13_56_33.avi,,,False,False
Mouse945,TMaze,2026-07-30T16_13_18,2026-07-30,post2026-05,align,young,/media/toor/Seagate3/Mouse945 - Round2/TMaze/2026-07-30T16_13_18,/media/toor/Seagate3/Mouse945 - Round2/RAW_DATA/TMaze/2026-07-30T16_13_18/Linear2026-07-30T16_13_18.avi,/media/toor/Seagate3/Mouse945 - Round2/RAW_DATA/TMaze/2026-07-30T16_13_18/timestamps2026-07-30T16_13_18.csv,True,,0,/media/toor/Seagate3/Mouse945 - Round2/TMaze/2026-07-30T16_13_18/dlc_trim_info.csv,/media/toor/Seagate3/Mouse945 - Round2/TMaze/2026-07-30T16_13_18/TMaze_Linear2026-07-30T16_13_18.avi,,,False,False
Mouse945,TMaze,2026-08-01T15_38_08,2026-08-01,post2026-05,align,young,/media/toor/Seagate3/Mouse945 - Round2/TMaze/2026-08-01T15_38_08,/media/toor/Seagate3/Mouse945 - Round2/RAW_DATA/TMaze/2026-08-01T15_38_08/Linear2026-08-01T15_38_08.avi,/media/toor/Seagate3/Mouse945 - Round2/RAW_DATA/TMaze/2026-08-01T15_38_08/timestamps2026-08-01T15_38_08.csv,True,,0,/media/toor/Seagate3/Mouse945 - Round2/TMaze/2026-08-01T15_38_08/dlc_trim_info.csv,/media/toor/Seagate3/Mouse945 - Round2/TMaze/2026-08-01T15_38_08/TMaze_Linear2026-08-01T15_38_08.avi,,,False,False
Mouse945,TMaze,2026-08-02T15_19_00,2026-08-02,post2026-05,align,young,/media/toor/Seagate3/Mouse945 - Round2/TMaze/2026-08-02T15_19_00,/media/toor/Seagate3/Mouse945 - Round2/RAW_DATA/TMaze/2026-08-02T15_19_00/Linear2026-08-02T15_19_00.avi,/media/toor/Seagate3/Mouse945 - Round2/RAW_DATA/TMaze/2026-08-02T15_19_00/timestamps2026-08-02T15_19_00.csv,True,,0,/media/toor/Seagate3/Mouse945 - Round2/TMaze/2026-08-02T15_19_00/dlc_trim_info.csv,/media/toor/Seagate3/Mouse945 - Round2/TMaze/2026-08-02T15_19_00/TMaze_Linear2026-08-02T15_19_00.avi,,,False,False
Mouse945,TMaze,2026-08-03T15_24_27,2026-08-03,post2026-05,align,young,/media/toor/Seagate3/Mouse945 - Round2/TMaze/2026-08-03T15_24_27,/media/toor/Seagate3/Mouse945 - Round2/RAW_DATA/TMaze/2026-08-03T15_24_27/Linear2026-08-03T15_24_27.avi,/media/toor/Seagate3/Mouse945 - Round2/RAW_DATA/TMaze/2026-08-03T15_24_27/timestamps2026-08-03T15_24_27.csv,True,,0,/media/toor/Seagate3/Mouse945 - Round2/TMaze/2026-08-03T15_24_27/dlc_trim_info.csv,/media/toor/Seagate3/Mouse945 - Round2/TMaze/2026-08-03T15_24_27/TMaze_Linear2026-08-03T15_24_27.avi,,,False,False
Mouse945,TMaze,2026-08-04T15_31_59,2026-08-04,post2026-05,align,young,/media/toor/Seagate3/Mouse945 - Round2/TMaze/2026-08-04T15_31_59,/media/toor/Seagate3/Mouse945 - Round2/RAW_DATA/TMaze/2026-08-04T15_31_59/Linear2026-08-04T15_31_59.avi,/media/toor/Seagate3/Mouse945 - Round2/RAW_DATA/TMaze/2026-08-04T15_31_59/timestamps2026-08-04T15_31_59.csv,True,,0,/media/toor/Seagate3/Mouse945 - Round2/TMaze/2026-08-04T15_31_59/dlc_trim_info.csv,/media/toor/Seagate3/Mouse945 - Round2/TMaze/2026-08-04T15_31_59/TMaze_Linear2026-08-04T15_31_59.avi,,,False,False
Mouse946,Linear,2026-01-21T16_01_20,2026-01-21,pre2026-05,detect,young,/media/toor/Seagate3/YOUNG_MICE/Mouse946/Round1/Linear/2026-01-21T16_01_20,/media/toor/Seagate2/YOUNG_MICE/Mouse946/Linear2026-01-21T16_01_20.avi,/media/toor/Seagate2/YOUNG_MICE/Mouse946/timestamps2026-01-21T16_01_20.csv,True,/media/toor/SeagateClean/Bpod Local/Data/Mouse946/LinearTrack/Session Data/Mouse946_LinearTrack_20260121_160643.mat,1,/media/toor/Seagate3/YOUNG_MICE/Mouse946/Round1/Linear/2026-01-21T16_01_20/dlc_trim_info.csv,/media/toor/Seagate3/YOUNG_MICE/Mouse946/Round1/Linear/2026-01-21T16_01_20/Linear_Linear2026-01-21T16_01_20.avi,/media/toor/Seagate3/YOUNG_MICE/Mouse946/Round1/Linear/2026-01-21T16_01_20/dlc/2026-01-21_16-01-20_LinearTrack_lineartrack_trials.csv,/media/toor/Seagate3/YOUNG_MICE/Mouse946/Round1/Linear/2026-01-21T16_01_20/dlc/2026-01-21_16-01-20_LinearTrack_linearized_binned_trials_70nbins.csv,True,True
Mouse946,Linear,2026-01-22T17_02_59,2026-01-22,pre2026-05,detect,young,/media/toor/Seagate3/YOUNG_MICE/Mouse946/Round1/Linear/2026-01-22T17_02_59,/media/toor/Seagate2/YOUNG_MICE/Mouse946/Linear2026-01-22T17_02_59.avi,/media/toor/Seagate2/YOUNG_MICE/Mouse946/timestamps2026-01-22T17_02_59.csv,True,/media/toor/SeagateClean/Bpod Local/Data/Mouse946/LinearTrack/Session Data/Mouse946_LinearTrack_20260122_171028.mat,1,/media/toor/Seagate3/YOUNG_MICE/Mouse946/Round1/Linear/2026-01-22T17_02_59/dlc_trim_info.csv,/media/toor/Seagate3/YOUNG_MICE/Mouse946/Round1/Linear/2026-01-22T17_02_59/Linear_Linear2026-01-22T17_02_59.avi,/media/toor/Seagate3/YOUNG_MICE/Mouse946/Round1/Linear/2026-01-22T17_02_59/dlc/2026-01-22_17-02-59_LinearTrack_lineartrack_trials.csv,/media/toor/Seagate3/YOUNG_MICE/Mouse946/Round1/Linear/2026-01-22T17_02_59/dlc/2026-01-22_17-02-59_LinearTrack_linearized_binned_trials_70nbins.csv,True,True
Mouse946,Linear,2026-01-23T15_38_26,2026-01-23,pre2026-05,detect,young,/media/toor/Seagate3/YOUNG_MICE/Mouse946/Round1/Linear/2026-01-23T15_38_26,/media/toor/Seagate2/YOUNG_MICE/Mouse946/Linear2026-01-23T15_38_26.avi,/media/toor/Seagate2/YOUNG_MICE/Mouse946/timestamps2026-01-23T15_38_26.csv,True,/media/toor/SeagateClean/Bpod Local/Data/Mouse946/LinearTrack/Session Data/Mouse946_LinearTrack_20260123_154515.mat,1,/media/toor/Seagate3/YOUNG_MICE/Mouse946/Round1/Linear/2026-01-23T15_38_26/dlc_trim_info.csv,/media/toor/Seagate3/YOUNG_MICE/Mouse946/Round1/Linear/2026-01-23T15_38_26/Linear_Linear2026-01-23T15_38_26.avi,/media/toor/Seagate3/YOUNG_MICE/Mouse946/Round1/Linear/2026-01-23T15_38_26/dlc/2026-01-23_15-38-26_LinearTrack_lineartrack_trials.csv,/media/toor/Seagate3/YOUNG_MICE/Mouse946/Round1/Linear/2026-01-23T15_38_26/dlc/2026-01-23_15-38-26_LinearTrack_linearized_binned_trials_70nbins.csv,True,True
Mouse946,Linear,2026-01-24T16_43_49,2026-01-24,pre2026-05,detect,young,/media/toor/Seagate3/YOUNG_MICE/Mouse946/Round1/Linear/2026-01-24T16_43_49,/media/toor/Seagate2/YOUNG_MICE/Mouse946/Linear2026-01-24T16_43_49.avi,/media/toor/Seagate2/YOUNG_MICE/Mouse946/timestamps2026-01-24T16_43_49.csv,True,/media/toor/SeagateClean/Bpod Local/Data/Mouse946/LinearTrack/Session Data/Mouse946_LinearTrack_20260124_164527.mat,1,/media/toor/Seagate3/YOUNG_MICE/Mouse946/Round1/Linear/2026-01-24T16_43_49/dlc_trim_info.csv,/media/toor/Seagate3/YOUNG_MICE/Mouse946/Round1/Linear/2026-01-24T16_43_49/Linear_Linear2026-01-24T16_43_49.avi,/media/toor/Seagate3/YOUNG_MICE/Mouse946/Round1/Linear/2026-01-24T16_43_49/dlc/2026-01-24_16-43-49_LinearTrack_lineartrack_trials.csv,/media/toor/Seagate3/YOUNG_MICE/Mouse946/Round1/Linear/2026-01-24T16_43_49/dlc/2026-01-24_16-43-49_LinearTrack_linearized_binned_trials_70nbins.csv,True,True
Mouse946,Linear,2026-01-25T16_08_08,2026-01-25,pre2026-05,detect,young,/media/toor/Seagate3/YOUNG_MICE/Mouse946/Round1/Linear/2026-01-25T16_08_08,/media/toor/Seagate2/YOUNG_MICE/Mouse946/Linear2026-01-25T16_08_08.avi,/media/toor/Seagate2/YOUNG_MICE/Mouse946/timestamps2026-01-25T16_08_08.csv,True,/media/toor/SeagateClean/Bpod Local/Data/Mouse946/LinearTrack/Session Data/Mouse946_LinearTrack_20260125_161230.mat,1,/media/toor/Seagate3/YOUNG_MICE/Mouse946/Round1/Linear/2026-01-25T16_08_08/dlc_trim_info.csv,/media/toor/Seagate3/YOUNG_MICE/Mouse946/Round1/Linear/2026-01-25T16_08_08/Linear_Linear2026-01-25T16_08_08.avi,/media/toor/Seagate3/YOUNG_MICE/Mouse946/Round1/Linear/2026-01-25T16_08_08/dlc/2026-01-25_16-08-08_LinearTrack_lineartrack_trials.csv,/media/toor/Seagate3/YOUNG_MICE/Mouse946/Round1/Linear/2026-01-25T16_08_08/dlc/2026-01-25_16-08-08_LinearTrack_linearized_binned_trials_70nbins.csv,True,True
Mouse946,Linear,2026-01-26T16_27_46,2026-01-26,pre2026-05,detect,young,/media/toor/Seagate3/YOUNG_MICE/Mouse946/Round1/Linear/2026-01-26T16_27_46,/media/toor/Seagate2/YOUNG_MICE/Mouse946/Linear2026-01-26T16_27_46.avi,/media/toor/Seagate3/YOUNG_MICE/Mouse946/Linear/concat/2026-01-26T16_27_46/timestamps2026-01-26T16_27_46.csv,False,/media/toor/SeagateClean/Bpod Local/Data/Mouse946/LinearTrack/Session Data/Mouse946_LinearTrack_20260126_163457.mat,1,/media/toor/Seagate3/YOUNG_MICE/Mouse946/Round1/Linear/2026-01-26T16_27_46/dlc_trim_info.csv,/media/toor/Seagate3/YOUNG_MICE/Mouse946/Round1/Linear/2026-01-26T16_27_46/Linear_Linear2026-01-26T16_27_46.avi,/media/toor/Seagate3/YOUNG_MICE/Mouse946/Round1/Linear/2026-01-26T16_27_46/dlc/2026-01-26_16-27-46_LinearTrack_lineartrack_trials.csv,/media/toor/Seagate3/YOUNG_MICE/Mouse946/Round1/Linear/2026-01-26T16_27_46/dlc/2026-01-26_16-27-46_LinearTrack_linearized_binned_trials_70nbins.csv,True,True
Mouse946,Linear,2026-01-27T16_08_54,2026-01-27,pre2026-05,detect,young,/media/toor/Seagate3/YOUNG_MICE/Mouse946/Round1/Linear/2026-01-27T16_08_54,/media/toor/Seagate2/YOUNG_MICE/Mouse946/Linear2026-01-27T16_08_54.avi,/media/toor/Seagate2/YOUNG_MICE/Mouse946/timestamps2026-01-27T16_08_54.csv,True,/media/toor/SeagateClean/Bpod Local/Data/Mouse946/LinearTrack/Session Data/Mouse946_LinearTrack_20260127_161117.mat,1,/media/toor/Seagate3/YOUNG_MICE/Mouse946/Round1/Linear/2026-01-27T16_08_54/dlc_trim_info.csv,/media/toor/Seagate3/YOUNG_MICE/Mouse946/Round1/Linear/2026-01-27T16_08_54/Linear_Linear2026-01-27T16_08_54.avi,/media/toor/Seagate3/YOUNG_MICE/Mouse946/Round1/Linear/2026-01-27T16_08_54/dlc/2026-01-27_16-08-54_LinearTrack_lineartrack_trials.csv,/media/toor/Seagate3/YOUNG_MICE/Mouse946/Round1/Linear/2026-01-27T16_08_54/dlc/2026-01-27_16-08-54_LinearTrack_linearized_binned_trials_70nbins.csv,True,True
Mouse946,Linear,2026-01-28T17_15_46,2026-01-28,pre2026-05,detect,young,/media/toor/Seagate3/YOUNG_MICE/Mouse946/Round1/Linear/2026-01-28T17_15_46,/media/toor/Seagate2/YOUNG_MICE/Mouse946/Linear2026-01-28T17_15_46.avi,/media/toor/Seagate2/YOUNG_MICE/Mouse946/timestamps2026-01-28T17_15_46.csv,True,/media/toor/SeagateClean/Bpod Local/Data/Mouse946/LinearTrack/Session Data/Mouse946_LinearTrack_20260128_172137.mat,1,/media/toor/Seagate3/YOUNG_MICE/Mouse946/Round1/Linear/2026-01-28T17_15_46/dlc_trim_info.csv,/media/toor/Seagate3/YOUNG_MICE/Mouse946/Round1/Linear/2026-01-28T17_15_46/Linear_Linear2026-01-28T17_15_46.avi,/media/toor/Seagate3/YOUNG_MICE/Mouse946/Round1/Linear/2026-01-28T17_15_46/dlc/2026-01-28_17-15-46_LinearTrack_lineartrack_trials.csv,/media/toor/Seagate3/YOUNG_MICE/Mouse946/Round1/Linear/2026-01-28T17_15_46/dlc/2026-01-28_17-15-46_LinearTrack_linearized_binned_trials_70nbins.csv,True,True
Mouse946,Linear,2026-01-29T15_55_09,2026-01-29,pre2026-05,detect,young,/media/toor/Seagate3/YOUNG_MICE/Mouse946/Round1/Linear/2026-01-29T15_55_09,/media/toor/Seagate2/YOUNG_MICE/Mouse946/Linear2026-01-29T15_55_09.avi,/media/toor/Seagate2/YOUNG_MICE/Mouse946/timestamps2026-01-29T15_55_09.csv,True,/media/toor/SeagateClean/Bpod Local/Data/Mouse946/LinearTrack/Session Data/Mouse946_LinearTrack_20260129_160111.mat,1,/media/toor/Seagate3/YOUNG_MICE/Mouse946/Round1/Linear/2026-01-29T15_55_09/dlc_trim_info.csv,/media/toor/Seagate3/YOUNG_MICE/Mouse946/Round1/Linear/2026-01-29T15_55_09/Linear_Linear2026-01-29T15_55_09.avi,/media/toor/Seagate3/YOUNG_MICE/Mouse946/Round1/Linear/2026-01-29T15_55_09/dlc/2026-01-29_15-55-09_LinearTrack_lineartrack_trials.csv,/media/toor/Seagate3/YOUNG_MICE/Mouse946/Round1/Linear/2026-01-29T15_55_09/dlc/2026-01-29_15-55-09_LinearTrack_linearized_binned_trials_70nbins.csv,True,True
Mouse946,Linear,2026-01-30T16_42_21,2026-01-30,pre2026-05,detect,young,/media/toor/Seagate3/YOUNG_MICE/Mouse946/Round1/Linear/2026-01-30T16_42_21,/media/toor/Seagate2/YOUNG_MICE/Mouse946/Linear2026-01-30T16_42_21.avi,/media/toor/Seagate2/YOUNG_MICE/Mouse946/timestamps2026-01-30T16_42_21.csv,True,/media/toor/SeagateClean/Bpod Local/Data/Mouse946/LinearTrack/Session Data/Mouse946_LinearTrack_20260130_164430.mat,1,/media/toor/Seagate3/YOUNG_MICE/Mouse946/Round1/Linear/2026-01-30T16_42_21/dlc_trim_info.csv,/media/toor/Seagate3/YOUNG_MICE/Mouse946/Round1/Linear/2026-01-30T16_42_21/Linear_Linear2026-01-30T16_42_21.avi,/media/toor/Seagate3/YOUNG_MICE/Mouse946/Round1/Linear/2026-01-30T16_42_21/dlc/2026-01-30_16-42-21_LinearTrack_lineartrack_trials.csv,/media/toor/Seagate3/YOUNG_MICE/Mouse946/Round1/Linear/2026-01-30T16_42_21/dlc/2026-01-30_16-42-21_LinearTrack_linearized_binned_trials_70nbins.csv,True,True
Mouse946,Linear,2026-01-31T15_19_37,2026-01-31,pre2026-05,detect,young,/media/toor/Seagate3/YOUNG_MICE/Mouse946/Round1/Linear/2026-01-31T15_19_37,/media/toor/Seagate2/YOUNG_MICE/Mouse946/Linear2026-01-31T15_19_37.avi,/media/toor/Seagate2/YOUNG_MICE/Mouse946/timestamps2026-01-31T15_19_37.csv,True,/media/toor/SeagateClean/Bpod Local/Data/Mouse946/LinearTrack/Session Data/Mouse946_LinearTrack_20260131_152657.mat,1,/media/toor/Seagate3/YOUNG_MICE/Mouse946/Round1/Linear/2026-01-31T15_19_37/dlc_trim_info.csv,/media/toor/Seagate3/YOUNG_MICE/Mouse946/Round1/Linear/2026-01-31T15_19_37/Linear_Linear2026-01-31T15_19_37.avi,/media/toor/Seagate3/YOUNG_MICE/Mouse946/Round1/Linear/2026-01-31T15_19_37/dlc/2026-01-31_15-19-37_LinearTrack_lineartrack_trials.csv,/media/toor/Seagate3/YOUNG_MICE/Mouse946/Round1/Linear/2026-01-31T15_19_37/dlc/2026-01-31_15-19-37_LinearTrack_linearized_binned_trials_70nbins.csv,True,True
Mouse946,Linear,2026-02-01T16_57_06,2026-02-01,pre2026-05,detect,young,/media/toor/Seagate3/YOUNG_MICE/Mouse946/Round1/Linear/2026-02-01T16_57_06,/media/toor/Seagate2/YOUNG_MICE/Mouse946/Linear2026-02-01T16_57_06.avi,/media/toor/Seagate2/YOUNG_MICE/Mouse946/timestamps2026-02-01T16_57_06.csv,True,/media/toor/SeagateClean/Bpod Local/Data/Mouse946/LinearTrack/Session Data/Mouse946_LinearTrack_20260201_170526.mat,1,/media/toor/Seagate3/YOUNG_MICE/Mouse946/Round1/Linear/2026-02-01T16_57_06/dlc_trim_info.csv,/media/toor/Seagate3/YOUNG_MICE/Mouse946/Round1/Linear/2026-02-01T16_57_06/Linear_Linear2026-02-01T16_57_06.avi,/media/toor/Seagate3/YOUNG_MICE/Mouse946/Round1/Linear/2026-02-01T16_57_06/dlc/2026-02-01_16-57-06_LinearTrack_lineartrack_trials.csv,/media/toor/Seagate3/YOUNG_MICE/Mouse946/Round1/Linear/2026-02-01T16_57_06/dlc/2026-02-01_16-57-06_LinearTrack_linearized_binned_trials_70nbins.csv,True,True
Mouse946,Linear,2026-02-02T16_35_57,2026-02-02,pre2026-05,detect,young,/media/toor/Seagate3/YOUNG_MICE/Mouse946/Round1/Linear/2026-02-02T16_35_57,/media/toor/Seagate2/YOUNG_MICE/Mouse946/Linear2026-02-02T16_35_57.avi,/media/toor/Seagate3/YOUNG_MICE/Mouse946/Linear/concat/2026-02-02T16_35_57/timestamps2026-02-02T16_35_57.csv,False,/media/toor/SeagateClean/Bpod Local/Data/Mouse946/LinearTrack/Session Data/Mouse946_LinearTrack_20260202_164227.mat,1,/media/toor/Seagate3/YOUNG_MICE/Mouse946/Round1/Linear/2026-02-02T16_35_57/dlc_trim_info.csv,/media/toor/Seagate3/YOUNG_MICE/Mouse946/Round1/Linear/2026-02-02T16_35_57/Linear_Linear2026-02-02T16_35_57.avi,/media/toor/Seagate3/YOUNG_MICE/Mouse946/Round1/Linear/2026-02-02T16_35_57/dlc/2026-02-02_16-35-57_LinearTrack_lineartrack_trials.csv,/media/toor/Seagate3/YOUNG_MICE/Mouse946/Round1/Linear/2026-02-02T16_35_57/dlc/2026-02-02_16-35-57_LinearTrack_linearized_binned_trials_70nbins.csv,True,True
Mouse946,Linear,2026-02-03T16_05_44,2026-02-03,pre2026-05,detect,young,/media/toor/Seagate3/YOUNG_MICE/Mouse946/Round1/Linear/2026-02-03T16_05_44,/media/toor/Seagate3/YOUNG_MICE/Mouse946/Linear/concat/2026-02-03T16_05_44/Linear2026-02-03T16_05_44.avi,/media/toor/Seagate3/YOUNG_MICE/Mouse946/Linear/concat/2026-02-03T16_05_44/timestamps2026-02-03T16_05_44.csv,True,/media/toor/SeagateClean/Bpod Local/Data/Mouse946/LinearTrack/Session Data/Mouse946_LinearTrack_20260203_161124.mat,1,/media/toor/Seagate3/YOUNG_MICE/Mouse946/Round1/Linear/2026-02-03T16_05_44/dlc_trim_info.csv,/media/toor/Seagate3/YOUNG_MICE/Mouse946/Round1/Linear/2026-02-03T16_05_44/Linear_Linear2026-02-03T16_05_44.avi,/media/toor/Seagate3/YOUNG_MICE/Mouse946/Round1/Linear/2026-02-03T16_05_44/dlc/2026-02-03_16-05-44_LinearTrack_lineartrack_trials.csv,/media/toor/Seagate3/YOUNG_MICE/Mouse946/Round1/Linear/2026-02-03T16_05_44/dlc/2026-02-03_16-05-44_LinearTrack_linearized_binned_trials_70nbins.csv,True,True
Mouse946,Linear,2026-02-04T15_40_49,2026-02-04,pre2026-05,detect,young,/media/toor/Seagate3/YOUNG_MICE/Mouse946/Round1/Linear/2026-02-04T15_40_49,/media/toor/Seagate3/YOUNG_MICE/Mouse946/Linear/concat/2026-02-04T15_40_49/Linear2026-02-04T15_40_49.avi,/media/toor/Seagate3/YOUNG_MICE/Mouse946/Linear/concat/2026-02-04T15_40_49/timestamps2026-02-04T15_40_49.csv,True,/media/toor/SeagateClean/Bpod Local/Data/Mouse946/LinearTrack/Session Data/Mouse946_LinearTrack_20260204_154608.mat,1,/media/toor/Seagate3/YOUNG_MICE/Mouse946/Round1/Linear/2026-02-04T15_40_49/dlc_trim_info.csv,/media/toor/Seagate3/YOUNG_MICE/Mouse946/Round1/Linear/2026-02-04T15_40_49/Linear_Linear2026-02-04T15_40_49.avi,/media/toor/Seagate3/YOUNG_MICE/Mouse946/Round1/Linear/2026-02-04T15_40_49/dlc/2026-02-04_15-40-49_LinearTrack_lineartrack_trials.csv,/media/toor/Seagate3/YOUNG_MICE/Mouse946/Round1/Linear/2026-02-04T15_40_49/dlc/2026-02-04_15-40-49_LinearTrack_linearized_binned_trials_70nbins.csv,True,True
Mouse946,Linear,2026-02-05T16_54_25,2026-02-05,pre2026-05,detect,young,/media/toor/Seagate3/YOUNG_MICE/Mouse946/Round1/Linear/2026-02-05T16_54_25,/media/toor/Seagate3/YOUNG_MICE/Mouse946/Linear/concat/2026-02-05T16_54_25/Linear2026-02-05T16_54_25.avi,/media/toor/Seagate3/YOUNG_MICE/Mouse946/Linear/concat/2026-02-05T16_54_25/timestamps2026-02-05T16_54_25.csv,True,/media/toor/SeagateClean/Bpod Local/Data/Mouse946/LinearTrack/Session Data/Mouse946_LinearTrack_20260205_165552.mat,1,/media/toor/Seagate3/YOUNG_MICE/Mouse946/Round1/Linear/2026-02-05T16_54_25/dlc_trim_info.csv,/media/toor/Seagate3/YOUNG_MICE/Mouse946/Round1/Linear/2026-02-05T16_54_25/Linear_Linear2026-02-05T16_54_25.avi,/media/toor/Seagate3/YOUNG_MICE/Mouse946/Round1/Linear/2026-02-05T16_54_25/dlc/2026-02-05_16-54-25_LinearTrack_lineartrack_trials.csv,/media/toor/Seagate3/YOUNG_MICE/Mouse946/Round1/Linear/2026-02-05T16_54_25/dlc/2026-02-05_16-54-25_LinearTrack_linearized_binned_trials_70nbins.csv,True,True
Mouse946,Linear,2026-02-06T16_02_16,2026-02-06,pre2026-05,detect,young,/media/toor/Seagate3/YOUNG_MICE/Mouse946/Round1/Linear/2026-02-06T16_02_16,/media/toor/Seagate3/YOUNG_MICE/Mouse946/Linear/concat/2026-02-06T16_02_16/Linear2026-02-06T16_02_16.avi,/media/toor/Seagate3/YOUNG_MICE/Mouse946/Linear/concat/2026-02-06T16_02_16/timestamps2026-02-06T16_02_16.csv,True,/media/toor/SeagateClean/Bpod Local/Data/Mouse946/LinearTrack/Session Data/Mouse946_LinearTrack_20260206_160829.mat,1,/media/toor/Seagate3/YOUNG_MICE/Mouse946/Round1/Linear/2026-02-06T16_02_16/dlc_trim_info.csv,/media/toor/Seagate3/YOUNG_MICE/Mouse946/Round1/Linear/2026-02-06T16_02_16/Linear_Linear2026-02-06T16_02_16.avi,/media/toor/Seagate3/YOUNG_MICE/Mouse946/Round1/Linear/2026-02-06T16_02_16/dlc/2026-02-06_16-02-16_LinearTrack_lineartrack_trials.csv,/media/toor/Seagate3/YOUNG_MICE/Mouse946/Round1/Linear/2026-02-06T16_02_16/dlc/2026-02-06_16-02-16_LinearTrack_linearized_binned_trials_70nbins.csv,True,True
Mouse946,Linear,2026-02-07T17_48_04,2026-02-07,pre2026-05,detect,young,/media/toor/Seagate3/YOUNG_MICE/Mouse946/Round1/Linear/2026-02-07T17_48_04,/media/toor/Seagate3/YOUNG_MICE/Mouse946/Linear/concat/2026-02-07T17_48_04/Linear2026-02-07T17_48_04.avi,/media/toor/Seagate3/YOUNG_MICE/Mouse946/Linear/concat/2026-02-07T17_48_04/timestamps2026-02-07T17_48_04.csv,True,/media/toor/SeagateClean/Bpod Local/Data/Mouse946/LinearTrack/Session Data/Mouse946_LinearTrack_20260207_175404.mat,1,/media/toor/Seagate3/YOUNG_MICE/Mouse946/Round1/Linear/2026-02-07T17_48_04/dlc_trim_info.csv,/media/toor/Seagate3/YOUNG_MICE/Mouse946/Round1/Linear/2026-02-07T17_48_04/Linear_Linear2026-02-07T17_48_04.avi,/media/toor/Seagate3/YOUNG_MICE/Mouse946/Round1/Linear/2026-02-07T17_48_04/dlc/2026-02-07_17-48-04_LinearTrack_lineartrack_trials.csv,/media/toor/Seagate3/YOUNG_MICE/Mouse946/Round1/Linear/2026-02-07T17_48_04/dlc/2026-02-07_17-48-04_LinearTrack_linearized_binned_trials_70nbins.csv,True,True
Mouse946,Linear,2026-02-08T15_10_35,2026-02-08,pre2026-05,detect,young,/media/toor/Seagate3/YOUNG_MICE/Mouse946/Round1/Linear/2026-02-08T15_10_35,/media/toor/Seagate3/YOUNG_MICE/Mouse946/Linear/concat/2026-02-08T15_10_35/Linear2026-02-08T15_10_35.avi,/media/toor/Seagate3/YOUNG_MICE/Mouse946/Linear/concat/2026-02-08T15_10_35/timestamps2026-02-08T15_10_35.csv,True,/media/toor/SeagateClean/Bpod Local/Data/Mouse946/LinearTrack/Session Data/Mouse946_LinearTrack_20260208_151324.mat,1,/media/toor/Seagate3/YOUNG_MICE/Mouse946/Round1/Linear/2026-02-08T15_10_35/dlc_trim_info.csv,/media/toor/Seagate3/YOUNG_MICE/Mouse946/Round1/Linear/2026-02-08T15_10_35/Linear_Linear2026-02-08T15_10_35.avi,/media/toor/Seagate3/YOUNG_MICE/Mouse946/Round1/Linear/2026-02-08T15_10_35/dlc/2026-02-08_15-10-35_LinearTrack_lineartrack_trials.csv,/media/toor/Seagate3/YOUNG_MICE/Mouse946/Round1/Linear/2026-02-08T15_10_35/dlc/2026-02-08_15-10-35_LinearTrack_linearized_binned_trials_70nbins.csv,True,True
Mouse946,Linear,2026-02-09T16_34_29,2026-02-09,pre2026-05,detect,young,/media/toor/Seagate3/YOUNG_MICE/Mouse946/Round1/Linear/2026-02-09T16_34_29,/media/toor/Seagate3/YOUNG_MICE/Mouse946/Linear/concat/2026-02-09T16_34_29/Linear2026-02-09T16_34_29.avi,/media/toor/Seagate3/YOUNG_MICE/Mouse946/Linear/concat/2026-02-09T16_34_29/timestamps2026-02-09T16_34_29.csv,True,/media/toor/SeagateClean/Bpod Local/Data/Mouse946/LinearTrack/Session Data/Mouse946_LinearTrack_20260209_163511.mat,1,/media/toor/Seagate3/YOUNG_MICE/Mouse946/Round1/Linear/2026-02-09T16_34_29/dlc_trim_info.csv,/media/toor/Seagate3/YOUNG_MICE/Mouse946/Round1/Linear/2026-02-09T16_34_29/Linear_Linear2026-02-09T16_34_29.avi,/media/toor/Seagate3/YOUNG_MICE/Mouse946/Round1/Linear/2026-02-09T16_34_29/dlc/2026-02-09_16-34-29_LinearTrack_lineartrack_trials.csv,/media/toor/Seagate3/YOUNG_MICE/Mouse946/Round1/Linear/2026-02-09T16_34_29/dlc/2026-02-09_16-34-29_LinearTrack_linearized_binned_trials_70nbins.csv,True,True
Mouse946,Linear,2026-02-10T16_37_18,2026-02-10,pre2026-05,detect,young,/media/toor/Seagate3/YOUNG_MICE/Mouse946/Round1.5/Linear/2026-02-10T16_37_18,/media/toor/Seagate3/YOUNG_MICE/Mouse946/Linear/concat/2026-02-10T16_37_18/Linear2026-02-10T16_37_18.avi,/media/toor/Seagate3/YOUNG_MICE/Mouse946/Linear/concat/2026-02-10T16_37_18/timestamps2026-02-10T16_37_18.csv,True,/media/toor/SeagateClean/Bpod Local/Data/Mouse946/LinearTrack/Session Data/Mouse946_LinearTrack_20260210_163733.mat,1,/media/toor/Seagate3/YOUNG_MICE/Mouse946/Round1.5/Linear/2026-02-10T16_37_18/dlc_trim_info.csv,/media/toor/Seagate3/YOUNG_MICE/Mouse946/Round1.5/Linear/2026-02-10T16_37_18/Linear_Linear2026-02-10T16_37_18.avi,/media/toor/Seagate3/YOUNG_MICE/Mouse946/Round1.5/Linear/2026-02-10T16_37_18/dlc/2026-02-10_16-37-18_LinearTrack_lineartrack_trials.csv,/media/toor/Seagate3/YOUNG_MICE/Mouse946/Round1.5/Linear/2026-02-10T16_37_18/dlc/2026-02-10_16-37-18_LinearTrack_linearized_binned_trials_70nbins.csv,True,True
Mouse946,Linear,2026-02-11T16_05_45,2026-02-11,pre2026-05,detect,young,/media/toor/Seagate3/YOUNG_MICE/Mouse946/Round1.5/Linear/2026-02-11T16_05_45,/media/toor/Seagate3/YOUNG_MICE/Mouse946/Linear/concat/2026-02-11T16_05_45/Linear2026-02-11T16_05_45.avi,/media/toor/Seagate3/YOUNG_MICE/Mouse946/Linear/concat/2026-02-11T16_05_45/timestamps2026-02-11T16_05_45.csv,True,/media/toor/SeagateClean/Bpod Local/Data/Mouse946/LinearTrack/Session Data/Mouse946_LinearTrack_20260211_161104.mat,1,/media/toor/Seagate3/YOUNG_MICE/Mouse946/Round1.5/Linear/2026-02-11T16_05_45/dlc_trim_info.csv,/media/toor/Seagate3/YOUNG_MICE/Mouse946/Round1.5/Linear/2026-02-11T16_05_45/Linear_Linear2026-02-11T16_05_45.avi,/media/toor/Seagate3/YOUNG_MICE/Mouse946/Round1.5/Linear/2026-02-11T16_05_45/dlc/2026-02-11_16-05-45_LinearTrack_lineartrack_trials.csv,/media/toor/Seagate3/YOUNG_MICE/Mouse946/Round1.5/Linear/2026-02-11T16_05_45/dlc/2026-02-11_16-05-45_LinearTrack_linearized_binned_trials_70nbins.csv,True,True
Mouse946,Linear,2026-02-12T18_02_03,2026-02-12,pre2026-05,detect,young,/media/toor/Seagate3/YOUNG_MICE/Mouse946/Round1.5/Linear/2026-02-12T18_02_03,/media/toor/Seagate3/YOUNG_MICE/Mouse946/Linear/concat/2026-02-12T18_02_03/Linear2026-02-12T18_02_03.avi,/media/toor/Seagate3/YOUNG_MICE/Mouse946/Linear/concat/2026-02-12T18_02_03/timestamps2026-02-12T18_02_03.csv,True,/media/toor/SeagateClean/Bpod Local/Data/Mouse946/LinearTrack/Session Data/Mouse946_LinearTrack_20260212_175555.mat,1,/media/toor/Seagate3/YOUNG_MICE/Mouse946/Round1.5/Linear/2026-02-12T18_02_03/dlc_trim_info.csv,/media/toor/Seagate3/YOUNG_MICE/Mouse946/Round1.5/Linear/2026-02-12T18_02_03/Linear_Linear2026-02-12T18_02_03.avi,/media/toor/Seagate3/YOUNG_MICE/Mouse946/Round1.5/Linear/2026-02-12T18_02_03/dlc/2026-02-12_18-02-03_LinearTrack_lineartrack_trials.csv,/media/toor/Seagate3/YOUNG_MICE/Mouse946/Round1.5/Linear/2026-02-12T18_02_03/dlc/2026-02-12_18-02-03_LinearTrack_linearized_binned_trials_70nbins.csv,True,True
Mouse946,Linear,2026-02-13T16_37_24,2026-02-13,pre2026-05,detect,young,/media/toor/Seagate3/YOUNG_MICE/Mouse946/Round1.5/Linear/2026-02-13T16_37_24,/media/toor/Seagate3/YOUNG_MICE/Mouse946/Linear/concat/2026-02-13T16_37_24/Linear2026-02-13T16_37_24.avi,/media/toor/Seagate3/YOUNG_MICE/Mouse946/Linear/concat/2026-02-13T16_37_24/timestamps2026-02-13T16_37_24.csv,True,/media/toor/SeagateClean/Bpod Local/Data/Mouse946/LinearTrack/Session Data/Mouse946_LinearTrack_20260213_163909.mat,1,/media/toor/Seagate3/YOUNG_MICE/Mouse946/Round1.5/Linear/2026-02-13T16_37_24/dlc_trim_info.csv,/media/toor/Seagate3/YOUNG_MICE/Mouse946/Round1.5/Linear/2026-02-13T16_37_24/Linear_Linear2026-02-13T16_37_24.avi,/media/toor/Seagate3/YOUNG_MICE/Mouse946/Round1.5/Linear/2026-02-13T16_37_24/dlc/2026-02-13_16-37-24_LinearTrack_lineartrack_trials.csv,/media/toor/Seagate3/YOUNG_MICE/Mouse946/Round1.5/Linear/2026-02-13T16_37_24/dlc/2026-02-13_16-37-24_LinearTrack_linearized_binned_trials_70nbins.csv,True,True
Mouse946,Linear,2026-02-14T18_55_39,2026-02-14,pre2026-05,detect,young,/media/toor/Seagate3/YOUNG_MICE/Mouse946/Round1.5/Linear/2026-02-14T18_55_39,/media/toor/Seagate3/YOUNG_MICE/Mouse946/Linear/concat/2026-02-14T18_55_39/Linear2026-02-14T18_55_39.avi,/media/toor/Seagate3/YOUNG_MICE/Mouse946/Linear/concat/2026-02-14T18_55_39/timestamps2026-02-14T18_55_39.csv,True,/media/toor/SeagateClean/Bpod Local/Data/Mouse946/LinearTrack/Session Data/Mouse946_LinearTrack_20260214_190153.mat,1,/media/toor/Seagate3/YOUNG_MICE/Mouse946/Round1.5/Linear/2026-02-14T18_55_39/dlc_trim_info.csv,/media/toor/Seagate3/YOUNG_MICE/Mouse946/Round1.5/Linear/2026-02-14T18_55_39/Linear_Linear2026-02-14T18_55_39.avi,/media/toor/Seagate3/YOUNG_MICE/Mouse946/Round1.5/Linear/2026-02-14T18_55_39/dlc/2026-02-14_18-55-39_LinearTrack_lineartrack_trials.csv,/media/toor/Seagate3/YOUNG_MICE/Mouse946/Round1.5/Linear/2026-02-14T18_55_39/dlc/2026-02-14_18-55-39_LinearTrack_linearized_binned_trials_70nbins.csv,True,True
Mouse946,Linear,2026-02-15T19_22_41,2026-02-15,pre2026-05,detect,young,/media/toor/Seagate3/YOUNG_MICE/Mouse946/Round1.5/Linear/2026-02-15T19_22_41,/media/toor/Seagate3/YOUNG_MICE/Mouse946/Linear/concat/2026-02-15T19_22_41/Linear2026-02-15T19_22_41.avi,/media/toor/Seagate3/YOUNG_MICE/Mouse946/Linear/concat/2026-02-15T19_22_41/timestamps2026-02-15T19_22_41.csv,True,/media/toor/SeagateClean/Bpod Local/Data/Mouse946/LinearTrack/Session Data/Mouse946_LinearTrack_20260215_192251.mat,1,/media/toor/Seagate3/YOUNG_MICE/Mouse946/Round1.5/Linear/2026-02-15T19_22_41/dlc_trim_info.csv,/media/toor/Seagate3/YOUNG_MICE/Mouse946/Round1.5/Linear/2026-02-15T19_22_41/Linear_Linear2026-02-15T19_22_41.avi,/media/toor/Seagate3/YOUNG_MICE/Mouse946/Round1.5/Linear/2026-02-15T19_22_41/dlc/2026-02-15_19-22-41_LinearTrack_lineartrack_trials.csv,/media/toor/Seagate3/YOUNG_MICE/Mouse946/Round1.5/Linear/2026-02-15T19_22_41/dlc/2026-02-15_19-22-41_LinearTrack_linearized_binned_trials_70nbins.csv,True,True
Mouse946,Linear,2026-02-16T15_59_24,2026-02-16,pre2026-05,detect,young,/media/toor/Seagate3/YOUNG_MICE/Mouse946/Round1.5/Linear/2026-02-16T15_59_24,/media/toor/Seagate3/YOUNG_MICE/Mouse946/Linear/concat/2026-02-16T15_59_24/Linear2026-02-16T15_59_24.avi,/media/toor/Seagate3/YOUNG_MICE/Mouse946/Linear/concat/2026-02-16T15_59_24/timestamps2026-02-16T15_59_24.csv,True,/media/toor/SeagateClean/Bpod Local/Data/Mouse946/LinearTrack/Session Data/Mouse946_LinearTrack_20260216_160947.mat,1,/media/toor/Seagate3/YOUNG_MICE/Mouse946/Round1.5/Linear/2026-02-16T15_59_24/dlc_trim_info.csv,/media/toor/Seagate3/YOUNG_MICE/Mouse946/Round1.5/Linear/2026-02-16T15_59_24/Linear_Linear2026-02-16T15_59_24.avi,/media/toor/Seagate3/YOUNG_MICE/Mouse946/Round1.5/Linear/2026-02-16T15_59_24/dlc/2026-02-16_15-59-24_LinearTrack_lineartrack_trials.csv,/media/toor/Seagate3/YOUNG_MICE/Mouse946/Round1.5/Linear/2026-02-16T15_59_24/dlc/2026-02-16_15-59-24_LinearTrack_linearized_binned_trials_70nbins.csv,True,True
Mouse946,Linear,2026-02-17T17_40_42,2026-02-17,pre2026-05,detect,young,/media/toor/Seagate3/YOUNG_MICE/Mouse946/Round1.5/Linear/2026-02-17T17_40_42,/media/toor/Seagate3/YOUNG_MICE/Mouse946/Linear/concat/2026-02-17T17_40_42/Linear2026-02-17T17_40_42.avi,/media/toor/Seagate3/YOUNG_MICE/Mouse946/Linear/concat/2026-02-17T17_40_42/timestamps2026-02-17T17_40_42.csv,True,/media/toor/SeagateClean/Bpod Local/Data/Mouse946/LinearTrack/Session Data/Mouse946_LinearTrack_20260217_174021.mat,1,/media/toor/Seagate3/YOUNG_MICE/Mouse946/Round1.5/Linear/2026-02-17T17_40_42/dlc_trim_info.csv,/media/toor/Seagate3/YOUNG_MICE/Mouse946/Round1.5/Linear/2026-02-17T17_40_42/Linear_Linear2026-02-17T17_40_42.avi,/media/toor/Seagate3/YOUNG_MICE/Mouse946/Round1.5/Linear/2026-02-17T17_40_42/dlc/2026-02-17_17-40-42_LinearTrack_lineartrack_trials.csv,/media/toor/Seagate3/YOUNG_MICE/Mouse946/Round1.5/Linear/2026-02-17T17_40_42/dlc/2026-02-17_17-40-42_LinearTrack_linearized_binned_trials_70nbins.csv,True,True
Mouse946,Linear,2026-02-18T17_14_56,2026-02-18,pre2026-05,detect,young,/media/toor/Seagate3/YOUNG_MICE/Mouse946/Round1.5/Linear/2026-02-18T17_14_56,/media/toor/Seagate3/YOUNG_MICE/Mouse946/Linear/concat/2026-02-18T17_14_56/Linear2026-02-18T17_14_56.avi,/media/toor/Seagate3/YOUNG_MICE/Mouse946/Linear/concat/2026-02-18T17_14_56/timestamps2026-02-18T17_14_56.csv,True,/media/toor/SeagateClean/Bpod Local/Data/Mouse946/LinearTrack/Session Data/Mouse946_LinearTrack_20260218_171422.mat,1,/media/toor/Seagate3/YOUNG_MICE/Mouse946/Round1.5/Linear/2026-02-18T17_14_56/dlc_trim_info.csv,/media/toor/Seagate3/YOUNG_MICE/Mouse946/Round1.5/Linear/2026-02-18T17_14_56/Linear_Linear2026-02-18T17_14_56.avi,/media/toor/Seagate3/YOUNG_MICE/Mouse946/Round1.5/Linear/2026-02-18T17_14_56/dlc/2026-02-18_17-14-56_LinearTrack_lineartrack_trials.csv,/media/toor/Seagate3/YOUNG_MICE/Mouse946/Round1.5/Linear/2026-02-18T17_14_56/dlc/2026-02-18_17-14-56_LinearTrack_linearized_binned_trials_70nbins.csv,True,True
Mouse946,Linear,2026-02-19T16_26_01,2026-02-19,pre2026-05,detect,young,/media/toor/Seagate3/YOUNG_MICE/Mouse946/Round1.5/Linear/2026-02-19T16_26_01,/media/toor/Seagate3/YOUNG_MICE/Mouse946/Linear/concat/2026-02-19T16_26_01/Linear2026-02-19T16_26_01.avi,/media/toor/Seagate3/YOUNG_MICE/Mouse946/Linear/concat/2026-02-19T16_26_01/timestamps2026-02-19T16_26_01.csv,True,/media/toor/SeagateClean/Bpod Local/Data/Mouse946/LinearTrack/Session Data/Mouse946_LinearTrack_20260219_163420.mat,1,/media/toor/Seagate3/YOUNG_MICE/Mouse946/Round1.5/Linear/2026-02-19T16_26_01/dlc_trim_info.csv,/media/toor/Seagate3/YOUNG_MICE/Mouse946/Round1.5/Linear/2026-02-19T16_26_01/Linear_Linear2026-02-19T16_26_01.avi,/media/toor/Seagate3/YOUNG_MICE/Mouse946/Round1.5/Linear/2026-02-19T16_26_01/dlc/2026-02-19_16-26-01_LinearTrack_lineartrack_trials.csv,/media/toor/Seagate3/YOUNG_MICE/Mouse946/Round1.5/Linear/2026-02-19T16_26_01/dlc/2026-02-19_16-26-01_LinearTrack_linearized_binned_trials_70nbins.csv,True,True
Mouse946,Linear,2026-02-20T17_22_23,2026-02-20,pre2026-05,detect,young,/media/toor/Seagate3/YOUNG_MICE/Mouse946/Round1.5/Linear/2026-02-20T17_22_23,/media/toor/Seagate3/YOUNG_MICE/Mouse946/Linear/concat/2026-02-20T17_22_23/Linear2026-02-20T17_22_23.avi,/media/toor/Seagate3/YOUNG_MICE/Mouse946/Linear/concat/2026-02-20T17_22_23/timestamps2026-02-20T17_22_23.csv,True,/media/toor/SeagateClean/Bpod Local/Data/Mouse946/LinearTrack/Session Data/Mouse946_LinearTrack_20260220_172431.mat,1,/media/toor/Seagate3/YOUNG_MICE/Mouse946/Round1.5/Linear/2026-02-20T17_22_23/dlc_trim_info.csv,/media/toor/Seagate3/YOUNG_MICE/Mouse946/Round1.5/Linear/2026-02-20T17_22_23/Linear_Linear2026-02-20T17_22_23.avi,/media/toor/Seagate3/YOUNG_MICE/Mouse946/Round1.5/Linear/2026-02-20T17_22_23/dlc/2026-02-20_17-22-23_LinearTrack_lineartrack_trials.csv,/media/toor/Seagate3/YOUNG_MICE/Mouse946/Round1.5/Linear/2026-02-20T17_22_23/dlc/2026-02-20_17-22-23_LinearTrack_linearized_binned_trials_70nbins.csv,True,True
Mouse946,Linear,2026-02-21T15_46_18,2026-02-21,pre2026-05,detect,young,/media/toor/Seagate3/YOUNG_MICE/Mouse946/Round1.5/Linear/2026-02-21T15_46_18,/media/toor/Seagate3/YOUNG_MICE/Mouse946/Linear/concat/2026-02-21T15_46_18/Linear2026-02-21T15_46_18.avi,/media/toor/Seagate3/YOUNG_MICE/Mouse946/Linear/concat/2026-02-21T15_46_18/timestamps2026-02-21T15_46_18.csv,True,/media/toor/SeagateClean/Bpod Local/Data/Mouse946/LinearTrack/Session Data/Mouse946_LinearTrack_20260221_155304.mat,1,/media/toor/Seagate3/YOUNG_MICE/Mouse946/Round1.5/Linear/2026-02-21T15_46_18/dlc_trim_info.csv,/media/toor/Seagate3/YOUNG_MICE/Mouse946/Round1.5/Linear/2026-02-21T15_46_18/Linear_Linear2026-02-21T15_46_18.avi,/media/toor/Seagate3/YOUNG_MICE/Mouse946/Round1.5/Linear/2026-02-21T15_46_18/dlc/2026-02-21_15-46-18_LinearTrack_lineartrack_trials.csv,/media/toor/Seagate3/YOUNG_MICE/Mouse946/Round1.5/Linear/2026-02-21T15_46_18/dlc/2026-02-21_15-46-18_LinearTrack_linearized_binned_trials_70nbins.csv,True,True
Mouse946,Linear,2026-02-23T16_50_12,2026-02-23,pre2026-05,detect,young,/media/toor/Seagate3/YOUNG_MICE/Mouse946/Round1.5/Linear/2026-02-23T16_50_12,/media/toor/Seagate3/YOUNG_MICE/Mouse946/Linear/concat/2026-02-23T16_50_12/Linear2026-02-23T16_50_12.avi,/media/toor/Seagate3/YOUNG_MICE/Mouse946/Linear/concat/2026-02-23T16_50_12/timestamps2026-02-23T16_50_12.csv,True,/media/toor/SeagateClean/Bpod Local/Data/Mouse946/LinearTrack/Session Data/Mouse946_LinearTrack_20260223_165807.mat,2,/media/toor/Seagate3/YOUNG_MICE/Mouse946/Round1.5/Linear/2026-02-23T16_50_12/dlc_trim_info.csv,/media/toor/Seagate3/YOUNG_MICE/Mouse946/Round1.5/Linear/2026-02-23T16_50_12/Linear_Linear2026-02-23T16_50_12.avi,/media/toor/Seagate3/YOUNG_MICE/Mouse946/Round1.5/Linear/2026-02-23T16_50_12/dlc/2026-02-23_16-50-12_LinearTrack_lineartrack_trials.csv,/media/toor/Seagate3/YOUNG_MICE/Mouse946/Round1.5/Linear/2026-02-23T16_50_12/dlc/2026-02-23_16-50-12_LinearTrack_linearized_binned_trials_70nbins.csv,True,True
Mouse946,Linear,2026-02-24T18_38_32,2026-02-24,pre2026-05,detect,young,/media/toor/Seagate3/YOUNG_MICE/Mouse946/Round1.5/Linear/2026-02-24T18_38_32,/media/toor/Seagate3/YOUNG_MICE/Mouse946/Linear/concat/2026-02-24T18_38_32/Linear2026-02-24T18_38_32.avi,/media/toor/Seagate3/YOUNG_MICE/Mouse946/Linear/concat/2026-02-24T18_38_32/timestamps2026-02-24T18_38_32.csv,True,/media/toor/SeagateClean/Bpod Local/Data/Mouse946/LinearTrack/Session Data/Mouse946_LinearTrack_20260224_183850.mat,1,/media/toor/Seagate3/YOUNG_MICE/Mouse946/Round1.5/Linear/2026-02-24T18_38_32/dlc_trim_info.csv,/media/toor/Seagate3/YOUNG_MICE/Mouse946/Round1.5/Linear/2026-02-24T18_38_32/Linear_Linear2026-02-24T18_38_32.avi,/media/toor/Seagate3/YOUNG_MICE/Mouse946/Round1.5/Linear/2026-02-24T18_38_32/dlc/2026-02-24_18-38-32_LinearTrack_lineartrack_trials.csv,/media/toor/Seagate3/YOUNG_MICE/Mouse946/Round1.5/Linear/2026-02-24T18_38_32/dlc/2026-02-24_18-38-32_LinearTrack_linearized_binned_trials_70nbins.csv,True,True
Mouse946,Linear,2026-02-25T15_28_49,2026-02-25,pre2026-05,detect,young,/media/toor/Seagate3/YOUNG_MICE/Mouse946/Round1.5/Linear/2026-02-25T15_28_49,/media/toor/Seagate3/YOUNG_MICE/Mouse946/Linear/concat/2026-02-25T15_28_49/Linear2026-02-25T15_28_49.avi,/media/toor/Seagate3/YOUNG_MICE/Mouse946/Linear/concat/2026-02-25T15_28_49/timestamps2026-02-25T15_28_49.csv,True,/media/toor/SeagateClean/Bpod Local/Data/Mouse946/LinearTrack/Session Data/Mouse946_LinearTrack_20260225_153419.mat,1,/media/toor/Seagate3/YOUNG_MICE/Mouse946/Round1.5/Linear/2026-02-25T15_28_49/dlc_trim_info.csv,/media/toor/Seagate3/YOUNG_MICE/Mouse946/Round1.5/Linear/2026-02-25T15_28_49/Linear_Linear2026-02-25T15_28_49.avi,/media/toor/Seagate3/YOUNG_MICE/Mouse946/Round1.5/Linear/2026-02-25T15_28_49/dlc/2026-02-25_15-28-49_LinearTrack_lineartrack_trials.csv,/media/toor/Seagate3/YOUNG_MICE/Mouse946/Round1.5/Linear/2026-02-25T15_28_49/dlc/2026-02-25_15-28-49_LinearTrack_linearized_binned_trials_70nbins.csv,True,True
Mouse946,Linear,2026-02-26T17_46_52,2026-02-26,pre2026-05,detect,young,/media/toor/Seagate3/YOUNG_MICE/Mouse946/Round1.5/Linear/2026-02-26T17_46_52,/media/toor/Seagate3/YOUNG_MICE/Mouse946/Linear/concat/2026-02-26T17_46_52/Linear2026-02-26T17_46_52.avi,/media/toor/Seagate3/YOUNG_MICE/Mouse946/Linear/concat/2026-02-26T17_46_52/timestamps2026-02-26T17_46_52.csv,True,/media/toor/SeagateClean/Bpod Local/Data/Mouse946/LinearTrack/Session Data/Mouse946_LinearTrack_20260226_174639.mat,1,/media/toor/Seagate3/YOUNG_MICE/Mouse946/Round1.5/Linear/2026-02-26T17_46_52/dlc_trim_info.csv,/media/toor/Seagate3/YOUNG_MICE/Mouse946/Round1.5/Linear/2026-02-26T17_46_52/Linear_Linear2026-02-26T17_46_52.avi,/media/toor/Seagate3/YOUNG_MICE/Mouse946/Round1.5/Linear/2026-02-26T17_46_52/dlc/2026-02-26_17-46-52_LinearTrack_lineartrack_trials.csv,/media/toor/Seagate3/YOUNG_MICE/Mouse946/Round1.5/Linear/2026-02-26T17_46_52/dlc/2026-02-26_17-46-52_LinearTrack_linearized_binned_trials_70nbins.csv,True,True
Mouse946,Linear,2026-02-27T16_58_30,2026-02-27,pre2026-05,detect,young,/media/toor/Seagate3/YOUNG_MICE/Mouse946/Round1.5/Linear/2026-02-27T16_58_30,/media/toor/Seagate3/YOUNG_MICE/Mouse946/Linear/concat/2026-02-27T16_58_30/Linear2026-02-27T16_58_30.avi,/media/toor/Seagate3/YOUNG_MICE/Mouse946/Linear/concat/2026-02-27T16_58_30/timestamps2026-02-27T16_58_30.csv,True,/media/toor/SeagateClean/Bpod Local/Data/Mouse946/LinearTrack/Session Data/Mouse946_LinearTrack_20260227_165732.mat,1,/media/toor/Seagate3/YOUNG_MICE/Mouse946/Round1.5/Linear/2026-02-27T16_58_30/dlc_trim_info.csv,/media/toor/Seagate3/YOUNG_MICE/Mouse946/Round1.5/Linear/2026-02-27T16_58_30/Linear_Linear2026-02-27T16_58_30.avi,/media/toor/Seagate3/YOUNG_MICE/Mouse946/Round1.5/Linear/2026-02-27T16_58_30/dlc/2026-02-27_16-58-30_LinearTrack_lineartrack_trials.csv,/media/toor/Seagate3/YOUNG_MICE/Mouse946/Round1.5/Linear/2026-02-27T16_58_30/dlc/2026-02-27_16-58-30_LinearTrack_linearized_binned_trials_70nbins.csv,True,True
Mouse946,Linear,2026-02-28T18_44_21,2026-02-28,pre2026-05,detect,young,/media/toor/Seagate3/YOUNG_MICE/Mouse946/Round1.5/Linear/2026-02-28T18_44_21,/media/toor/Seagate3/YOUNG_MICE/Mouse946/Linear/concat/2026-02-28T18_44_21/Linear2026-02-28T18_44_21.avi,/media/toor/Seagate3/YOUNG_MICE/Mouse946/Linear/concat/2026-02-28T18_44_21/timestamps2026-02-28T18_44_21.csv,True,/media/toor/SeagateClean/Bpod Local/Data/Mouse946/LinearTrack/Session Data/Mouse946_LinearTrack_20260228_184338.mat,1,/media/toor/Seagate3/YOUNG_MICE/Mouse946/Round1.5/Linear/2026-02-28T18_44_21/dlc_trim_info.csv,/media/toor/Seagate3/YOUNG_MICE/Mouse946/Round1.5/Linear/2026-02-28T18_44_21/Linear_Linear2026-02-28T18_44_21.avi,/media/toor/Seagate3/YOUNG_MICE/Mouse946/Round1.5/Linear/2026-02-28T18_44_21/dlc/2026-02-28_18-44-21_LinearTrack_lineartrack_trials.csv,/media/toor/Seagate3/YOUNG_MICE/Mouse946/Round1.5/Linear/2026-02-28T18_44_21/dlc/2026-02-28_18-44-21_LinearTrack_linearized_binned_trials_70nbins.csv,True,True
Mouse946,Linear,2026-03-01T17_24_23,2026-03-01,pre2026-05,detect,young,/media/toor/Seagate3/YOUNG_MICE/Mouse946/Round1.5/Linear/2026-03-01T17_24_23,/media/toor/Seagate3/YOUNG_MICE/Mouse946/Linear/concat/2026-03-01T17_24_23/Linear2026-03-01T17_24_23.avi,/media/toor/Seagate3/YOUNG_MICE/Mouse946/Linear/concat/2026-03-01T17_24_23/timestamps2026-03-01T17_24_23.csv,True,/media/toor/SeagateClean/Bpod Local/Data/Mouse946/LinearTrack/Session Data/Mouse946_LinearTrack_20260301_172509.mat,1,/media/toor/Seagate3/YOUNG_MICE/Mouse946/Round1.5/Linear/2026-03-01T17_24_23/dlc_trim_info.csv,/media/toor/Seagate3/YOUNG_MICE/Mouse946/Round1.5/Linear/2026-03-01T17_24_23/Linear_Linear2026-03-01T17_24_23.avi,/media/toor/Seagate3/YOUNG_MICE/Mouse946/Round1.5/Linear/2026-03-01T17_24_23/dlc/2026-03-01_17-24-23_LinearTrack_lineartrack_trials.csv,/media/toor/Seagate3/YOUNG_MICE/Mouse946/Round1.5/Linear/2026-03-01T17_24_23/dlc/2026-03-01_17-24-23_LinearTrack_linearized_binned_trials_70nbins.csv,True,True
Mouse946,TMaze,2026-02-10T15_59_47,2026-02-10,pre2026-05,align,young,/media/toor/Seagate3/YOUNG_MICE/Mouse946/Round1.5/TMaze/2026-02-10T15_59_47,/media/toor/Seagate3/YOUNG_MICE/Mouse946/TMaze/concat/2026-02-10T15_59_47/Linear2026-02-10T15_59_47.avi,/media/toor/Seagate3/YOUNG_MICE/Mouse946/TMaze/concat/2026-02-10T15_59_47/timestamps2026-02-10T15_59_47.csv,True,/media/toor/SeagateClean/Bpod Local/Data/Mouse946/TMaze4/Session Data/Mouse946_TMaze4_20260210_160904.mat,1,/media/toor/Seagate3/YOUNG_MICE/Mouse946/Round1.5/TMaze/2026-02-10T15_59_47/dlc_trim_info.csv,/media/toor/Seagate3/YOUNG_MICE/Mouse946/Round1.5/TMaze/2026-02-10T15_59_47/TMaze_Linear2026-02-10T15_59_47.avi,/media/toor/Seagate3/YOUNG_MICE/Mouse946/Round1.5/TMaze/2026-02-10T15_59_47/dlc/2026-02-10_15-59-47_TMaze_trimmed_trials.csv,/media/toor/Seagate3/YOUNG_MICE/Mouse946/Round1.5/TMaze/2026-02-10T15_59_47/dlc/2026-02-10_15-59-47_TMaze_TMaze_linearized_binned_trials_70nbins.csv,True,True
Mouse946,TMaze,2026-02-11T15_36_24,2026-02-11,pre2026-05,align,young,/media/toor/Seagate3/YOUNG_MICE/Mouse946/Round1.5/TMaze/2026-02-11T15_36_24,/media/toor/Seagate3/YOUNG_MICE/Mouse946/TMaze/concat/2026-02-11T15_36_24/Linear2026-02-11T15_36_24.avi,/media/toor/Seagate3/YOUNG_MICE/Mouse946/TMaze/concat/2026-02-11T15_36_24/timestamps2026-02-11T15_36_24.csv,True,/media/toor/SeagateClean/Bpod Local/Data/Mouse946/TMaze4/Session Data/Mouse946_TMaze4_20260211_154147.mat,1,/media/toor/Seagate3/YOUNG_MICE/Mouse946/Round1.5/TMaze/2026-02-11T15_36_24/dlc_trim_info.csv,/media/toor/Seagate3/YOUNG_MICE/Mouse946/Round1.5/TMaze/2026-02-11T15_36_24/TMaze_Linear2026-02-11T15_36_24.avi,/media/toor/Seagate3/YOUNG_MICE/Mouse946/Round1.5/TMaze/2026-02-11T15_36_24/dlc/2026-02-11_15-36-24_TMaze_trimmed_trials.csv,/media/toor/Seagate3/YOUNG_MICE/Mouse946/Round1.5/TMaze/2026-02-11T15_36_24/dlc/2026-02-11_15-36-24_TMaze_TMaze_linearized_binned_trials_70nbins.csv,True,True
Mouse946,TMaze,2026-02-12T17_23_14,2026-02-12,pre2026-05,align,young,/media/toor/Seagate3/YOUNG_MICE/Mouse946/Round1.5/TMaze/2026-02-12T17_23_14,/media/toor/Seagate3/YOUNG_MICE/Mouse946/TMaze/concat/2026-02-12T17_23_14/Linear2026-02-12T17_23_14.avi,/media/toor/Seagate3/YOUNG_MICE/Mouse946/TMaze/concat/2026-02-12T17_23_14/timestamps2026-02-12T17_23_14.csv,True,/media/toor/SeagateClean/Bpod Local/Data/Mouse946/TMaze4/Session Data/Mouse946_TMaze4_20260212_172447.mat,1,/media/toor/Seagate3/YOUNG_MICE/Mouse946/Round1.5/TMaze/2026-02-12T17_23_14/dlc_trim_info.csv,/media/toor/Seagate3/YOUNG_MICE/Mouse946/Round1.5/TMaze/2026-02-12T17_23_14/TMaze_Linear2026-02-12T17_23_14.avi,/media/toor/Seagate3/YOUNG_MICE/Mouse946/Round1.5/TMaze/2026-02-12T17_23_14/dlc/2026-02-12_17-23-14_TMaze_trimmed_trials.csv,/media/toor/Seagate3/YOUNG_MICE/Mouse946/Round1.5/TMaze/2026-02-12T17_23_14/dlc/2026-02-12_17-23-14_TMaze_TMaze_linearized_binned_trials_70nbins.csv,True,True
Mouse946,TMaze,2026-02-13T16_13_34,2026-02-13,pre2026-05,align,young,/media/toor/Seagate3/YOUNG_MICE/Mouse946/Round1.5/TMaze/2026-02-13T16_13_34,/media/toor/Seagate3/YOUNG_MICE/Mouse946/TMaze/concat/2026-02-13T16_13_34/Linear2026-02-13T16_13_34.avi,/media/toor/Seagate3/YOUNG_MICE/Mouse946/TMaze/concat/2026-02-13T16_13_34/timestamps2026-02-13T16_13_34.csv,True,/media/toor/SeagateClean/Bpod Local/Data/Mouse946/TMaze4/Session Data/Mouse946_TMaze4_20260213_161459.mat,1,/media/toor/Seagate3/YOUNG_MICE/Mouse946/Round1.5/TMaze/2026-02-13T16_13_34/dlc_trim_info.csv,/media/toor/Seagate3/YOUNG_MICE/Mouse946/Round1.5/TMaze/2026-02-13T16_13_34/TMaze_Linear2026-02-13T16_13_34.avi,/media/toor/Seagate3/YOUNG_MICE/Mouse946/Round1.5/TMaze/2026-02-13T16_13_34/dlc/2026-02-13_16-13-34_TMaze_trimmed_trials.csv,/media/toor/Seagate3/YOUNG_MICE/Mouse946/Round1.5/TMaze/2026-02-13T16_13_34/dlc/2026-02-13_16-13-34_TMaze_TMaze_linearized_binned_trials_70nbins.csv,True,True
Mouse946,TMaze,2026-02-14T18_21_21,2026-02-14,pre2026-05,align,young,/media/toor/Seagate3/YOUNG_MICE/Mouse946/Round1.5/TMaze/2026-02-14T18_21_21,/media/toor/Seagate3/YOUNG_MICE/Mouse946/TMaze/concat/2026-02-14T18_21_21/Linear2026-02-14T18_21_21.avi,/media/toor/Seagate3/YOUNG_MICE/Mouse946/TMaze/concat/2026-02-14T18_21_21/timestamps2026-02-14T18_21_21.csv,True,/media/toor/SeagateClean/Bpod Local/Data/Mouse946/TMaze4/Session Data/Mouse946_TMaze4_20260214_183504.mat,2,/media/toor/Seagate3/YOUNG_MICE/Mouse946/Round1.5/TMaze/2026-02-14T18_21_21/dlc_trim_info.csv,/media/toor/Seagate3/YOUNG_MICE/Mouse946/Round1.5/TMaze/2026-02-14T18_21_21/TMaze_Linear2026-02-14T18_21_21.avi,/media/toor/Seagate3/YOUNG_MICE/Mouse946/Round1.5/TMaze/2026-02-14T18_21_21/dlc/2026-02-14_18-21-21_TMaze_trimmed_trials.csv,/media/toor/Seagate3/YOUNG_MICE/Mouse946/Round1.5/TMaze/2026-02-14T18_21_21/dlc/2026-02-14_18-21-21_TMaze_TMaze_linearized_binned_trials_70nbins.csv,True,True
Mouse946,TMaze,2026-02-15T17_16_12,2026-02-15,pre2026-05,align,young,/media/toor/Seagate3/YOUNG_MICE/Mouse946/Round1.5/TMaze/2026-02-15T17_16_12,/media/toor/Seagate3/YOUNG_MICE/Mouse946/TMaze/concat/2026-02-15T17_16_12/Linear2026-02-15T17_16_12.avi,/media/toor/Seagate3/YOUNG_MICE/Mouse946/TMaze/concat/2026-02-15T17_16_12/timestamps2026-02-15T17_16_12.csv,True,/media/toor/SeagateClean/Bpod Local/Data/Mouse946/TMaze4/Session Data/Mouse946_TMaze4_20260215_185737.mat,2,/media/toor/Seagate3/YOUNG_MICE/Mouse946/Round1.5/TMaze/2026-02-15T17_16_12/dlc_trim_info.csv,/media/toor/Seagate3/YOUNG_MICE/Mouse946/Round1.5/TMaze/2026-02-15T17_16_12/TMaze_Linear2026-02-15T17_16_12.avi,/media/toor/Seagate3/YOUNG_MICE/Mouse946/Round1.5/TMaze/2026-02-15T17_16_12/dlc/2026-02-15_17-16-12_TMaze_trimmed_trials.csv,/media/toor/Seagate3/YOUNG_MICE/Mouse946/Round1.5/TMaze/2026-02-15T17_16_12/dlc/2026-02-15_17-16-12_TMaze_TMaze_linearized_binned_trials_70nbins.csv,True,True
Mouse946,TMaze,2026-02-16T16_25_16,2026-02-16,pre2026-05,align,young,/media/toor/Seagate3/YOUNG_MICE/Mouse946/Round1.5/TMaze/2026-02-16T16_25_16,/media/toor/Seagate3/YOUNG_MICE/Mouse946/TMaze/concat/2026-02-16T16_25_16/Linear2026-02-16T16_25_16.avi,/media/toor/Seagate3/YOUNG_MICE/Mouse946/TMaze/concat/2026-02-16T16_25_16/timestamps2026-02-16T16_25_16.csv,True,/media/toor/SeagateClean/Bpod Local/Data/Mouse946/TMaze4/Session Data/Mouse946_TMaze4_20260216_162527.mat,1,/media/toor/Seagate3/YOUNG_MICE/Mouse946/Round1.5/TMaze/2026-02-16T16_25_16/dlc_trim_info.csv,/media/toor/Seagate3/YOUNG_MICE/Mouse946/Round1.5/TMaze/2026-02-16T16_25_16/TMaze_Linear2026-02-16T16_25_16.avi,/media/toor/Seagate3/YOUNG_MICE/Mouse946/Round1.5/TMaze/2026-02-16T16_25_16/dlc/2026-02-16_16-25-16_TMaze_trimmed_trials.csv,/media/toor/Seagate3/YOUNG_MICE/Mouse946/Round1.5/TMaze/2026-02-16T16_25_16/dlc/2026-02-16_16-25-16_TMaze_TMaze_linearized_binned_trials_70nbins.csv,True,True
Mouse946,TMaze,2026-02-17T17_10_03,2026-02-17,pre2026-05,align,young,/media/toor/Seagate3/YOUNG_MICE/Mouse946/Round1.5/TMaze/2026-02-17T17_10_03,/media/toor/Seagate3/YOUNG_MICE/Mouse946/TMaze/concat/2026-02-17T17_10_03/Linear2026-02-17T17_10_03.avi,/media/toor/Seagate3/YOUNG_MICE/Mouse946/TMaze/concat/2026-02-17T17_10_03/timestamps2026-02-17T17_10_03.csv,True,/media/toor/SeagateClean/Bpod Local/Data/Mouse946/TMaze4/Session Data/Mouse946_TMaze4_20260217_171327.mat,1,/media/toor/Seagate3/YOUNG_MICE/Mouse946/Round1.5/TMaze/2026-02-17T17_10_03/dlc_trim_info.csv,/media/toor/Seagate3/YOUNG_MICE/Mouse946/Round1.5/TMaze/2026-02-17T17_10_03/TMaze_Linear2026-02-17T17_10_03.avi,/media/toor/Seagate3/YOUNG_MICE/Mouse946/Round1.5/TMaze/2026-02-17T17_10_03/dlc/2026-02-17_17-10-03_TMaze_trimmed_trials.csv,/media/toor/Seagate3/YOUNG_MICE/Mouse946/Round1.5/TMaze/2026-02-17T17_10_03/dlc/2026-02-17_17-10-03_TMaze_TMaze_linearized_binned_trials_70nbins.csv,True,True
Mouse946,TMaze,2026-02-18T16_43_03,2026-02-18,pre2026-05,align,young,/media/toor/Seagate3/YOUNG_MICE/Mouse946/Round1.5/TMaze/2026-02-18T16_43_03,/media/toor/Seagate3/YOUNG_MICE/Mouse946/TMaze/concat/2026-02-18T16_43_03/Linear2026-02-18T16_43_03.avi,/media/toor/Seagate3/YOUNG_MICE/Mouse946/TMaze/concat/2026-02-18T16_43_03/timestamps2026-02-18T16_43_03.csv,True,/media/toor/SeagateClean/Bpod Local/Data/Mouse946/TMaze4/Session Data/Mouse946_TMaze4_20260218_164928.mat,1,/media/toor/Seagate3/YOUNG_MICE/Mouse946/Round1.5/TMaze/2026-02-18T16_43_03/dlc_trim_info.csv,/media/toor/Seagate3/YOUNG_MICE/Mouse946/Round1.5/TMaze/2026-02-18T16_43_03/TMaze_Linear2026-02-18T16_43_03.avi,/media/toor/Seagate3/YOUNG_MICE/Mouse946/Round1.5/TMaze/2026-02-18T16_43_03/dlc/2026-02-18_16-43-03_TMaze_trimmed_trials.csv,/media/toor/Seagate3/YOUNG_MICE/Mouse946/Round1.5/TMaze/2026-02-18T16_43_03/dlc/2026-02-18_16-43-03_TMaze_TMaze_linearized_binned_trials_70nbins.csv,True,True
Mouse946,TMaze,2026-02-19T16_47_52,2026-02-19,pre2026-05,align,young,/media/toor/Seagate3/YOUNG_MICE/Mouse946/Round1.5/TMaze/2026-02-19T16_47_52,/media/toor/Seagate3/YOUNG_MICE/Mouse946/TMaze/concat/2026-02-19T16_47_52/Linear2026-02-19T16_47_52.avi,/media/toor/Seagate3/YOUNG_MICE/Mouse946/TMaze/concat/2026-02-19T16_47_52/timestamps2026-02-19T16_47_52.csv,True,/media/toor/SeagateClean/Bpod Local/Data/Mouse946/TMaze4/Session Data/Mouse946_TMaze4_20260219_164559.mat,1,/media/toor/Seagate3/YOUNG_MICE/Mouse946/Round1.5/TMaze/2026-02-19T16_47_52/dlc_trim_info.csv,/media/toor/Seagate3/YOUNG_MICE/Mouse946/Round1.5/TMaze/2026-02-19T16_47_52/TMaze_Linear2026-02-19T16_47_52.avi,/media/toor/Seagate3/YOUNG_MICE/Mouse946/Round1.5/TMaze/2026-02-19T16_47_52/dlc/2026-02-19_16-47-52_TMaze_trimmed_trials.csv,/media/toor/Seagate3/YOUNG_MICE/Mouse946/Round1.5/TMaze/2026-02-19T16_47_52/dlc/2026-02-19_16-47-52_TMaze_TMaze_linearized_binned_trials_70nbins.csv,True,True
Mouse946,TMaze,2026-02-20T16_58_26,2026-02-20,pre2026-05,align,young,/media/toor/Seagate3/YOUNG_MICE/Mouse946/Round1.5/TMaze/2026-02-20T16_58_26,/media/toor/Seagate2/YOUNG_MICE/Mouse946/Linear2026-02-20T16_58_26.avi,/media/toor/Seagate2/YOUNG_MICE/Mouse946/timestamps2026-02-20T16_58_26.csv,True,/media/toor/SeagateClean/Bpod Local/Data/Mouse946/TMaze4/Session Data/Mouse946_TMaze4_20260220_170415.mat,1,/media/toor/Seagate3/YOUNG_MICE/Mouse946/Round1.5/TMaze/2026-02-20T16_58_26/dlc_trim_info.csv,/media/toor/Seagate3/YOUNG_MICE/Mouse946/Round1.5/TMaze/2026-02-20T16_58_26/TMaze_Linear2026-02-20T16_58_26.avi,/media/toor/Seagate3/YOUNG_MICE/Mouse946/Round1.5/TMaze/2026-02-20T16_58_26/dlc/2026-02-20_16-58-26_TMaze_trimmed_trials.csv,/media/toor/Seagate3/YOUNG_MICE/Mouse946/Round1.5/TMaze/2026-02-20T16_58_26/dlc/2026-02-20_16-58-26_TMaze_TMaze_linearized_binned_trials_70nbins.csv,True,True
Mouse946,TMaze,2026-02-21T16_08_19,2026-02-21,pre2026-05,align,young,/media/toor/Seagate3/YOUNG_MICE/Mouse946/Round1.5/TMaze/2026-02-21T16_08_19,/media/toor/Seagate3/YOUNG_MICE/Mouse946/TMaze/concat/2026-02-21T16_08_19/Linear2026-02-21T16_08_19.avi,/media/toor/Seagate3/YOUNG_MICE/Mouse946/TMaze/concat/2026-02-21T16_08_19/timestamps2026-02-21T16_08_19.csv,True,/media/toor/SeagateClean/Bpod Local/Data/Mouse946/TMaze4/Session Data/Mouse946_TMaze4_20260221_160907.mat,1,/media/toor/Seagate3/YOUNG_MICE/Mouse946/Round1.5/TMaze/2026-02-21T16_08_19/dlc_trim_info.csv,/media/toor/Seagate3/YOUNG_MICE/Mouse946/Round1.5/TMaze/2026-02-21T16_08_19/TMaze_Linear2026-02-21T16_08_19.avi,/media/toor/Seagate3/YOUNG_MICE/Mouse946/Round1.5/TMaze/2026-02-21T16_08_19/dlc/2026-02-21_16-08-19_TMaze_trimmed_trials.csv,/media/toor/Seagate3/YOUNG_MICE/Mouse946/Round1.5/TMaze/2026-02-21T16_08_19/dlc/2026-02-21_16-08-19_TMaze_TMaze_linearized_binned_trials_70nbins.csv,True,True
Mouse946,TMaze,2026-02-23T17_13_43,2026-02-23,pre2026-05,align,young,/media/toor/Seagate3/YOUNG_MICE/Mouse946/Round1.5/TMaze/2026-02-23T17_13_43,/media/toor/Seagate3/YOUNG_MICE/Mouse946/TMaze/concat/2026-02-23T17_13_43/Linear2026-02-23T17_13_43.avi,/media/toor/Seagate3/YOUNG_MICE/Mouse946/TMaze/concat/2026-02-23T17_13_43/timestamps2026-02-23T17_13_43.csv,True,/media/toor/SeagateClean/Bpod Local/Data/Mouse946/TMaze4/Session Data/Mouse946_TMaze4_20260223_171350.mat,1,/media/toor/Seagate3/YOUNG_MICE/Mouse946/Round1.5/TMaze/2026-02-23T17_13_43/dlc_trim_info.csv,/media/toor/Seagate3/YOUNG_MICE/Mouse946/Round1.5/TMaze/2026-02-23T17_13_43/TMaze_Linear2026-02-23T17_13_43.avi,/media/toor/Seagate3/YOUNG_MICE/Mouse946/Round1.5/TMaze/2026-02-23T17_13_43/dlc/2026-02-23_17-13-43_TMaze_trimmed_trials.csv,/media/toor/Seagate3/YOUNG_MICE/Mouse946/Round1.5/TMaze/2026-02-23T17_13_43/dlc/2026-02-23_17-13-43_TMaze_TMaze_linearized_binned_trials_70nbins.csv,True,True
Mouse946,TMaze,2026-02-24T18_08_50,2026-02-24,pre2026-05,align,young,/media/toor/Seagate3/YOUNG_MICE/Mouse946/Round1.5/TMaze/2026-02-24T18_08_50,/media/toor/Seagate3/YOUNG_MICE/Mouse946/TMaze/concat/2026-02-24T18_08_50/Linear2026-02-24T18_08_50.avi,/media/toor/Seagate3/YOUNG_MICE/Mouse946/TMaze/concat/2026-02-24T18_08_50/timestamps2026-02-24T18_08_50.csv,True,/media/toor/SeagateClean/Bpod Local/Data/Mouse946/TMaze4/Session Data/Mouse946_TMaze4_20260224_181336.mat,1,/media/toor/Seagate3/YOUNG_MICE/Mouse946/Round1.5/TMaze/2026-02-24T18_08_50/dlc_trim_info.csv,/media/toor/Seagate3/YOUNG_MICE/Mouse946/Round1.5/TMaze/2026-02-24T18_08_50/TMaze_Linear2026-02-24T18_08_50.avi,/media/toor/Seagate3/YOUNG_MICE/Mouse946/Round1.5/TMaze/2026-02-24T18_08_50/dlc/2026-02-24_18-08-50_TMaze_trimmed_trials.csv,/media/toor/Seagate3/YOUNG_MICE/Mouse946/Round1.5/TMaze/2026-02-24T18_08_50/dlc/2026-02-24_18-08-50_TMaze_TMaze_linearized_binned_trials_70nbins.csv,True,True
Mouse946,TMaze,2026-02-25T15_49_17,2026-02-25,pre2026-05,align,young,/media/toor/Seagate3/YOUNG_MICE/Mouse946/Round1.5/TMaze/2026-02-25T15_49_17,/media/toor/Seagate3/YOUNG_MICE/Mouse946/TMaze/concat/2026-02-25T15_49_17/Linear2026-02-25T15_49_17.avi,/media/toor/Seagate3/YOUNG_MICE/Mouse946/TMaze/concat/2026-02-25T15_49_17/timestamps2026-02-25T15_49_17.csv,True,/media/toor/SeagateClean/Bpod Local/Data/Mouse946/TMaze4/Session Data/Mouse946_TMaze4_20260225_154909.mat,1,/media/toor/Seagate3/YOUNG_MICE/Mouse946/Round1.5/TMaze/2026-02-25T15_49_17/dlc_trim_info.csv,/media/toor/Seagate3/YOUNG_MICE/Mouse946/Round1.5/TMaze/2026-02-25T15_49_17/TMaze_Linear2026-02-25T15_49_17.avi,/media/toor/Seagate3/YOUNG_MICE/Mouse946/Round1.5/TMaze/2026-02-25T15_49_17/dlc/2026-02-25_15-49-17_TMaze_trimmed_trials.csv,/media/toor/Seagate3/YOUNG_MICE/Mouse946/Round1.5/TMaze/2026-02-25T15_49_17/dlc/2026-02-25_15-49-17_TMaze_TMaze_linearized_binned_trials_70nbins.csv,True,True
Mouse946,TMaze,2026-02-26T17_15_21,2026-02-26,pre2026-05,align,young,/media/toor/Seagate3/YOUNG_MICE/Mouse946/Round1.5/TMaze/2026-02-26T17_15_21,/media/toor/Seagate3/YOUNG_MICE/Mouse946/TMaze/concat/2026-02-26T17_15_21/Linear2026-02-26T17_15_21.avi,/media/toor/Seagate3/YOUNG_MICE/Mouse946/TMaze/concat/2026-02-26T17_15_21/timestamps2026-02-26T17_15_21.csv,True,/media/toor/SeagateClean/Bpod Local/Data/Mouse946/TMaze4/Session Data/Mouse946_TMaze4_20260226_172200.mat,1,/media/toor/Seagate3/YOUNG_MICE/Mouse946/Round1.5/TMaze/2026-02-26T17_15_21/dlc_trim_info.csv,/media/toor/Seagate3/YOUNG_MICE/Mouse946/Round1.5/TMaze/2026-02-26T17_15_21/TMaze_Linear2026-02-26T17_15_21.avi,/media/toor/Seagate3/YOUNG_MICE/Mouse946/Round1.5/TMaze/2026-02-26T17_15_21/dlc/2026-02-26_17-15-21_TMaze_trimmed_trials.csv,/media/toor/Seagate3/YOUNG_MICE/Mouse946/Round1.5/TMaze/2026-02-26T17_15_21/dlc/2026-02-26_17-15-21_TMaze_TMaze_linearized_binned_trials_70nbins.csv,True,True
Mouse946,TMaze,2026-02-27T17_20_16,2026-02-27,pre2026-05,align,young,/media/toor/Seagate3/YOUNG_MICE/Mouse946/Round1.5/TMaze/2026-02-27T17_20_16,/media/toor/Seagate3/YOUNG_MICE/Mouse946/TMaze/concat/2026-02-27T17_20_16/Linear2026-02-27T17_20_16.avi,/media/toor/Seagate3/YOUNG_MICE/Mouse946/TMaze/concat/2026-02-27T17_20_16/timestamps2026-02-27T17_20_16.csv,True,/media/toor/SeagateClean/Bpod Local/Data/Mouse946/TMaze4/Session Data/Mouse946_TMaze4_20260227_171917.mat,1,/media/toor/Seagate3/YOUNG_MICE/Mouse946/Round1.5/TMaze/2026-02-27T17_20_16/dlc_trim_info.csv,/media/toor/Seagate3/YOUNG_MICE/Mouse946/Round1.5/TMaze/2026-02-27T17_20_16/TMaze_Linear2026-02-27T17_20_16.avi,/media/toor/Seagate3/YOUNG_MICE/Mouse946/Round1.5/TMaze/2026-02-27T17_20_16/dlc/2026-02-27_17-20-16_TMaze_trimmed_trials.csv,/media/toor/Seagate3/YOUNG_MICE/Mouse946/Round1.5/TMaze/2026-02-27T17_20_16/dlc/2026-02-27_17-20-16_TMaze_TMaze_linearized_binned_trials_70nbins.csv,True,True
Mouse946,TMaze,2026-02-28T18_13_07,2026-02-28,pre2026-05,align,young,/media/toor/Seagate3/YOUNG_MICE/Mouse946/Round1.5/TMaze/2026-02-28T18_13_07,/media/toor/Seagate3/YOUNG_MICE/Mouse946/TMaze/concat/2026-02-28T18_13_07/Linear2026-02-28T18_13_07.avi,/media/toor/Seagate3/YOUNG_MICE/Mouse946/TMaze/concat/2026-02-28T18_13_07/timestamps2026-02-28T18_13_07.csv,True,/media/toor/SeagateClean/Bpod Local/Data/Mouse946/TMaze4/Session Data/Mouse946_TMaze4_20260228_181301.mat,1,/media/toor/Seagate3/YOUNG_MICE/Mouse946/Round1.5/TMaze/2026-02-28T18_13_07/dlc_trim_info.csv,/media/toor/Seagate3/YOUNG_MICE/Mouse946/Round1.5/TMaze/2026-02-28T18_13_07/TMaze_Linear2026-02-28T18_13_07.avi,/media/toor/Seagate3/YOUNG_MICE/Mouse946/Round1.5/TMaze/2026-02-28T18_13_07/dlc/2026-02-28_18-13-07_TMaze_trimmed_trials.csv,/media/toor/Seagate3/YOUNG_MICE/Mouse946/Round1.5/TMaze/2026-02-28T18_13_07/dlc/2026-02-28_18-13-07_TMaze_TMaze_linearized_binned_trials_70nbins.csv,True,True
Mouse946,TMaze,2026-03-01T17_46_57,2026-03-01,pre2026-05,align,young,/media/toor/Seagate3/YOUNG_MICE/Mouse946/Round1.5/TMaze/2026-03-01T17_46_57,/media/toor/Seagate3/YOUNG_MICE/Mouse946/TMaze/concat/2026-03-01T17_46_57/Linear2026-03-01T17_46_57.avi,/media/toor/Seagate3/YOUNG_MICE/Mouse946/TMaze/concat/2026-03-01T17_46_57/timestamps2026-03-01T17_46_57.csv,True,/media/toor/SeagateClean/Bpod Local/Data/Mouse946/TMaze4/Session Data/Mouse946_TMaze4_20260301_174651.mat,1,/media/toor/Seagate3/YOUNG_MICE/Mouse946/Round1.5/TMaze/2026-03-01T17_46_57/dlc_trim_info.csv,/media/toor/Seagate3/YOUNG_MICE/Mouse946/Round1.5/TMaze/2026-03-01T17_46_57/TMaze_Linear2026-03-01T17_46_57.avi,/media/toor/Seagate3/YOUNG_MICE/Mouse946/Round1.5/TMaze/2026-03-01T17_46_57/dlc/2026-03-01_17-46-57_TMaze_trimmed_trials.csv,/media/toor/Seagate3/YOUNG_MICE/Mouse946/Round1.5/TMaze/2026-03-01T17_46_57/dlc/2026-03-01_17-46-57_TMaze_TMaze_linearized_binned_trials_70nbins.csv,True,True
