mouse,task,folder_stamp,n_rows,start_frame,frames_available,gaps_in_window,max_gap_in_window,window_wallclock_s,gaps_whole_file,max_gap_file,ts_file
Mouse163,Linear,2024-05-21 15:55:45,35042,5087,29955,0,0.186432,969.383949,0,0.186432,/media/toor/SeagatePortableDrive/AGING_MICE/Mouse163/FirstRound/timestamps2024-05-21T15_55_45.csv
Mouse163,Linear,2024-05-22 17:12:36,40391,9245,31146,0,0.749248,969.730009,0,0.749248,/media/toor/SeagatePortableDrive/AGING_MICE/Mouse163/FirstRound/timestamps2024-05-22T17_12_36.csv
Mouse1636,Linear,2024-05-22 18:10:40,44074,9097,34977,0,0.159667,966.5892869999999,0,0.188685,/media/toor/SeagatePortableDrive/AGING_MICE/Mouse1636/FirstRound/timestamps2024-05-22T18_10_40.csv
Mouse1639,Linear,2024-05-22 18:43:07,17954,9114,8840,0,0.152038,356.339008,0,0.152038,/media/toor/SeagatePortableDrive/AGING_MICE/Mouse1639/FirstRound/timestamps2024-05-22T18_43_07.csv
Mouse1639,Linear,2024-05-23 17:10:09,34872,5000,29872,1,5.858496,972.324595,1,5.858496,/media/toor/SeagatePortableDrive/AGING_MICE/Mouse1639/FirstRound/timestamps2024-05-23T17_10_09.csv
Mouse1636,Linear,2024-05-23 17:41:51,41192,9727,31465,0,0.148557,968.242969,2,13.873498,/media/toor/SeagatePortableDrive/AGING_MICE/Mouse1636/FirstRound/timestamps2024-05-23T17_41_51.csv
Mouse1637,Linear,2024-05-23 18:14:05,41573,10274,31299,0,0.167437,968.7199609999999,0,0.224884,/media/toor/SeagatePortableDrive/AGING_MICE/Mouse1637/FirstRound/timestamps2024-05-23T18_14_05.csv
Mouse163,Linear,2024-05-23 18:44:49,63333,8613,54720,0,1.077965,968.5981949999999,0,1.077965,/media/toor/SeagatePortableDrive/AGING_MICE/Mouse163/FirstRound/timestamps2024-05-23T18_44_49.csv
Mouse1639,Linear,2024-05-24 17:02:07,46309,8807,37502,0,0.156058,966.482483,0,0.156058,/media/toor/SeagatePortableDrive/AGING_MICE/Mouse1639/FirstRound/timestamps2024-05-24T17_02_07.csv
Mouse1636,Linear,2024-05-24 17:36:51,44572,9117,35455,0,0.205389,967.9919869999999,0,0.396506,/media/toor/SeagatePortableDrive/AGING_MICE/Mouse1636/FirstRound/timestamps2024-05-24T17_36_51.csv
Mouse163,Linear,2024-05-24 18:09:48,44196,12585,31611,0,0.180544,967.548864,0,0.180544,/media/toor/SeagatePortableDrive/AGING_MICE/Mouse163/FirstRound/timestamps2024-05-24T18_09_48.csv
Mouse1637,Linear,2024-05-24 18:42:16,42135,9301,32834,0,0.218944,969.2275589999999,0,0.314278,/media/toor/SeagateClean/Mouse1637/Round1/Linear/2024-05-24T18_42_16/timestamps2024-05-24T18_42_16.csv
Mouse163,Linear,2024-05-25 17:10:02,52790,11022,41768,0,0.221107,968.193242,0,0.221107,/media/toor/SeagatePortableDrive/AGING_MICE/Mouse163/FirstRound/timestamps2024-05-25T17_10_02.csv
Mouse1636,Linear,2024-05-25 17:49:48,51262,10746,40516,0,0.167014,967.8866430000002,0,0.183271,/media/toor/SeagatePortableDrive/AGING_MICE/Mouse1636/FirstRound/timestamps2024-05-25T17_49_48.csv
Mouse1637,Linear,2024-05-25 18:27:34,41630,9838,31792,0,0.162867,967.372288,0,0.162867,/media/toor/SeagatePortableDrive/AGING_MICE/Mouse1637/FirstRound/timestamps2024-05-25T18_27_34.csv
Mouse1639,Linear,2024-05-25 19:15:57,16993,5000,11993,0,0.164237,483.402522,0,0.164237,/media/toor/SeagatePortableDrive/AGING_MICE/Mouse1639/FirstRound/timestamps2024-05-25T19_15_57.csv
Mouse1639,Linear,2024-05-26 13:33:52,46349,9830,36519,0,0.583603,969.4312059999999,0,0.590746,/media/toor/SeagatePortableDrive/AGING_MICE/Mouse1639/FirstRound/timestamps2024-05-26T13_33_52.csv
Mouse163,Linear,2024-05-26 14:08:18,42017,8696,33321,0,0.167437,968.2903550000001,0,0.622119,/media/toor/SeagatePortableDrive/AGING_MICE/Mouse163/FirstRound/timestamps2024-05-26T14_08_18.csv
Mouse1637,Linear,2024-05-26 14:39:05,42775,9007,33768,0,0.704704,970.6574840000001,0,0.704704,/media/toor/SeagateClean/Mouse1637/Round1/Linear/2024-05-26T14_39_05/timestamps2024-05-26T14_39_05.csv
Mouse1636,Linear,2024-05-26 15:10:14,40428,9083,31345,0,0.549824,968.187943,0,0.549824,/media/toor/SeagatePortableDrive/AGING_MICE/Mouse1636/FirstRound/timestamps2024-05-26T15_10_14.csv
Mouse1636,Linear,2024-05-27 13:27:43,49037,9551,39486,0,0.407092,962.8404740000001,0,0.407092,/media/toor/SeagatePortableDrive/AGING_MICE/Mouse1636/FirstRound/timestamps2024-05-27T13_27_43.csv
Mouse1637,Linear,2024-05-27 14:03:29,45878,9129,36749,0,0.158707,963.2156160000001,0,0.481498,/media/toor/SeagatePortableDrive/AGING_MICE/Mouse1637/FirstRound/timestamps2024-05-27T14_03_29.csv
Mouse1639,Linear,2024-05-27 14:38:30,44118,9184,34934,0,0.17696,963.326413,0,0.396941,/media/toor/SeagatePortableDrive/AGING_MICE/Mouse1639/FirstRound/timestamps2024-05-27T14_38_30.csv
Mouse163,Linear,2024-05-27 15:10:56,45124,9494,35630,0,0.548327,962.8326519999999,0,0.548327,/media/toor/SeagatePortableDrive/AGING_MICE/Mouse163/FirstRound/timestamps2024-05-27T15_10_56.csv
Mouse163,Linear,2024-05-28 12:02:30,45992,9541,36451,0,0.094554,962.97934,0,0.094554,/media/toor/SeagatePortableDrive/AGING_MICE/Mouse163/FirstRound/timestamps2024-05-28T12_02_30.csv
Mouse1637,Linear,2024-05-28 12:36:37,50689,9514,41175,0,0.563468,963.115545,0,0.563468,/media/toor/SeagatePortableDrive/AGING_MICE/Mouse1637/FirstRound/timestamps2024-05-28T12_36_37.csv
Mouse1636,Linear,2024-05-28 13:23:26,46161,9918,36243,0,0.100365,962.797414,0,0.142092,/media/toor/SeagatePortableDrive/AGING_MICE/Mouse1636/FirstRound/timestamps2024-05-28T13_23_26.csv
Mouse1639,Linear,2024-05-28 13:57:12,47401,9250,38151,0,0.544601,963.2797049999999,0,0.577497,/media/toor/SeagatePortableDrive/AGING_MICE/Mouse1639/FirstRound/timestamps2024-05-28T13_57_12.csv
Mouse1637,Linear,2024-05-29 16:51:58,42438,7608,34830,0,0.135628,962.518208,0,0.135628,/media/toor/SeagatePortableDrive/AGING_MICE/Mouse1637/FirstRound/timestamps2024-05-29T16_51_58.csv
Mouse1639,Linear,2024-05-29 17:24:09,41205,9105,32100,0,0.601664,965.684608,0,0.601664,/media/toor/SeagatePortableDrive/AGING_MICE/Mouse1639/FirstRound/timestamps2024-05-29T17_24_09.csv
Mouse1636,Linear,2024-05-29 17:56:04,63184,28345,34839,0,0.569639,964.0142209999999,0,0.636493,/media/toor/SeagatePortableDrive/AGING_MICE/Mouse1636/FirstRound/timestamps2024-05-29T17_56_04.csv
Mouse163,Linear,2024-05-29 18:43:41,44756,11101,33655,0,0.101427,962.2444409999999,0,0.101427,/media/toor/SeagatePortableDrive/AGING_MICE/Mouse163/FirstRound/timestamps2024-05-29T18_43_41.csv
Mouse1636,Linear,2024-05-30 13:02:37,41872,9256,32616,0,0.532672,963.44562,0,0.532672,/media/toor/SeagatePortableDrive/AGING_MICE/Mouse1636/FirstRound/timestamps2024-05-30T13_02_37.csv
Mouse163,Linear,2024-05-30 13:32:54,45328,9040,36288,0,0.553178,962.914957,0,0.553178,/media/toor/SeagatePortableDrive/AGING_MICE/Mouse163/FirstRound/timestamps2024-05-30T13_32_54.csv
Mouse1639,Linear,2024-05-30 14:05:49,47267,10845,36422,0,0.394932,963.292019,0,0.394932,/media/toor/SeagatePortableDrive/AGING_MICE/Mouse1639/FirstRound/timestamps2024-05-30T14_05_49.csv
Mouse1637,Linear,2024-05-30 14:37:47,41555,9447,32108,0,0.141657,962.9143290000001,0,0.527911,/media/toor/SeagateClean/Mouse1637/Round1/Linear/2024-05-30T14_37_47/timestamps2024-05-30T14_37_47.csv
Mouse163,Linear,2024-05-31 12:33:02,44231,9432,34799,0,0.203738,969.7550079999999,0,0.203738,/media/toor/SeagatePortableDrive/AGING_MICE/Mouse163/FirstRound/timestamps2024-05-31T12_33_02.csv
Mouse1639,Linear,2024-05-31 13:05:57,40469,8868,31601,0,0.713549,969.986343,0,0.713549,/media/toor/SeagatePortableDrive/AGING_MICE/Mouse1639/FirstRound/timestamps2024-05-31T13_05_57.csv
Mouse1637,Linear,2024-05-31 13:36:37,41778,9107,32671,0,0.225728,970.2909189999999,0,0.225728,/media/toor/SeagatePortableDrive/AGING_MICE/Mouse1637/FirstRound/timestamps2024-05-31T13_36_37.csv
Mouse1636,Linear,2024-06-01 15:22:59,44229,8622,35607,0,0.592563,963.24096,0,0.592563,/media/toor/SeagatePortableDrive/AGING_MICE/Mouse1636/FirstRound/timestamps2024-06-01T15_22_59.csv
Mouse163,Linear,2024-06-01 15:55:36,42691,9126,33565,0,0.157312,963.003712,0,0.157312,/media/toor/SeagatePortableDrive/AGING_MICE/Mouse163/FirstRound/timestamps2024-06-01T15_55_36.csv
Mouse1639,Linear,2024-06-01 16:27:44,40692,8822,31870,0,0.560128,964.177984,0,0.560128,/media/toor/SeagatePortableDrive/AGING_MICE/Mouse1639/FirstRound/timestamps2024-06-01T16_27_44.csv
Mouse1637,Linear,2024-06-01 16:57:24,42834,8403,34431,0,0.085504,961.9813240000001,0,0.097255,/media/toor/SeagateClean/Mouse1637/Round1/Linear/2024-06-01T16_57_24/timestamps2024-06-01T16_57_24.csv
Mouse1637,Linear,2024-06-02 13:36:34,41555,9103,32452,0,0.658458,963.96137,0,0.658458,/media/toor/SeagatePortableDrive/AGING_MICE/Mouse1637/FirstRound/timestamps2024-06-02T13_36_34.csv
Mouse1639,Linear,2024-06-02 14:06:58,41413,9446,31967,0,0.626688,964.334412,0,0.626688,/media/toor/SeagatePortableDrive/AGING_MICE/Mouse1639/FirstRound/timestamps2024-06-02T14_06_58.csv
Mouse1636,Linear,2024-06-02 14:38:15,43795,9042,34753,0,0.548736,963.215898,0,0.548736,/media/toor/SeagatePortableDrive/AGING_MICE/Mouse1636/FirstRound/timestamps2024-06-02T14_38_15.csv
Mouse163,Linear,2024-06-02 15:10:17,46109,8515,37594,0,0.091673,962.7634300000001,0,0.66295,/media/toor/SeagatePortableDrive/AGING_MICE/Mouse163/FirstRound/timestamps2024-06-02T15_10_17.csv
Mouse1637,Linear,2024-06-03 11:49:24,45621,9420,36201,0,0.091968,962.7230590000001,0,0.104461,/media/toor/SeagatePortableDrive/AGING_MICE/Mouse1637/FirstRound/timestamps2024-06-03T11_49_24.csv
Mouse163,Linear,2024-06-03 12:26:40,49554,9219,40335,0,0.098124,962.927462,0,0.192883,/media/toor/SeagatePortableDrive/AGING_MICE/Mouse163/FirstRound/timestamps2024-06-03T12_26_40.csv
Mouse1636,Linear,2024-06-03 13:02:02,42347,9489,32858,0,0.167463,963.053901,0,0.167463,/media/toor/SeagatePortableDrive/AGING_MICE/Mouse1636/FirstRound/timestamps2024-06-03T13_02_02.csv
Mouse1639,Linear,2024-06-03 13:32:48,41844,9067,32777,0,0.626342,962.630682,0,0.626342,/media/toor/SeagatePortableDrive/AGING_MICE/Mouse1639/FirstRound/timestamps2024-06-03T13_32_48.csv
Mouse1639,Linear,2024-06-04 08:50:54,47884,11106,36778,0,0.096103,963.0807420000001,0,0.643955,/media/toor/SeagatePortableDrive/AGING_MICE/Mouse1639/FirstRound/timestamps2024-06-04T08_50_54.csv
Mouse1636,Linear,2024-06-04 09:26:04,50674,10241,40433,0,0.615552,963.6290300000001,0,0.615552,/media/toor/SeagatePortableDrive/AGING_MICE/Mouse1636/FirstRound/timestamps2024-06-04T09_26_04.csv
Mouse163,Linear,2024-06-04 10:03:04,47161,10066,37095,0,0.515302,963.080256,0,0.515302,/media/toor/SeagatePortableDrive/AGING_MICE/Mouse163/FirstRound/timestamps2024-06-04T10_03_04.csv
Mouse1637,Linear,2024-06-04 10:37:19,42711,9329,33382,0,0.096359,962.4143740000001,0,0.172084,/media/toor/SeagatePortableDrive/AGING_MICE/Mouse1637/FirstRound/timestamps2024-06-04T10_37_19.csv
Mouse1637,Linear,2024-06-05 09:22:16,46892,9043,37849,0,0.249959,963.367513,0,0.550208,/media/toor/SeagatePortableDrive/AGING_MICE/Mouse1637/FirstRound/timestamps2024-06-05T09_22_16.csv
Mouse1639,Linear,2024-06-05 10:42:51,39400,10021,29379,0,1.154356,964.3696890000001,0,1.154356,/media/toor/SeagatePortableDrive/AGING_MICE/Mouse1639/FirstRound/timestamps2024-06-05T10_42_51.csv
Mouse1636,Linear,2024-06-06 13:02:30,43888,11604,32284,0,0.115648,963.9200129999999,0,0.577139,/media/toor/SeagatePortableDrive/AGING_MICE/Mouse1636/FirstRound/timestamps2024-06-06T13_02_30.csv
Mouse1639,Linear,2024-06-06 13:34:19,41278,9113,32165,0,0.103655,962.556941,0,0.103655,/media/toor/SeagatePortableDrive/AGING_MICE/Mouse1639/FirstRound/timestamps2024-06-06T13_34_19.csv
Mouse163,Linear,2024-06-06 14:05:01,42372,10500,31872,0,0.555584,963.834163,0,0.555584,/media/toor/SeagatePortableDrive/AGING_MICE/Mouse163/FirstRound/timestamps2024-06-06T14_05_01.csv
Mouse1637,Linear,2024-06-06 14:35:51,40759,8886,31873,0,0.089689,962.176422,0,0.089689,/media/toor/SeagatePortableDrive/AGING_MICE/Mouse1637/FirstRound/timestamps2024-06-06T14_35_51.csv
Mouse163,Linear,2024-06-07 12:22:25,45419,12062,33357,0,0.17463,963.646528,0,0.17463,/media/toor/SeagatePortableDrive/AGING_MICE/Mouse163/FirstRound/timestamps2024-06-07T12_22_25.csv
Mouse1637,Linear,2024-06-07 12:55:13,39924,8712,31212,0,0.27968,962.847028,0,0.27968,/media/toor/SeagateClean/Mouse1637/Round1/Linear/2024-06-07T12_55_13/timestamps2024-06-07T12_55_13.csv
Mouse1636,Linear,2024-06-07 13:24:35,44090,11335,32755,0,0.102669,962.84471,0,0.142951,/media/toor/SeagatePortableDrive/AGING_MICE/Mouse1636/FirstRound/timestamps2024-06-07T13_24_35.csv
Mouse1639,Linear,2024-06-07 13:58:48,42381,6982,35399,0,0.411417,964.8152829999999,0,0.411417,/media/toor/SeagatePortableDrive/AGING_MICE/Mouse1639/FirstRound/timestamps2024-06-07T13_58_48.csv
Mouse1637,Linear,2024-06-08 15:56:23,40266,9248,31018,0,0.123252,962.8861949999999,0,0.123252,/media/toor/SeagatePortableDrive/AGING_MICE/Mouse1637/FirstRound/timestamps2024-06-08T15_56_23.csv
Mouse1636,Linear,2024-06-08 16:25:38,39551,8721,30830,0,0.33856,963.3101819999999,0,0.33856,/media/toor/SeagatePortableDrive/AGING_MICE/Mouse1636/FirstRound/timestamps2024-06-08T16_25_38.csv
Mouse163,Linear,2024-06-08 16:54:20,40276,8508,31768,0,0.16768,962.9405830000001,0,0.16768,/media/toor/SeagatePortableDrive/AGING_MICE/Mouse163/FirstRound/timestamps2024-06-08T16_54_20.csv
Mouse1639,Linear,2024-06-08 17:23:02,38630,7910,30720,0,0.55529,964.060544,0,0.55529,/media/toor/SeagatePortableDrive/AGING_MICE/Mouse1639/FirstRound/timestamps2024-06-08T17_23_02.csv
Mouse163,Linear,2024-06-09 13:50:40,43069,8587,34482,0,0.13792,963.6829560000001,0,0.13792,/media/toor/SeagatePortableDrive/AGING_MICE/Mouse163/FirstRound/timestamps2024-06-09T13_50_40.csv
Mouse1636,Linear,2024-06-09 14:22:18,39461,8783,30678,0,0.342208,964.474381,0,0.342208,/media/toor/SeagatePortableDrive/AGING_MICE/Mouse1636/FirstRound/timestamps2024-06-09T14_22_18.csv
Mouse1637,Linear,2024-06-09 14:51:48,41658,8828,32830,0,0.127015,962.61216,0,0.608666,/media/toor/SeagateClean/Mouse1637/Round1/Linear/2024-06-09T14_51_48/timestamps2024-06-09T14_51_48.csv
Mouse1639,Linear,2024-06-10 14:19:09,39186,8617,30569,0,0.15502,962.261235,0,0.15502,/media/toor/SeagatePortableDrive/AGING_MICE/Mouse1639/Round1.5/timestamps2024-06-10T14_19_09.csv
Mouse163,TMaze,2024-06-10 14:53:44,16023,9342,6681,5,33.301927,357.553306,5,33.301927,/media/toor/SeagatePortableDrive/AGING_MICE/Mouse163/Round1.5/timestamps2024-06-10T14_53_44.csv
Mouse163,TMaze,2024-06-10 15:06:00,18076,5000,13076,2,3.063207,532.421184,2,3.063207,/media/toor/SeagatePortableDrive/AGING_MICE/Mouse163/Round1.5/timestamps2024-06-10T15_06_00.csv
Mouse163,Linear,2024-06-10 15:21:18,38732,8883,29849,0,0.088243,962.6785279999999,0,1.187187,/media/toor/SeagatePortableDrive/AGING_MICE/Mouse163/Round1.5/timestamps2024-06-10T15_21_18.csv
Mouse1636,TMaze,2024-06-10 16:43:15,38014,7000,31014,0,0.663412,971.2235520000002,0,1.386611,/media/toor/SeagatePortableDrive/AGING_MICE/Mouse1636/Round1.5/timestamps2024-06-10T16_43_15.csv
Mouse1636,Linear,2024-06-10 17:18:39,25604,797,24807,0,0.609472,970.2523000000001,0,0.609472,/media/toor/SeagatePortableDrive/AGING_MICE/Mouse1636/Round1.5/timestamps2024-06-10T17_18_39.csv
Mouse1637,TMaze,2024-06-10 17:53:09,42000,9665,32335,2,21.098394,1026.493657,5,21.098394,/media/toor/SeagatePortableDrive/AGING_MICE/Mouse1637/Round1.5/timestamps2024-06-10T17_53_09.csv
Mouse1637,Linear,2024-06-10 18:27:47,32531,8379,24152,0,0.156314,968.931891,0,0.298342,/media/toor/SeagateClean/Mouse1637/Round1.5/Linear/2024-06-10T18_27_47/timestamps2024-06-10T18_27_47.csv
Mouse1639,Linear,2024-06-11 12:38:18,38388,8611,29777,0,0.110476,970.24855,0,0.123046,/media/toor/SeagatePortableDrive/AGING_MICE/Mouse1639/Round1.5/timestamps2024-06-11T12_38_18.csv
Mouse163,TMaze,2024-06-11 13:08:57,42771,8938,33833,0,0.563878,963.471321,0,0.563878,/media/toor/SeagatePortableDrive/AGING_MICE/Mouse163/Round1.5/timestamps2024-06-11T13_08_57.csv
Mouse163,Linear,2024-06-11 13:39:40,27831,5000,22831,0,0.464538,916.238259,0,0.464538,/media/toor/SeagatePortableDrive/AGING_MICE/Mouse163/Round1.5/timestamps2024-06-11T13_39_40.csv
Mouse1637,TMaze,2024-06-11 14:04:49,42294,9447,32847,0,0.650778,965.017459,0,0.650778,/media/toor/SeagatePortableDrive/AGING_MICE/Mouse1637/Round1.5/timestamps2024-06-11T14_04_49.csv
Mouse1637,Linear,2024-06-11 14:35:02,25615,465,25150,0,0.088948,961.9212419999999,0,0.116198,/media/toor/SeagateClean/Mouse1637/Round1.5/Linear/2024-06-11T14_35_02/timestamps2024-06-11T14_35_02.csv
Mouse1636,TMaze,2024-06-11 14:57:14,42847,9239,33608,0,0.639949,963.165414,0,0.639949,/media/toor/SeagatePortableDrive/AGING_MICE/Mouse1636/Round1.5/timestamps2024-06-11T14_57_14.csv
Mouse1636,Linear,2024-06-11 15:28:05,26458,612,25846,0,0.082061,961.691597,0,0.105933,/media/toor/SeagatePortableDrive/AGING_MICE/Mouse1636/Round1.5/timestamps2024-06-11T15_28_05.csv
Mouse1637,TMaze,2024-06-12 13:05:34,44923,9568,35355,0,0.086579,962.4887550000001,0,0.086925,/media/toor/SeagatePortableDrive/AGING_MICE/Mouse1637/Round1.5/timestamps2024-06-12T13_05_34.csv
Mouse1637,Linear,2024-06-12 13:37:36,26431,613,25818,0,0.664359,963.1439869999999,0,0.664359,/media/toor/SeagateClean/Mouse1637/Round1.5/Linear/2024-06-12T13_37_36/timestamps2024-06-12T13_37_36.csv
Mouse1636,TMaze,2024-06-12 13:59:49,41907,9138,32769,0,0.478516,963.7213179999999,0,0.478516,/media/toor/SeagatePortableDrive/AGING_MICE/Mouse1636/Round1.5/timestamps2024-06-12T13_59_49.csv
Mouse1636,Linear,2024-06-12 14:29:19,24731,413,24318,0,0.66121,963.981273,0,0.66121,/media/toor/SeagatePortableDrive/AGING_MICE/Mouse1636/Round1.5/timestamps2024-06-12T14_29_19.csv
Mouse163,TMaze,2024-06-12 15:47:58,42837,9646,33191,0,0.416282,963.2855810000001,0,0.416282,/media/toor/SeagatePortableDrive/AGING_MICE/Mouse163/Round1.5/timestamps2024-06-12T15_47_58.csv
Mouse163,Linear,2024-06-12 16:17:53,26102,5000,21102,0,0.558208,846.51566,0,0.558208,/media/toor/SeagatePortableDrive/AGING_MICE/Mouse163/Round1.5/timestamps2024-06-12T16_17_53.csv
Mouse1639,TMaze,2024-06-13 13:22:52,42218,9404,32814,0,0.619661,971.3166590000001,0,0.619661,/media/toor/SeagatePortableDrive/AGING_MICE/Mouse1639/Round1.5/timestamps2024-06-13T13_22_52.csv
Mouse1639,Linear,2024-06-13 13:52:41,31845,5000,26845,0,0.652634,968.6533380000001,0,0.652634,/media/toor/SeagatePortableDrive/AGING_MICE/Mouse1639/Round1.5/timestamps2024-06-13T13_52_41.csv
Mouse1636,TMaze,2024-06-13 14:17:20,43816,8734,35082,0,0.166772,968.845824,0,0.166772,/media/toor/SeagatePortableDrive/AGING_MICE/Mouse1636/Round1.5/timestamps2024-06-13T14_17_20.csv
Mouse1636,Linear,2024-06-13 14:47:56,32413,449,31964,0,0.154252,969.224204,0,0.154252,/media/toor/SeagatePortableDrive/AGING_MICE/Mouse1636/Round1.5/timestamps2024-06-13T14_47_56.csv
Mouse1637,TMaze,2024-06-13 15:32:54,42081,10172,31909,0,0.648704,969.750387,0,0.648704,/media/toor/SeagatePortableDrive/AGING_MICE/Mouse1637/Round1.5/timestamps2024-06-13T15_32_54.csv
Mouse1637,Linear,2024-06-13 16:01:19,34570,409,34161,0,0.647321,968.29367,0,0.647321,/media/toor/SeagateClean/Mouse1637/Round1.5/Linear/2024-06-13T16_01_19/timestamps2024-06-13T16_01_19.csv
Mouse163,TMaze,2024-06-13 16:38:13,42019,9366,32653,0,0.682791,970.0513020000001,0,0.682791,/media/toor/SeagatePortableDrive/AGING_MICE/Mouse163/Round1.5/timestamps2024-06-13T16_38_13.csv
Mouse163,Linear,2024-06-13 17:07:55,33929,5000,28929,0,0.237248,968.4439809999999,0,0.237248,/media/toor/SeagatePortableDrive/AGING_MICE/Mouse163/Round1.5/timestamps2024-06-13T17_07_55.csv
Mouse1636,TMaze,2024-06-14 13:18:46,40703,8847,31856,0,0.203763,970.344384,0,0.593306,/media/toor/SeagatePortableDrive/AGING_MICE/Mouse1636/Round1.5/timestamps2024-06-14T13_18_46.csv
Mouse1636,Linear,2024-06-14 13:47:55,33824,672,33152,0,0.654208,973.3179650000002,0,0.654208,/media/toor/SeagatePortableDrive/AGING_MICE/Mouse1636/Round1.5/timestamps2024-06-14T13_47_55.csv
Mouse163,TMaze,2024-06-14 16:20:17,42010,9073,32937,0,0.175642,969.7508089999999,0,0.175642,/media/toor/SeagatePortableDrive/AGING_MICE/Mouse163/Round1.5/timestamps2024-06-14T16_20_17.csv
Mouse163,Linear,2024-06-14 16:50:32,35896,5000,30896,0,0.543142,970.105908,0,0.543142,/media/toor/SeagatePortableDrive/AGING_MICE/Mouse163/Round1.5/timestamps2024-06-14T16_50_32.csv
Mouse1637,TMaze,2024-06-14 17:19:31,41993,8556,33437,0,0.53358,970.5286910000001,0,0.53358,/media/toor/SeagatePortableDrive/AGING_MICE/Mouse1637/Round1.5/timestamps2024-06-14T17_19_31.csv
Mouse1637,Linear,2024-06-14 17:49:23,33406,707,32699,0,0.166899,969.5126520000001,0,0.166899,/media/toor/SeagateClean/Mouse1637/Round1.5/Linear/2024-06-14T17_49_23/timestamps2024-06-14T17_49_23.csv
Mouse1639,TMaze,2024-06-14 18:15:58,41450,9186,32264,0,0.440563,969.185856,0,0.440563,/media/toor/SeagatePortableDrive/AGING_MICE/Mouse1639/Round1.5/timestamps2024-06-14T18_15_58.csv
Mouse1639,Linear,2024-06-14 18:45:28,33824,5000,28824,0,0.566016,968.957389,0,0.566016,/media/toor/SeagatePortableDrive/AGING_MICE/Mouse1639/Round1.5/timestamps2024-06-14T18_45_28.csv
Mouse1637,TMaze,2024-06-15 14:59:45,41431,10165,31266,0,0.102681,962.4358659999999,0,0.102681,/media/toor/SeagatePortableDrive/AGING_MICE/Mouse1637/Round1.5/timestamps2024-06-15T14_59_45.csv
Mouse1637,Linear,2024-06-15 15:29:12,34105,358,33747,0,0.099981,962.54039,0,0.099981,/media/toor/SeagateClean/Mouse1637/Round1.5/Linear/2024-06-15T15_29_12/timestamps2024-06-15T15_29_12.csv
Mouse1639,TMaze,2024-06-15 15:57:38,42885,8467,34418,0,0.091789,962.7710979999999,0,0.104166,/media/toor/SeagatePortableDrive/AGING_MICE/Mouse1639/Round1.5/timestamps2024-06-15T15_57_38.csv
Mouse1639,Linear,2024-06-15 16:27:44,32309,5000,27309,0,0.581721,964.2485379999999,0,0.581721,/media/toor/SeagatePortableDrive/AGING_MICE/Mouse1639/Round1.5/timestamps2024-06-15T16_27_44.csv
Mouse163,TMaze,2024-06-15 16:53:38,41794,8847,32947,0,0.651149,963.918746,0,0.651149,/media/toor/SeagatePortableDrive/AGING_MICE/Mouse163/Round1.5/timestamps2024-06-15T16_53_38.csv
Mouse163,Linear,2024-06-15 17:23:28,33344,5000,28344,0,0.1093,962.721344,0,0.1093,/media/toor/SeagatePortableDrive/AGING_MICE/Mouse163/Round1.5/timestamps2024-06-15T17_23_28.csv
Mouse1636,TMaze,2024-06-15 17:49:08,43697,9635,34062,0,0.656999,963.482279,0,0.656999,/media/toor/SeagatePortableDrive/AGING_MICE/Mouse1636/Round1.5/timestamps2024-06-15T17_49_08.csv
Mouse1636,Linear,2024-06-15 18:20:06,32699,408,32291,0,0.504473,963.9653880000001,0,0.504473,/media/toor/SeagatePortableDrive/AGING_MICE/Mouse1636/Round1.5/timestamps2024-06-15T18_20_06.csv
Mouse163,TMaze,2024-06-16 08:53:08,39837,8286,31551,0,0.102336,962.704154,0,0.102336,/media/toor/SeagatePortableDrive/AGING_MICE/Mouse163/Round1.5/timestamps2024-06-16T08_53_08.csv
Mouse163,Linear,2024-06-16 09:21:16,33549,5027,28522,0,0.086285,962.880461,0,0.086285,/media/toor/SeagatePortableDrive/AGING_MICE/Mouse163/Round1.5/timestamps2024-06-16T09_21_16.csv
Mouse1637,TMaze,2024-06-16 09:47:26,40897,8749,32148,0,0.121165,962.037274,0,0.121165,/media/toor/SeagatePortableDrive/AGING_MICE/Mouse1637/Round1.5/timestamps2024-06-16T09_47_26.csv
Mouse1637,Linear,2024-06-16 10:16:06,32914,300,32614,0,0.128653,963.946688,0,0.128653,/media/toor/SeagateClean/Mouse1637/Round1.5/Linear/2024-06-16T10_16_06/timestamps2024-06-16T10_16_06.csv
Mouse1639,TMaze,2024-06-16 10:41:55,42768,8808,33960,0,0.695257,963.217997,0,0.695257,/media/toor/SeagatePortableDrive/AGING_MICE/Mouse1639/Round1.5/timestamps2024-06-16T10_41_55.csv
Mouse1639,Linear,2024-06-16 11:12:23,32911,5000,27911,0,0.445146,962.6048259999999,0,0.445146,/media/toor/SeagatePortableDrive/AGING_MICE/Mouse1639/Round1.5/timestamps2024-06-16T11_12_23.csv
Mouse1636,Linear,2024-06-16 12:06:38,33047,265,32782,0,0.700275,963.242176,0,0.700275,/media/toor/SeagatePortableDrive/AGING_MICE/Mouse1636/Round1.5/timestamps2024-06-16T12_06_38.csv
Mouse1636,Linear,2024-06-17 11:34:09,32354,443,31911,0,0.125415,962.2939140000001,0,0.125415,/media/toor/SeagatePortableDrive/AGING_MICE/Mouse1636/Round1.5/timestamps2024-06-17T11_34_09.csv
Mouse1639,TMaze,2024-06-17 12:00:15,40432,8455,31977,0,0.569638,962.7816569999999,0,0.569638,/media/toor/SeagatePortableDrive/AGING_MICE/Mouse1639/Round1.5/timestamps2024-06-17T12_00_15.csv
Mouse1639,Linear,2024-06-17 12:28:56,32603,5000,27603,0,0.535756,963.7809920000001,0,0.535756,/media/toor/SeagatePortableDrive/AGING_MICE/Mouse1639/Round1.5/timestamps2024-06-17T12_28_56.csv
Mouse163,TMaze,2024-06-17 16:23:35,41220,8744,32476,0,0.552064,963.340019,0,0.552064,/media/toor/SeagatePortableDrive/AGING_MICE/Mouse163/Round1.5/timestamps2024-06-17T16_23_35.csv
Mouse163,Linear,2024-06-17 16:53:10,33526,5051,28475,0,0.098342,963.0767609999999,0,0.118554,/media/toor/SeagatePortableDrive/AGING_MICE/Mouse163/Round1.5/timestamps2024-06-17T16_53_10.csv
Mouse1637,TMaze,2024-06-17 17:20:01,40131,8427,31704,0,0.540506,963.832537,0,0.540506,/media/toor/SeagatePortableDrive/AGING_MICE/Mouse1637/Round1.5/timestamps2024-06-17T17_20_01.csv
Mouse1637,Linear,2024-06-17 17:49:02,32486,260,32226,0,0.143821,963.526311,0,0.143821,/media/toor/SeagateClean/Mouse1637/Round1.5/Linear/2024-06-17T17_49_02/timestamps2024-06-17T17_49_02.csv
Mouse1636,TMaze,2024-06-18 12:23:57,44703,9069,35634,0,0.162214,963.241036,0,0.162214,/media/toor/SeagatePortableDrive/AGING_MICE/Mouse1636/Round1.5/timestamps2024-06-18T12_23_57.csv
Mouse1636,Linear,2024-06-18 12:55:31,32684,159,32525,0,0.100723,963.788339,0,0.100723,/media/toor/SeagatePortableDrive/AGING_MICE/Mouse1636/Round1.5/timestamps2024-06-18T12_55_31.csv
Mouse163,TMaze,2024-06-18 13:21:30,42108,8994,33114,0,0.439782,964.0401149999999,0,0.439782,/media/toor/SeagatePortableDrive/AGING_MICE/Mouse163/Round1.5/timestamps2024-06-18T13_21_30.csv
Mouse163,Linear,2024-06-18 13:51:09,32832,5000,27832,0,0.097165,962.2806650000001,0,0.12407,/media/toor/SeagatePortableDrive/AGING_MICE/Mouse163/Round1.5/timestamps2024-06-18T13_51_09.csv
Mouse1639,TMaze,2024-06-18 14:18:25,11603,9918,1685,0,0.084839,67.7584,0,0.086349,/media/toor/SeagatePortableDrive/AGING_MICE/Mouse1639/Round1.5/timestamps2024-06-18T14_18_25.csv
Mouse1639,TMaze,2024-06-18 14:39:25,32308,654,31654,0,0.123648,962.516044,0,0.123648,/media/toor/SeagatePortableDrive/AGING_MICE/Mouse1639/Round1.5/timestamps2024-06-18T14_39_25.csv
Mouse1639,Linear,2024-06-18 15:06:31,32588,5000,27588,0,0.1264,963.480192,0,0.1264,/media/toor/SeagatePortableDrive/AGING_MICE/Mouse1639/Round1.5/timestamps2024-06-18T15_06_31.csv
Mouse1637,TMaze,2024-06-18 15:31:59,41333,9854,31479,0,0.527847,962.9415560000001,0,0.527847,/media/toor/SeagatePortableDrive/AGING_MICE/Mouse1637/Round1.5/timestamps2024-06-18T15_31_59.csv
Mouse1637,Linear,2024-06-18 16:00:58,31925,530,31395,0,0.24174,964.7296,0,0.24174,/media/toor/SeagateClean/Mouse1637/Round1.5/Linear/2024-06-18T16_00_58/timestamps2024-06-18T16_00_58.csv
Mouse163,TMaze,2024-06-19 09:20:02,42910,8576,34334,0,0.532659,962.768307,0,0.532659,/media/toor/SeagatePortableDrive/AGING_MICE/Mouse163/Round1.5/timestamps2024-06-19T09_20_02.csv
Mouse163,Linear,2024-06-19 09:50:05,33383,5000,28383,0,0.111014,963.3508479999998,0,0.111014,/media/toor/SeagatePortableDrive/AGING_MICE/Mouse163/Round1.5/timestamps2024-06-19T09_50_05.csv
Mouse1637,TMaze,2024-06-19 10:16:49,40091,8750,31341,0,0.546509,963.5566329999999,0,0.546509,/media/toor/SeagatePortableDrive/AGING_MICE/Mouse1637/Round1.5/timestamps2024-06-19T10_16_49.csv
Mouse1637,Linear,2024-06-19 10:45:15,32940,751,32189,0,0.122048,962.7866240000001,0,0.122048,/media/toor/SeagateClean/Mouse1637/Round1.5/Linear/2024-06-19T10_45_15/timestamps2024-06-19T10_45_15.csv
Mouse1639,TMaze,2024-06-19 11:37:25,3520,3000,520,0,0.077427,20.814809999999998,0,0.079885,/media/toor/SeagatePortableDrive/AGING_MICE/Mouse1639/Round1.5/timestamps2024-06-19T11_37_25.csv
Mouse1639,TMaze,2024-06-19 11:41:30,43786,8921,34865,0,0.657485,962.841203,0,0.657485,/media/toor/SeagatePortableDrive/AGING_MICE/Mouse1639/Round1.5/timestamps2024-06-19T11_41_30.csv
Mouse1639,Linear,2024-06-19 12:12:26,33521,5000,28521,0,0.090458,962.9188220000001,0,0.106854,/media/toor/SeagatePortableDrive/AGING_MICE/Mouse1639/Round1.5/timestamps2024-06-19T12_12_26.csv
Mouse1636,TMaze,2024-06-19 12:38:45,43535,10106,33429,0,0.144423,963.3168129999999,0,0.144423,/media/toor/SeagatePortableDrive/AGING_MICE/Mouse1636/Round1.5/timestamps2024-06-19T12_38_45.csv
Mouse1636,Linear,2024-06-19 13:09:38,33758,836,32922,0,0.439782,962.680998,0,0.439782,/media/toor/SeagatePortableDrive/AGING_MICE/Mouse1636/Round1.5/timestamps2024-06-19T13_09_38.csv
Mouse1637,TMaze,2024-06-20 13:33:38,41742,9448,32294,0,0.57065,963.7133309999999,0,0.57065,/media/toor/SeagatePortableDrive/AGING_MICE/Mouse1637/Round1.5/timestamps2024-06-20T13_33_38.csv
Mouse1637,Linear,2024-06-20 14:04:10,32722,849,31873,0,0.116762,962.120268,0,0.116762,/media/toor/SeagateClean/Mouse1637/Round1.5/Linear/2024-06-20T14_04_10/timestamps2024-06-20T14_04_10.csv
Mouse163,TMaze,2024-06-20 14:29:27,46892,8428,38464,0,0.620454,964.271872,0,0.620454,/media/toor/SeagatePortableDrive/AGING_MICE/Mouse163/Round1.5/timestamps2024-06-20T14_29_27.csv
Mouse163,Linear,2024-06-20 15:05:28,33368,5440,27928,0,0.548736,963.75305,0,0.548736,/media/toor/SeagatePortableDrive/AGING_MICE/Mouse163/Round1.5/timestamps2024-06-20T15_05_28.csv
Mouse1636,Linear,2024-06-20 15:41:54,18490,11481,7009,0,0.10537,281.00092200000006,0,0.10537,/media/toor/SeagatePortableDrive/AGING_MICE/Mouse1636/Round1.5/timestamps2024-06-20T15_41_54.csv
Mouse1639,Linear,2024-06-20 15:59:49,35629,11890,23739,0,0.157094,952.435494,0,0.157094,/media/toor/SeagatePortableDrive/AGING_MICE/Mouse1639/Round1.5/timestamps2024-06-20T15_59_49.csv
Mouse1639,TMaze,2024-06-20 16:25:17,25660,719,24941,0,0.70729,963.422042,0,0.70729,/media/toor/SeagatePortableDrive/AGING_MICE/Mouse1639/Round1.5/timestamps2024-06-20T16_25_17.csv
Mouse163,Linear,2024-06-21 12:22:32,41431,9108,32323,0,0.09714,962.6303869999999,0,0.09714,/media/toor/SeagatePortableDrive/AGING_MICE/Mouse163/Round1.5/timestamps2024-06-21T12_22_32.csv
Mouse163,TMaze,2024-06-21 12:51:59,33959,5000,28959,0,0.494464,963.777971,0,0.494464,/media/toor/SeagatePortableDrive/AGING_MICE/Mouse163/Round1.5/timestamps2024-06-21T12_51_59.csv
Mouse1637,Linear,2024-06-21 13:22:46,33386,8316,25070,0,0.11113,963.22921,0,0.11113,/media/toor/SeagateClean/Mouse1637/Round1.5/Linear/2024-06-21T13_22_46/timestamps2024-06-21T13_22_46.csv
Mouse1637,TMaze,2024-06-21 13:47:43,35722,5000,30722,0,0.145677,962.921152,0,0.145677,/media/toor/SeagatePortableDrive/AGING_MICE/Mouse1637/Round1.5/timestamps2024-06-21T13_47_43.csv
Mouse1636,Linear,2024-06-21 14:16:59,18209,10179,8030,0,0.101568,321.82872399999997,0,0.101568,/media/toor/SeagatePortableDrive/AGING_MICE/Mouse1636/Round1.5/timestamps2024-06-21T14_16_59.csv
Mouse1639,TMaze,2024-06-21 14:34:25,34041,7966,26075,0,0.647117,964.020173,0,0.647117,/media/toor/SeagatePortableDrive/AGING_MICE/Mouse1639/Round1.5/timestamps2024-06-21T14_34_25.csv
Mouse1639,Linear,2024-06-21 14:58:49,25335,5000,20335,0,0.138368,817.022285,0,0.138368,/media/toor/SeagatePortableDrive/AGING_MICE/Mouse1639/Round1.5/timestamps2024-06-21T14_58_49.csv
Mouse1639,Linear,2024-06-22 15:01:27,28150,9015,19135,0,0.094425,767.903641,0,0.094425,/media/toor/SeagatePortableDrive/AGING_MICE/Mouse1639/Round1.5/timestamps2024-06-22T15_01_27.csv
Mouse1639,TMaze,2024-06-22 15:22:15,32408,627,31781,0,0.647808,962.712922,0,0.647808,/media/toor/SeagatePortableDrive/AGING_MICE/Mouse1639/Round1.5/timestamps2024-06-22T15_22_15.csv
Mouse163,TMaze,2024-06-22 15:49:19,40400,9010,31390,0,0.556313,963.63264,0,0.556313,/media/toor/SeagatePortableDrive/AGING_MICE/Mouse163/Round1.5/timestamps2024-06-22T15_49_19.csv
Mouse163,Linear,2024-06-22 16:18:13,33097,5061,28036,0,0.106163,962.786368,0,0.106163,/media/toor/SeagatePortableDrive/AGING_MICE/Mouse163/Round1.5/timestamps2024-06-22T16_18_13.csv
Mouse1637,TMaze,2024-06-22 16:45:33,41048,8481,32567,0,0.540045,963.1208579999999,0,0.540045,/media/toor/SeagatePortableDrive/AGING_MICE/Mouse1637/Round1.5/timestamps2024-06-22T16_45_33.csv
Mouse1637,Linear,2024-06-22 17:15:00,33382,496,32886,0,0.575629,963.167962,0,0.575629,/media/toor/SeagateClean/Mouse1637/Round1.5/Linear/2024-06-22T17_15_00/timestamps2024-06-22T17_15_00.csv
Mouse1637,TMaze,2024-06-23 09:09:11,44377,8819,35558,0,0.144461,963.050471,0,0.144461,/media/toor/SeagatePortableDrive/AGING_MICE/Mouse1637/Round1.5/timestamps2024-06-23T09_09_11.csv
Mouse1637,Linear,2024-06-23 09:40:38,34555,669,33886,0,0.111181,962.497996,0,0.111181,/media/toor/SeagateClean/Mouse1637/Round1.5/Linear/2024-06-23T09_40_38/timestamps2024-06-23T09_40_38.csv
Mouse1639,Linear,2024-06-23 10:06:28,43202,9154,34048,0,0.412083,964.1550080000001,0,0.412083,/media/toor/SeagatePortableDrive/AGING_MICE/Mouse1639/Round1.5/timestamps2024-06-23T10_06_28.csv
Mouse1639,TMaze,2024-06-23 10:36:54,36480,2594,33886,0,0.680051,963.492532,0,0.680051,/media/toor/SeagatePortableDrive/AGING_MICE/Mouse1639/Round1.5/timestamps2024-06-23T10_36_54.csv
Mouse163,TMaze,2024-06-23 11:04:34,41524,9211,32313,0,0.673267,963.5643520000001,0,0.673267,/media/toor/SeagatePortableDrive/AGING_MICE/Mouse163/Round1.5/timestamps2024-06-23T11_04_34.csv
Mouse163,Linear,2024-06-23 11:33:59,32632,5092,27540,0,0.115776,963.018138,0,0.115776,/media/toor/SeagatePortableDrive/AGING_MICE/Mouse163/Round1.5/timestamps2024-06-23T11_33_59.csv
Mouse163,Linear,2024-06-24 13:22:44,33697,5000,28697,0,0.126861,963.749018,0,0.126861,/media/toor/SeagatePortableDrive/AGING_MICE/Mouse163/Round1.5/timestamps2024-06-24T13_22_44.csv
Mouse163,TMaze,2024-06-24 13:47:01,37986,3000,34986,0,0.551257,963.6209160000001,0,0.551257,/media/toor/SeagatePortableDrive/AGING_MICE/Mouse163/Round1.5/timestamps2024-06-24T13_47_01.csv
Mouse1639,TMaze,2024-06-24 14:15:20,41419,9765,31654,0,0.680141,964.480806,0,0.680141,/media/toor/SeagatePortableDrive/AGING_MICE/Mouse1639/Round1.5/timestamps2024-06-24T14_15_20.csv
Mouse1639,Linear,2024-06-24 14:44:30,32787,5000,27787,0,0.630809,965.875059,0,0.630809,/media/toor/SeagatePortableDrive/AGING_MICE/Mouse1639/Round1.5/timestamps2024-06-24T14_44_30.csv
Mouse1637,Linear,2024-06-24 15:10:37,33060,8927,24133,0,0.119104,963.2118660000001,0,0.119104,/media/toor/SeagateClean/Mouse1637/Round1.5/Linear/2024-06-24T15_10_37/timestamps2024-06-24T15_10_37.csv
Mouse1637,TMaze,2024-06-24 15:34:25,37204,5000,32204,0,0.660493,964.3478660000001,0,0.660493,/media/toor/SeagatePortableDrive/AGING_MICE/Mouse1637/Round1.5/timestamps2024-06-24T15_34_25.csv
Mouse1636,Linear,2024-06-25 15:06:13,26925,742,26183,0,0.10592,962.842739,0,0.10592,/media/toor/SeagatePortableDrive/AGING_MICE/Mouse1636/Round1.5/timestamps2024-06-25T15_06_13.csv
Mouse1636,TMaze,2024-06-25 15:25:55,43520,8245,35275,0,0.530009,963.552064,0,0.530009,/media/toor/SeagatePortableDrive/AGING_MICE/Mouse1636/Round1.5/timestamps2024-06-25T15_25_55.csv
Mouse163,TMaze,2024-06-25 15:59:36,41416,8584,32832,0,0.594496,963.3705219999999,0,0.594496,/media/toor/SeagatePortableDrive/AGING_MICE/Mouse163/Round1.5/timestamps2024-06-25T15_59_36.csv
Mouse163,Linear,2024-06-25 16:28:40,35739,5145,30594,0,0.098304,962.6669309999999,0,0.098304,/media/toor/SeagatePortableDrive/AGING_MICE/Mouse163/Round1.5/timestamps2024-06-25T16_28_40.csv
Mouse1639,Linear,2024-06-25 16:54:55,26265,8671,17594,0,0.111258,706.001485,0,0.111258,/media/toor/SeagatePortableDrive/AGING_MICE/Mouse1639/Round1.5/timestamps2024-06-25T16_54_55.csv
Mouse1639,TMaze,2024-06-25 17:14:17,31427,409,31018,0,0.583245,962.910989,0,0.583245,/media/toor/SeagatePortableDrive/AGING_MICE/Mouse1639/Round1.5/timestamps2024-06-25T17_14_17.csv
Mouse1637,TMaze,2024-06-25 17:37:17,39617,8261,31356,0,0.65902,964.886758,0,0.65902,/media/toor/SeagatePortableDrive/AGING_MICE/Mouse1637/Round1.5/timestamps2024-06-25T17_37_17.csv
Mouse1637,Linear,2024-06-25 18:04:58,29577,424,29153,0,0.113216,962.9681280000001,0,0.11648,/media/toor/SeagateClean/Mouse1637/Round1.5/Linear/2024-06-25T18_04_58/timestamps2024-06-25T18_04_58.csv
Mouse1636,Linear,2024-06-26 13:16:53,33171,8537,24634,0,0.089753,963.245363,0,0.092825,/media/toor/SeagatePortableDrive/AGING_MICE/Mouse1636/Round1.5/timestamps2024-06-26T13_16_53.csv
Mouse1636,TMaze,2024-06-26 13:40:48,37257,7000,30257,0,0.104628,962.6510209999999,0,0.128806,/media/toor/SeagatePortableDrive/AGING_MICE/Mouse1636/Round1.5/timestamps2024-06-26T13_40_48.csv
Mouse1637,TMaze,2024-06-26 14:09:02,43078,8293,34785,0,0.488205,962.962624,0,0.488205,/media/toor/SeagatePortableDrive/AGING_MICE/Mouse1637/Round1.5/timestamps2024-06-26T14_09_02.csv
Mouse1637,Linear,2024-06-26 14:39:53,32129,1058,31071,0,0.103936,963.7209090000001,0,0.103936,/media/toor/SeagateClean/Mouse1637/Round1.5/Linear/2024-06-26T14_39_53/timestamps2024-06-26T14_39_53.csv
Mouse1639,Linear,2024-06-26 15:06:41,25883,9167,16716,0,0.084045,671.354329,0,0.084045,/media/toor/SeagatePortableDrive/AGING_MICE/Mouse1639/Round1.5/timestamps2024-06-26T15_06_41.csv
Mouse1639,TMaze,2024-06-26 15:26:18,31998,770,31228,0,0.271603,964.219865,0,0.271603,/media/toor/SeagatePortableDrive/AGING_MICE/Mouse1639/Round1.5/timestamps2024-06-26T15_26_18.csv
Mouse163,TMaze,2024-06-26 15:51:27,41640,9234,32406,0,0.685926,963.7808510000001,0,0.685926,/media/toor/SeagatePortableDrive/AGING_MICE/Mouse163/Round1.5/timestamps2024-06-26T15_51_27.csv
Mouse163,Linear,2024-06-26 16:20:39,32437,5270,27167,0,0.113689,962.9167229999999,0,0.113689,/media/toor/SeagatePortableDrive/AGING_MICE/Mouse163/Round1.5/timestamps2024-06-26T16_20_39.csv
Mouse1639,Linear,2024-06-27 13:47:46,29591,8761,20830,0,0.100403,835.7702909999999,0,0.101683,/media/toor/Seagate2/Mouse1639/Round1.5/Linear_untrimmed/2024-06-27T13_47_46/timestamps2024-06-27T13_47_46.csv
Mouse1636,Linear,2024-06-27 13:47:46,29591,8761,20830,0,0.100403,835.7702909999999,0,0.101683,/media/toor/SeagatePortableDrive/AGING_MICE/Mouse1636/Round1.5/timestamps2024-06-27T13_47_46.csv
Mouse1639,TMaze,2024-06-27 14:09:07,32820,3000,29820,0,0.42642,962.917901,0,0.42642,/media/toor/Seagate2/Mouse1639/Round1.5/TMaze_untrimmed/2024-06-27T14_09_07/timestamps2024-06-27T14_09_07.csv
Mouse163,TMaze,2024-06-27 14:33:45,43019,8950,34069,0,0.541952,963.682151,0,0.541952,/media/toor/SeagatePortableDrive/AGING_MICE/Mouse163/Round1.5/timestamps2024-06-27T14_33_45.csv
Mouse163,Linear,2024-06-27 15:04:01,32045,5000,27045,0,0.584448,963.4672770000001,0,0.584448,/media/toor/SeagatePortableDrive/AGING_MICE/Mouse163/Round1.5/timestamps2024-06-27T15_04_01.csv
Mouse1639,Linear,2024-06-27 15:28:46,27457,8959,18498,0,0.12617,742.782426,0,0.12617,/media/toor/SeagatePortableDrive/AGING_MICE/Mouse1639/Round1.5/timestamps2024-06-27T15_28_46.csv
Mouse1639,TMaze,2024-06-27 15:49:12,32878,517,32361,0,0.653594,962.880564,0,0.653594,/media/toor/SeagatePortableDrive/AGING_MICE/Mouse1639/Round1.5/timestamps2024-06-27T15_49_12.csv
Mouse1637,TMaze,2024-06-27 16:15:00,40680,9138,31542,0,0.486758,962.711501,0,0.486758,/media/toor/SeagatePortableDrive/AGING_MICE/Mouse1637/Round1.5/timestamps2024-06-27T16_15_00.csv
Mouse1637,Linear,2024-06-27 16:43:57,32822,534,32288,0,0.549095,963.569126,0,0.549095,/media/toor/SeagateClean/Mouse1637/Round1.5/Linear/2024-06-27T16_43_57/timestamps2024-06-27T16_43_57.csv
Mouse1637,Linear,2024-06-28 14:00:26,38117,9339,28778,0,0.094196,963.720716,0,0.094196,/media/toor/SeagateClean/Mouse1637/Round1.5/Linear/2024-06-28T14_00_26/timestamps2024-06-28T14_00_26.csv
Mouse1637,TMaze,2024-06-28 14:39:53,36626,5000,31626,0,0.659853,964.669159,0,0.659853,/media/toor/SeagatePortableDrive/AGING_MICE/Mouse1637/Round1.5/timestamps2024-06-28T14_39_53.csv
Mouse1639,TMaze,2024-06-28 15:07:15,33104,9894,23210,0,0.178496,931.5687680000001,0,0.178496,/media/toor/SeagatePortableDrive/AGING_MICE/Mouse1639/Round1.5/timestamps2024-06-28T15_07_15.csv
Mouse1639,Linear,2024-06-28 15:31:33,22538,5000,17538,0,0.099955,704.233626,0,0.099955,/media/toor/SeagatePortableDrive/AGING_MICE/Mouse1639/Round1.5/timestamps2024-06-28T15_31_33.csv
Mouse163,Linear,2024-06-28 15:49:56,35427,9641,25786,0,0.111091,963.480742,0,0.127296,/media/toor/SeagatePortableDrive/AGING_MICE/Mouse163/Round1.5/timestamps2024-06-28T15_49_56.csv
Mouse163,TMaze,2024-06-28 16:15:16,32574,3000,29574,0,0.631488,963.0960249999999,0,0.631488,/media/toor/SeagatePortableDrive/AGING_MICE/Mouse163/Round1.5/timestamps2024-06-28T16_15_16.csv
Mouse1636,TMaze,2024-06-28 17:37:44,42875,8696,34179,0,0.549146,964.886964,0,0.549146,/media/toor/SeagatePortableDrive/AGING_MICE/Mouse1636/Round1.5/timestamps2024-06-28T17_37_44.csv
Mouse1637,Linear,2024-06-29 17:09:22,31859,9506,22353,0,0.113549,896.716275,0,0.150464,/media/toor/SeagateClean/Mouse1637/Round1.5/Linear/2024-06-29T17_09_22/timestamps2024-06-29T17_09_22.csv
Mouse1637,TMaze,2024-06-29 17:32:11,32284,5000,27284,0,0.611802,963.7577849999999,0,0.611802,/media/toor/SeagatePortableDrive/AGING_MICE/Mouse1637/Round1.5/timestamps2024-06-29T17_32_11.csv
Mouse163,Linear,2024-06-29 17:56:53,29214,9480,19734,0,0.103795,792.041383,0,0.103795,/media/toor/SeagatePortableDrive/AGING_MICE/Mouse163/Round1.5/timestamps2024-06-29T17_56_53.csv
Mouse1636,TMaze,2024-06-29 18:18:00,33221,7000,26221,0,0.618048,964.3184769999999,0,0.618048,/media/toor/SeagatePortableDrive/AgingMiceNWB/sub-Mouse1636/Round1.5/TMaze_untrimmed/ses-20240629T181800/timestamps2024-06-29T18_18_00.csv
Mouse163,Linear,2024-06-29 18:42:20,33899,8948,24951,0,0.111283,963.7375999999999,0,0.111283,/media/toor/SeagatePortableDrive/AGING_MICE/Mouse163/Round1.5/timestamps2024-06-29T18_42_20.csv
Mouse163,TMaze,2024-06-29 19:07:05,33382,3000,30382,0,0.098688,962.5833600000001,0,0.232282,/media/toor/SeagatePortableDrive/AGING_MICE/Mouse163/Round1.5/timestamps2024-06-29T19_07_05.csv
Mouse1639,Linear,2024-06-29 19:31:37,26588,8670,17918,0,0.12192,719.377216,0,0.12192,/media/toor/SeagatePortableDrive/AGING_MICE/Mouse1639/Round1.5/timestamps2024-06-29T19_31_37.csv
Mouse1639,TMaze,2024-06-29 19:50:39,19435,661,18774,0,0.083136,753.486464,0,0.083417,/media/toor/SeagatePortableDrive/AGING_MICE/Mouse1639/Round1.5/timestamps2024-06-29T19_50_39.csv
Mouse1637,Linear,2024-10-02 13:38:21,34212,1089,33123,0,0.167437,968.006848,0,0.167437,/media/toor/SeagateClean/Mouse1637/Round3/Linear/2024-10-02T13_38_21/timestamps2024-10-02T13_38_21.csv
Mouse1639,Linear,2024-10-02 14:09:12,43862,9292,34570,0,0.163021,966.629965,0,0.163021,/media/toor/SeagatePortableDrive/AGING_MICE/Mouse1639/ThirdRound/timestamps2024-10-02T14_09_12.csv
Mouse1639,TMaze,2024-10-02 14:41:31,34468,5000,29468,0,0.555277,967.5328769999999,0,0.555277,/media/toor/SeagatePortableDrive/AGING_MICE/Mouse1639/ThirdRound/timestamps2024-10-02T14_41_31.csv
Mouse1639,TMaze,2024-10-03 13:15:08,44995,10117,34878,0,0.535091,965.589965,0,0.535091,/media/toor/SeagatePortableDrive/AGING_MICE/Mouse1639/ThirdRound/timestamps2024-10-03T13_15_08.csv
Mouse1639,Linear,2024-10-03 13:46:50,38354,1224,37130,0,0.145382,967.3198849999999,0,0.145382,/media/toor/SeagatePortableDrive/AGING_MICE/Mouse1639/ThirdRound/timestamps2024-10-03T13_46_50.csv
Mouse1637,Linear,2024-10-03 14:16:18,43101,9465,33636,0,0.54281,968.2786679999999,0,0.638195,/media/toor/SeagateClean/Mouse1637/Round3/Linear/2024-10-03T14_16_18/timestamps2024-10-03T14_16_18.csv
Mouse1639,TMaze,2024-10-04 12:17:06,46691,9746,36945,0,0.552602,969.7468289999999,0,0.552602,/media/toor/SeagatePortableDrive/AGING_MICE/Mouse1639/ThirdRound/timestamps2024-10-04T12_17_06.csv
Mouse1639,Linear,2024-10-04 12:50:19,36926,1915,35011,0,0.205952,969.3987460000001,0,0.205952,/media/toor/SeagatePortableDrive/AGING_MICE/Mouse1639/ThirdRound/timestamps2024-10-04T12_50_19.csv
Mouse1637,Linear,2024-10-04 13:17:47,39749,8773,30976,0,0.160729,969.0764670000001,0,0.160729,/media/toor/SeagateClean/Mouse1637/Round3/Linear/2024-10-04T13_17_47/timestamps2024-10-04T13_17_47.csv
Mouse1637,Linear,2024-10-05 15:02:39,35187,697,34490,0,0.169984,969.279373,0,0.169984,/media/toor/SeagateClean/Mouse1637/Round3/Linear/2024-10-05T15_02_39/timestamps2024-10-05T15_02_39.csv
Mouse1639,TMaze,2024-10-05 15:31:25,49716,9325,40391,0,0.161293,968.459929,0,0.223347,/media/toor/SeagatePortableDrive/AGING_MICE/Mouse1639/ThirdRound/timestamps2024-10-05T15_31_25.csv
Mouse1639,Linear,2024-10-05 16:06:36,33312,758,32554,0,0.175488,969.2928770000001,0,0.175488,/media/toor/SeagatePortableDrive/AGING_MICE/Mouse1639/ThirdRound/timestamps2024-10-05T16_06_36.csv
Mouse1637,Linear,2024-10-06 12:48:27,34095,980,33115,0,0.161101,969.6170240000001,0,0.161101,/media/toor/SeagateClean/Mouse1637/Round3/Linear/2024-10-06T12_48_27/timestamps2024-10-06T12_48_27.csv
Mouse1639,TMaze,2024-10-06 13:17:01,12694,9792,2902,0,0.208614,117.354739,0,0.208614,/media/toor/SeagatePortableDrive/AGING_MICE/Mouse1639/ThirdRound/timestamps2024-10-06T13_17_01.csv
Mouse1639,Linear,2024-10-06 13:27:29,10610,2642,7968,0,0.161677,321.86135,0,0.161677,/media/toor/SeagatePortableDrive/AGING_MICE/Mouse1639/ThirdRound/timestamps2024-10-06T13_27_29.csv
Mouse1637,Linear,2024-10-07 14:02:49,33572,1012,32560,0,0.150477,969.1976440000001,0,0.150477,/media/toor/SeagateClean/Mouse1637/Round3/Linear/2024-10-07T14_02_49/timestamps2024-10-07T14_02_49.csv
Mouse1637,Linear,2024-10-08 13:45:20,32478,673,31805,0,0.141581,968.354061,0,0.141581,/media/toor/SeagateClean/Mouse1637/Round3/Linear/2024-10-08T13_45_20/timestamps2024-10-08T13_45_20.csv
Mouse1639,TMaze,2024-10-09 12:44:33,43592,10132,33460,0,0.085568,962.014336,0,0.100748,/media/toor/SeagatePortableDrive/AGING_MICE/Mouse1639/ThirdRound/timestamps2024-10-09T12_44_33.csv
Mouse1639,Linear,2024-10-09 13:15:21,36338,699,35639,0,0.101543,962.215078,0,0.101543,/media/toor/SeagatePortableDrive/AGING_MICE/Mouse1639/ThirdRound/timestamps2024-10-09T13_15_21.csv
Mouse1637,Linear,2024-10-09 14:12:40,32125,583,31542,0,0.105587,962.5752960000001,0,0.105587,/media/toor/SeagateClean/Mouse1637/Round3/Linear/2024-10-09T14_12_40/timestamps2024-10-09T14_12_40.csv
Mouse1637,Linear,2024-10-10 12:58:46,33272,698,32574,0,0.116083,961.867174,0,0.116083,/media/toor/SeagateClean/Mouse1637/Round3/Linear/2024-10-10T12_58_46/timestamps2024-10-10T12_58_46.csv
Mouse1639,TMaze,2024-10-10 13:24:35,43269,9122,34147,0,0.124032,962.831706,0,0.124647,/media/toor/SeagatePortableDrive/AGING_MICE/Mouse1639/ThirdRound/timestamps2024-10-10T13_24_35.csv
Mouse1639,Linear,2024-10-10 13:55:26,34774,524,34250,0,0.122048,962.035725,0,0.122048,/media/toor/SeagatePortableDrive/AGING_MICE/Mouse1639/ThirdRound/timestamps2024-10-10T13_55_26.csv
Mouse1639,TMaze,2024-10-11 13:49:03,45416,9993,35423,0,0.094707,963.751117,0,0.519897,/media/toor/SeagatePortableDrive/AGING_MICE/Mouse1639/ThirdRound/timestamps2024-10-11T13_49_03.csv
Mouse1639,Linear,2024-10-11 14:21:13,33434,417,33017,0,0.142067,964.435341,0,0.142067,/media/toor/SeagatePortableDrive/AGING_MICE/Mouse1639/ThirdRound/timestamps2024-10-11T14_21_13.csv
Mouse1637,Linear,2024-10-11 15:17:23,32764,525,32239,0,0.129741,962.157337,0,0.129741,/media/toor/SeagateClean/Mouse1637/Round3/Linear/2024-10-11T15_17_23/timestamps2024-10-11T15_17_23.csv
Mouse1637,Linear,2024-10-12 14:58:08,33468,473,32995,0,0.091751,962.884249,0,0.091751,/media/toor/SeagateClean/Mouse1637/Round3/Linear/2024-10-12T14_58_08/timestamps2024-10-12T14_58_08.csv
Mouse1639,TMaze,2024-10-12 15:23:44,41586,9035,32551,0,0.163392,975.8192769999999,0,0.163392,/media/toor/SeagatePortableDrive/AGING_MICE/Mouse1639/ThirdRound/timestamps2024-10-12T15_23_44.csv
Mouse1639,TMaze,2024-10-13 13:03:25,44168,9061,35107,0,0.14825,962.5788289999999,0,0.14825,/media/toor/SeagatePortableDrive/AGING_MICE/Mouse1639/ThirdRound/timestamps2024-10-13T13_03_25.csv
Mouse1639,Linear,2024-10-13 13:34:29,33407,561,32846,0,0.214835,964.617152,0,0.214835,/media/toor/SeagatePortableDrive/AGING_MICE/Mouse1639/ThirdRound/timestamps2024-10-13T13_34_29.csv
Mouse1637,Linear,2024-10-14 13:05:45,32541,639,31902,0,0.272896,964.36526,0,0.272896,/media/toor/SeagatePortableDrive/AGING_MICE/Mouse1637/ThirdRound/timestamps2024-10-14T13_05_45.csv
Mouse1639,TMaze,2024-10-14 13:30:32,40453,8713,31740,0,0.231398,963.5162489999999,0,0.231398,/media/toor/SeagatePortableDrive/AGING_MICE/Mouse1639/ThirdRound/timestamps2024-10-14T13_30_32.csv
Mouse1639,Linear,2024-10-14 13:58:59,31750,538,31212,0,0.167564,963.150055,0,0.167564,/media/toor/SeagatePortableDrive/AGING_MICE/Mouse1639/ThirdRound/timestamps2024-10-14T13_58_59.csv
Mouse1639,TMaze,2024-10-15 13:21:12,40486,9399,31087,0,0.103258,962.214515,0,0.120294,/media/toor/SeagatePortableDrive/AGING_MICE/Mouse1639/ThirdRound/timestamps2024-10-15T13_21_12.csv
Mouse1639,Linear,2024-10-15 13:49:39,32357,611,31746,0,0.110771,975.019264,0,0.110771,/media/toor/SeagatePortableDrive/AGING_MICE/Mouse1639/ThirdRound/timestamps2024-10-15T13_49_39.csv
Mouse1637,Linear,2024-10-15 14:43:02,33063,594,32469,0,0.090509,963.1028729999999,0,0.114099,/media/toor/SeagatePortableDrive/AGING_MICE/Mouse1637/ThirdRound/timestamps2024-10-15T14_43_02.csv
Mouse1637,Linear,2024-10-16 13:38:56,32130,755,31375,0,0.193766,963.6198400000001,0,0.193766,/media/toor/SeagatePortableDrive/AGING_MICE/Mouse1637/ThirdRound/timestamps2024-10-16T13_38_56.csv
Mouse1639,TMaze,2024-10-16 14:03:07,40104,8775,31329,0,0.379469,962.912307,0,0.379469,/media/toor/SeagatePortableDrive/AGING_MICE/Mouse1639/ThirdRound/timestamps2024-10-16T14_03_07.csv
Mouse1639,Linear,2024-10-16 14:31:09,31788,661,31127,0,0.084007,962.2773379999999,0,0.100583,/media/toor/SeagatePortableDrive/AGING_MICE/Mouse1639/ThirdRound/timestamps2024-10-16T14_31_09.csv
Mouse1639,TMaze,2024-10-17 13:35:01,43679,9024,34655,0,0.104614,963.3989889999999,0,0.365466,/media/toor/SeagatePortableDrive/AGING_MICE/Mouse1639/ThirdRound/timestamps2024-10-17T13_35_01.csv
Mouse1639,Linear,2024-10-17 14:06:13,33456,429,33027,0,0.108096,963.397657,0,0.11282,/media/toor/SeagatePortableDrive/AGING_MICE/Mouse1639/ThirdRound/timestamps2024-10-17T14_06_13.csv
Mouse1637,Linear,2024-10-17 15:02:01,33617,1091,32526,0,0.244608,964.272102,0,0.244608,/media/toor/SeagatePortableDrive/AGING_MICE/Mouse1637/ThirdRound/timestamps2024-10-17T15_02_01.csv
Mouse1637,Linear,2024-10-18 13:46:24,31988,699,31289,0,0.088422,962.952026,0,0.088422,/media/toor/SeagateClean/Mouse1637/Round3/Linear/2024-10-18T13_46_24/timestamps2024-10-18T13_46_24.csv
Mouse1639,TMaze,2024-10-18 14:10:37,45935,9362,36573,0,0.106496,962.7299840000001,0,0.111667,/media/toor/SeagatePortableDrive/AGING_MICE/Mouse1639/ThirdRound/timestamps2024-10-18T14_10_37.csv
Mouse1639,Linear,2024-10-18 14:42:40,33298,447,32851,0,0.129997,963.117747,0,0.129997,/media/toor/SeagatePortableDrive/AGING_MICE/Mouse1639/ThirdRound/timestamps2024-10-18T14_42_40.csv
Mouse1639,TMaze,2024-10-19 14:43:39,44348,9014,35334,0,0.092595,964.120909,0,0.094771,/media/toor/SeagatePortableDrive/AGING_MICE/Mouse1639/ThirdRound/timestamps2024-10-19T14_43_39.csv
Mouse1639,Linear,2024-10-19 15:14:46,33089,642,32447,0,0.09216,963.07945,0,0.09216,/media/toor/SeagatePortableDrive/AGING_MICE/Mouse1639/ThirdRound/timestamps2024-10-19T15_14_46.csv
Mouse1637,Linear,2024-10-19 16:09:05,31925,301,31624,0,0.165734,963.540595,0,0.165734,/media/toor/SeagateClean/Mouse1637/Round3/Linear/2024-10-19T16_09_05/timestamps2024-10-19T16_09_05.csv
Mouse1637,Linear,2024-10-20 14:33:04,34632,427,34205,0,0.091763,963.1701510000001,0,0.091763,/media/toor/SeagateClean/Mouse1637/Round3/Linear/2024-10-20T14_33_04/timestamps2024-10-20T14_33_04.csv
Mouse1639,TMaze,2024-10-21 13:35:16,44076,8661,35415,0,0.093197,962.9078910000001,0,0.914444,/media/toor/SeagatePortableDrive/AGING_MICE/Mouse1639/ThirdRound/timestamps2024-10-21T13_35_16.csv
Mouse1639,Linear,2024-10-21 14:07:35,32455,444,32011,0,0.183642,963.068442,0,0.183642,/media/toor/SeagatePortableDrive/AGING_MICE/Mouse1639/ThirdRound/timestamps2024-10-21T14_07_35.csv
Mouse1637,Linear,2024-10-21 15:00:44,34721,456,34265,0,0.124172,964.120244,0,0.124172,/media/toor/SeagatePortableDrive/AGING_MICE/Mouse1637/ThirdRound/timestamps2024-10-21T15_00_44.csv
Mouse1637,Linear,2024-10-22 12:51:41,32274,596,31678,0,0.099431,963.0630140000001,0,0.099994,/media/toor/SeagatePortableDrive/AGING_MICE/Mouse1637/ThirdRound/timestamps2024-10-22T12_51_41.csv
Mouse1639,TMaze,2024-10-22 13:16:52,45666,8273,37393,0,0.192589,963.281434,0,0.192589,/media/toor/SeagatePortableDrive/AGING_MICE/Mouse1639/ThirdRound/timestamps2024-10-22T13_16_52.csv
Mouse1639,Linear,2024-10-22 13:48:53,31794,730,31064,0,0.093939,962.8003080000001,0,0.113856,/media/toor/SeagatePortableDrive/AGING_MICE/Mouse1639/ThirdRound/timestamps2024-10-22T13_48_53.csv
Mouse1639,TMaze,2024-10-23 12:13:17,18764,8971,9793,0,0.127142,393.135091,0,0.127142,/media/toor/SeagatePortableDrive/AGING_MICE/Mouse1639/ThirdRound/timestamps2024-10-23T12_13_17.csv
Mouse1639,TMaze,2024-10-23 12:33:51,39725,8470,31255,0,0.10336,963.120256,0,0.115418,/media/toor/SeagatePortableDrive/AGING_MICE/Mouse1639/ThirdRound/timestamps2024-10-23T12_33_51.csv
Mouse1639,Linear,2024-10-23 13:01:49,31803,463,31340,0,0.101747,963.1241729999999,0,0.101747,/media/toor/SeagatePortableDrive/AGING_MICE/Mouse1639/ThirdRound/timestamps2024-10-23T13_01_49.csv
Mouse1637,Linear,2024-10-23 13:53:18,31748,635,31113,0,0.102873,963.5218179999999,0,0.102873,/media/toor/SeagatePortableDrive/AGING_MICE/Mouse1637/ThirdRound/timestamps2024-10-23T13_53_18.csv
Mouse1637,Linear,2024-10-24 14:09:39,32672,512,32160,0,0.221824,963.8835710000001,0,0.221824,/media/toor/SeagatePortableDrive/AGING_MICE/Mouse1637/ThirdRound/timestamps2024-10-24T14_09_39.csv
Mouse1639,TMaze,2024-10-24 14:35:02,43781,9851,33930,0,0.087526,962.8212349999999,0,0.087526,/media/toor/SeagatePortableDrive/AGING_MICE/Mouse1639/ThirdRound/timestamps2024-10-24T14_35_02.csv
Mouse1639,Linear,2024-10-24 15:05:35,33119,445,32674,0,0.11538,963.115059,0,0.11538,/media/toor/SeagatePortableDrive/AGING_MICE/Mouse1639/ThirdRound/timestamps2024-10-24T15_05_35.csv
Mouse1639,TMaze,2024-10-25 12:18:16,42108,8377,33731,0,0.130317,963.3602820000001,0,0.130317,/media/toor/SeagatePortableDrive/AGING_MICE/Mouse1639/ThirdRound/timestamps2024-10-25T12_18_16.csv
Mouse1639,Linear,2024-10-25 12:48:11,32359,776,31583,0,0.110784,963.4320379999999,0,0.138125,/media/toor/SeagatePortableDrive/AGING_MICE/Mouse1639/ThirdRound/timestamps2024-10-25T12_48_11.csv
Mouse1637,Linear,2024-10-25 13:40:17,31202,468,30734,0,0.109043,963.527501,0,0.109043,/media/toor/SeagatePortableDrive/AGING_MICE/Mouse1637/ThirdRound/timestamps2024-10-25T13_40_17.csv
Mouse1637,Linear,2024-10-26 13:14:59,35606,683,34923,0,0.099507,961.476263,0,0.107725,/media/toor/SeagateClean/Mouse1637/Round3/Linear/2024-10-26T13_14_59/timestamps2024-10-26T13_14_59.csv
Mouse1639,TMaze,2024-10-26 13:41:52,39907,5023,34884,0,0.556838,965.040333,0,0.556838,/media/toor/SeagatePortableDrive/AGING_MICE/Mouse1639/ThirdRound/timestamps2024-10-26T13_41_52.csv
Mouse1639,Linear,2024-10-26 14:12:14,32001,707,31294,0,0.132186,962.915584,0,0.199693,/media/toor/SeagatePortableDrive/AGING_MICE/Mouse1639/ThirdRound/timestamps2024-10-26T14_12_14.csv
Mouse1639,TMaze,2024-10-27 14:02:35,40450,8614,31836,0,0.087962,962.4182659999999,0,0.493491,/media/toor/SeagatePortableDrive/AGING_MICE/Mouse1639/ThirdRound/timestamps2024-10-27T14_02_35.csv
Mouse1639,Linear,2024-10-27 14:30:47,31243,775,30468,0,0.094195,962.079885,0,0.198797,/media/toor/SeagatePortableDrive/AGING_MICE/Mouse1639/ThirdRound/timestamps2024-10-27T14_30_47.csv
Mouse1637,Linear,2024-10-27 15:22:15,31741,630,31111,0,0.08526,962.1921150000001,0,0.128486,/media/toor/SeagateClean/Mouse1637/Round3/Linear/2024-10-27T15_22_15/timestamps2024-10-27T15_22_15.csv
Mouse1637,Linear,2024-10-28 14:54:19,36398,1068,35330,0,0.089562,962.62048,0,0.091405,/media/toor/SeagateClean/Mouse1637/Round3/Linear/2024-10-28T14_54_19/timestamps2024-10-28T14_54_19.csv
Mouse1639,TMaze,2024-10-28 15:19:05,41473,8778,32695,0,0.118029,963.33024,0,0.118029,/media/toor/SeagatePortableDrive/AGING_MICE/Mouse1639/ThirdRound/timestamps2024-10-28T15_19_05.csv
Mouse1639,Linear,2024-10-28 15:47:54,33365,630,32735,0,0.129702,962.780813,0,0.129702,/media/toor/SeagatePortableDrive/AGING_MICE/Mouse1639/ThirdRound/timestamps2024-10-28T15_47_54.csv
Mouse1639,TMaze,2024-10-29 13:54:38,43581,8272,35309,0,0.117004,963.857344,0,0.117004,/media/toor/SeagatePortableDrive/AGING_MICE/Mouse1639/ThirdRound/timestamps2024-10-29T13_54_38.csv
Mouse1639,Linear,2024-10-29 14:25:39,32891,412,32479,0,0.092595,963.580621,0,0.092595,/media/toor/SeagatePortableDrive/AGING_MICE/Mouse1639/ThirdRound/timestamps2024-10-29T14_25_39.csv
Mouse1637,Linear,2024-10-29 15:19:08,31872,456,31416,0,0.118579,964.723494,0,0.118579,/media/toor/SeagateClean/Mouse1637/Round3/Linear/2024-10-29T15_19_08/timestamps2024-10-29T15_19_08.csv
Mouse1637,Linear,2024-10-30 14:36:05,32370,672,31698,0,0.105575,962.615654,0,0.105575,/media/toor/SeagateClean/Mouse1637/Round3/Linear/2024-10-30T14_36_05/timestamps2024-10-30T14_36_05.csv
Mouse1639,TMaze,2024-10-30 15:01:42,42575,8839,33736,0,0.328358,963.1162879999999,0,0.448781,/media/toor/SeagatePortableDrive/AGING_MICE/Mouse1639/ThirdRound/timestamps2024-10-30T15_01_42.csv
Mouse1637,Linear,2024-10-31 13:40:30,42830,8191,34639,0,0.787072,964.2159869999999,0,0.787072,/media/toor/SeagateClean/Mouse1637/Round3.5/Linear/2024-10-31T13_40_30/timestamps2024-10-31T13_40_30.csv
Mouse1637,Linear,2024-11-01 13:08:11,41411,8519,32892,0,0.291456,963.99657,0,0.291456,/media/toor/SeagateClean/Mouse1637/Round3.5/Linear/2024-11-01T13_08_11/timestamps2024-11-01T13_08_11.csv
Mouse1637,Linear,2024-11-02 13:06:59,40129,8682,31447,0,0.176205,962.740442,0,0.176205,/media/toor/SeagateClean/Mouse1637/Round3.5/Linear/2024-11-02T13_06_59/timestamps2024-11-02T13_06_59.csv
Mouse1637,Linear,2024-11-03 13:10:29,44116,11051,33065,0,0.105472,965.2852350000001,0,0.189786,/media/toor/SeagateClean/Mouse1637/Round3.5/Linear/2024-11-03T13_10_29/timestamps2024-11-03T13_10_29.csv
Mouse1637,Linear,2024-11-04 14:19:30,40709,8689,32020,0,0.118976,963.240474,0,0.23922,/media/toor/SeagateClean/Mouse1637/Round3.5/Linear/2024-11-04T14_19_30/timestamps2024-11-04T14_19_30.csv
Mouse1637,Linear,2024-11-05 14:39:19,43063,8358,34705,0,0.086746,963.840166,0,0.086746,/media/toor/SeagateClean/Mouse1637/Round3.5/Linear/2024-11-05T14_39_19/timestamps2024-11-05T14_39_19.csv
Mouse1637,Linear,2024-11-06 14:59:26,41167,8984,32183,0,0.100646,962.7170560000002,0,0.130189,/media/toor/SeagateClean/Mouse1637/Round3.5/Linear/2024-11-06T14_59_26/timestamps2024-11-06T14_59_26.csv
Mouse1637,Linear,2024-11-07 14:12:14,41108,8755,32353,0,0.137971,962.8630529999999,0,0.137971,/media/toor/SeagateClean/Mouse1637/Round3.5/Linear/2024-11-07T14_12_14/timestamps2024-11-07T14_12_14.csv
Mouse1637,Linear,2024-11-08 14:14:47,40843,9334,31509,0,0.112512,962.747443,0,0.158272,/media/toor/SeagateClean/Mouse1637/Round3.5/Linear/2024-11-08T14_14_47/timestamps2024-11-08T14_14_47.csv
Mouse1637,Linear,2024-11-09 14:30:28,40254,8412,31842,0,0.086323,964.5327229999999,0,0.105549,/media/toor/SeagateClean/Mouse1637/Round3.5/Linear/2024-11-09T14_30_28/timestamps2024-11-09T14_30_28.csv
Mouse1637,Linear,2024-11-10 14:57:58,40915,8153,32762,0,0.103693,963.4580480000001,0,0.272871,/media/toor/SeagateClean/Mouse1637/Round3.5/Linear/2024-11-10T14_57_58/timestamps2024-11-10T14_57_58.csv
Mouse1637,Linear,2024-11-11 14:09:51,41735,8460,33275,0,0.171955,962.71602,0,0.171955,/media/toor/SeagateClean/Mouse1637/Round3.5/Linear/2024-11-11T14_09_51/timestamps2024-11-11T14_09_51.csv
Mouse1637,Linear,2024-11-12 11:52:38,40907,8901,32006,0,0.089446,963.3487240000001,0,0.099878,/media/toor/SeagateClean/Mouse1637/Round3.5/Linear/2024-11-12T11_52_38/timestamps2024-11-12T11_52_38.csv
Mouse1637,Linear,2024-11-13 13:14:55,39356,8369,30987,0,1.466995,976.048307,0,1.466995,/media/toor/SeagateClean/Mouse1637/Round3.5/Linear/2024-11-13T13_14_55/timestamps2024-11-13T13_14_55.csv
Mouse847,Linear,2025-11-10 17:24:58,58440,12424,46016,0,0.083418,975.2790660000001,0,0.083623,/media/toor/Seagate2/Mouse847/data_need_video_clean/2025-11-10T17_24_58/timestamps2025-11-10T17_24_58.csv
Mouse847,Linear,2025-11-11 16:33:35,44433,9294,35139,0,0.083866,975.975373,0,0.083866,/media/toor/Seagate2/Mouse847/data_need_video_clean/2025-11-11T16_33_35/timestamps2025-11-11T16_33_35.csv
Mouse847,Linear,2025-11-12 17:19:09,44740,8750,35990,0,0.082931,976.1714810000001,0,0.082931,/media/toor/Seagate2/Mouse847/data_need_video_clean/2025-11-12T17_19_09/timestamps2025-11-12T17_19_09.csv
Mouse847,Linear,2025-11-13 16:28:58,43828,8538,35290,0,0.084365,976.491942,0,0.084365,/media/toor/Seagate2/Mouse847/data_need_video_clean/2025-11-13T16_28_58/timestamps2025-11-13T16_28_58.csv
Mouse847,Linear,2025-11-14 16:26:24,41789,8308,33481,0,0.083635,977.976973,0,0.083635,/media/toor/Seagate2/Mouse847/data_need_video_clean/2025-11-14T16_26_24/timestamps2025-11-14T16_26_24.csv
Mouse847,Linear,2025-11-15 16:59:48,44474,8346,36128,0,0.083942,977.3694720000001,0,0.096384,/media/toor/Seagate2/Mouse847/data_need_video_clean/2025-11-15T16_59_48/timestamps2025-11-15T16_59_48.csv
Mouse847,Linear,2025-11-16 16:53:12,39507,8829,30678,0,0.083021,975.179315,0,0.083021,/media/toor/Seagate2/Mouse847/data_need_video_clean/2025-11-16T16_53_12/timestamps2025-11-16T16_53_12.csv
Mouse943,Linear,2025-11-17 17:15:35,47258,9251,38007,0,0.082905,977.1432829999999,0,0.08393,/media/toor/Seagate2/Mouse943/2025-11-17T17_15_35/timestamps2025-11-17T17_15_35.csv
Mouse847,Linear,2025-11-17 17:52:11,40844,8216,32628,0,0.084788,976.878745,0,0.084788,/media/toor/Seagate2/Mouse847/untrimmed/2025-11-17T17_52_11/timestamps2025-11-17T17_52_11.csv
Mouse943,Linear,2025-11-18 17:44:50,44926,10216,34710,0,0.083917,976.522048,0,0.736551,/media/toor/Seagate2/Mouse943/2025-11-18T17_44_50/timestamps2025-11-18T17_44_50.csv
Mouse847,Linear,2025-11-18 18:18:23,40339,8386,31953,0,0.084826,976.800409,0,0.084941,/media/toor/SeagateClean/RAW_DATA/Mouse847/timestamps2025-11-18T18_18_23.csv
Mouse943,Linear,2025-11-19 17:24:26,12374,8330,4044,0,0.09655,164.71444499999998,0,0.09655,/media/toor/Seagate2/Mouse943/2025-11-19T17_24_26/timestamps2025-11-19T17_24_26.csv
Mouse943,Linear,2025-11-19 17:32:53,35157,1,35156,0,0.082739,975.1092349999999,0,0.082739,/media/toor/Seagate2/Mouse943/2025-11-19T17_32_53/timestamps2025-11-19T17_32_53.csv
Mouse847,Linear,2025-11-19 17:59:46,41182,8136,33046,0,0.08375,975.2359299999999,0,0.294196,/media/toor/SeagateClean/RAW_DATA/Mouse847/timestamps2025-11-19T17_59_46.csv
Mouse943,Linear,2025-11-20 16:55:03,50683,9142,41541,0,0.083021,973.7172350000001,0,0.086963,/media/toor/Seagate2/YOUNG_MICE/Mouse943/timestamps2025-11-20T16_55_03.csv
Mouse847,Linear,2025-11-20 17:33:29,47894,8900,38994,0,0.089485,973.098969,0,0.089485,/media/toor/SeagateClean/RAW_DATA/Mouse847/timestamps2025-11-20T17_33_29.csv
Mouse943,Linear,2025-11-21 17:35:42,53480,8390,45090,0,1.343539,978.357261,0,1.343539,/media/toor/Seagate2/Mouse943/2025-11-21T17_35_42/timestamps2025-11-21T17_35_42.csv
Mouse847,Linear,2025-11-21 18:22:12,46318,8230,38088,0,0.082701,976.955315,0,0.083635,/media/toor/SeagateClean/RAW_DATA/Mouse847/timestamps2025-11-21T18_22_12.csv
Mouse943,Linear,2025-11-22 17:18:48,45085,8439,36646,0,0.083622,976.590477,0,0.083622,/media/toor/Seagate2/Mouse943/2025-11-22T17_18_48/timestamps2025-11-22T17_18_48.csv
Mouse847,Linear,2025-11-22 17:52:30,49732,8342,41390,0,0.084493,976.502144,0,0.085171,/media/toor/SeagateClean/RAW_DATA/Mouse847/timestamps2025-11-22T17_52_30.csv
Mouse943,Linear,2025-11-23 17:04:03,41762,9010,32752,0,0.083085,976.2138110000001,0,0.195469,/media/toor/Seagate2/YOUNG_MICE/Mouse943/timestamps2025-11-23T17_04_03.csv
Mouse943,Linear,2025-11-23 17:01:53,44743,11995,32748,0,0.083085,976.180723,1,6.846016,/media/toor/Seagate3/YOUNG_MICE/Mouse943/Linear/concat/2025-11-23T17_01_53/timestamps2025-11-23T17_01_53.csv
Mouse847,Linear,2025-11-23 17:37:09,40557,8349,32208,0,0.137626,977.008998,5,14.404646,/media/toor/SeagateClean/RAW_DATA/Mouse847/timestamps2025-11-23T17_37_09.csv
Mouse943,Linear,2025-11-24 17:32:16,42043,9974,32069,1,2.937625,981.5014529999999,5,14.995187,/media/toor/Seagate3/YOUNG_MICE/Mouse943/Linear/concat/2025-11-24T17_32_16/timestamps2025-11-24T17_32_16.csv
Mouse943,Linear,2025-11-24 17:32:55,63346,9315,54031,1,2.982681,981.5048579999998,5,1029.486246,/media/toor/Seagate2/Mouse943/untrimmed/2025-11-24T17_32_55/timestamps2025-11-24T17_32_55.csv
Mouse847,Linear,2025-11-24 18:12:27,38752,9222,29530,1,6.177395,983.136051,2,6.177395,/media/toor/Seagate2/Mouse847/untrimmed/2025-11-24T18_12_27/timestamps2025-11-24T18_12_27.csv
Mouse847,Linear,2025-11-24 18:04:45,49343,19818,29525,1,6.177395,983.114765,7,20.097651,/media/toor/SeagateClean/RAW_DATA/Mouse847/timestamps2025-11-24T18_04_45.csv
Mouse943,Linear,2025-11-25 17:31:54,33758,10515,23243,1,3.646016,950.5657600000002,2,3.646016,/media/toor/Seagate3/Mouse943_old/2025-11-25T17_31_54/timestamps2025-11-25T17_31_54.csv
Mouse847,Linear,2025-11-25 18:05:49,43534,9455,34079,1,2.866854,979.16814,3,5.504947,/media/toor/Seagate2/Mouse847/untrimmed/2025-11-25T18_05_49/timestamps2025-11-25T18_05_49.csv
Mouse847,Linear,2025-11-25 18:03:59,46154,12092,34062,1,2.866854,979.209421,4,5.504947,/media/toor/SeagateClean/RAW_DATA/Mouse847/timestamps2025-11-25T18_03_59.csv
Mouse943,Linear,2025-11-26 17:02:57,39803,8175,31628,2,9.952486,991.4467330000001,3,9.952486,/media/toor/SeagatePortableDrive/Mouse943/awaiting_concat/2025-11-26T17_02_57/timestamps2025-11-26T17_02_57.csv
Mouse847,Linear,2025-11-26 17:34:26,41889,8164,33725,1,3.191463,978.287654,3,3.985344,/media/toor/Seagate3/Mouse847_old/timestamps2025-11-26T17_34_26.csv
Mouse847,Linear,2025-11-26 17:33:33,42626,8902,33724,1,3.191463,978.300262,4,22.662784,/media/toor/SeagateClean/RAW_DATA/Mouse847/timestamps2025-11-26T17_33_33.csv
Mouse943,Linear,2025-11-27 17:19:18,39611,8537,31074,2,3.456397,982.680602,3,20.789248,/media/toor/SeagatePortableDrive/Mouse943/timestamps2025-11-27T17_19_18.csv
Mouse943,Linear,2025-11-27 17:18:37,39882,8811,31071,2,3.39689,982.5927680000001,4,30.037299,/media/toor/Seagate3/YOUNG_MICE/Mouse943/Linear/concat/2025-11-27T17_18_37/timestamps2025-11-27T17_18_37.csv
Mouse847,Linear,2025-11-27 17:50:58,39125,8047,31078,2,3.37129,983.3171080000001,3,3.37129,/media/toor/Seagate3/Mouse847_old/timestamps2025-11-27T17_50_58.csv
Mouse847,Linear,2025-11-27 17:48:59,41053,10046,31007,2,3.37129,983.3203839999999,5,34.625958,/media/toor/SeagateClean/RAW_DATA/Mouse847/timestamps2025-11-27T17_48_59.csv
Mouse943,Linear,2025-11-29 17:45:37,37593,8186,29407,2,65.774285,1045.426304,3,65.774285,/media/toor/Seagate3/Mouse943_old/2025-11-29T17_45_37/timestamps2025-11-29T17_45_37.csv
Mouse943,Linear,2025-11-29 17:37:18,40394,10987,29407,2,65.728038,1045.345843,5,369.989338,/media/toor/Seagate3/YOUNG_MICE/Mouse943/Linear/concat/2025-11-29T17_37_18/timestamps2025-11-29T17_37_18.csv
Mouse847,Linear,2025-11-29 18:16:31,40190,8822,31368,2,5.654195,985.9462520000001,4,7.264563,/media/toor/Seagate3/YOUNG_MICE/Mouse847/Linear/concat/2025-11-29T18_16_31/timestamps2025-11-29T18_16_31.csv
Mouse847,Linear,2025-11-29 18:17:37,38801,7436,31365,2,5.683469,986.0359170000002,3,5.683469,/media/toor/Seagate3/Mouse847_old/timestamps2025-11-29T18_17_37.csv
Mouse943,Linear,2025-11-30 17:35:05,39468,8618,30850,2,47.14935,1029.178035,3,47.14935,/media/toor/Seagate3/Mouse943_old/2025-11-30T17_35_05/timestamps2025-11-30T17_35_05.csv
Mouse943,Linear,2025-11-30 17:33:16,39781,8940,30841,2,47.103129,1029.129562,4,96.205952,/media/toor/Seagate3/YOUNG_MICE/Mouse943/Linear/concat/2025-11-30T17_33_16/timestamps2025-11-30T17_33_16.csv
Mouse847,Linear,2025-11-30 18:06:18,39913,8494,31419,2,37.43081,1019.409574,3,40.797504,/media/toor/Seagate3/Mouse847_old/timestamps2025-11-30T18_06_18.csv
Mouse943,Linear,2025-12-01 17:49:14,41003,8687,32316,1,42.42766,1018.6740990000001,3,42.42766,/media/toor/Seagate3/Mouse943_old/2025-12-01T17_49_14/timestamps2025-12-01T17_49_14.csv
Mouse847,TMaze,2025-12-01 18:59:37,86020,11108,74912,1,42.526144,1019.2644989999999,6,42.526144,/media/toor/Seagate3/Mouse847_old/timestamps2025-12-01T18_59_37.csv
Mouse847,Linear,2025-12-01 18:56:24,41241,9531,31710,2,4.913024,987.074842,4,2070.534912,/media/toor/Seagate3/YOUNG_MICE/Mouse847/Linear/concat/2025-12-01T18_56_24/timestamps2025-12-01T18_56_24.csv
Mouse943,Linear,2025-12-02 17:58:09,40896,9246,31650,1,40.379238,1017.9536,2,110.723276,/media/toor/Seagate3/YOUNG_MICE/Mouse943/Linear/concat/2025-12-02T17_58_09/timestamps2025-12-02T17_58_09.csv
Mouse847,TMaze,2025-12-02 18:45:23,39595,7150,32445,1,57.524441,1029.9106940000001,1,57.524441,/media/toor/Seagate3/YOUNG_MICE/Mouse847/TMaze/concat/2025-12-02T18_45_23/timestamps2025-12-02T18_45_23.csv
Mouse847,Linear,2025-12-02 18:38:08,49879,17234,32645,2,26.128115,1004.884224,6,1675.284135,/media/toor/Seagate3/YOUNG_MICE/Mouse847/Linear/concat/2025-12-02T18_38_08/timestamps2025-12-02T18_38_08.csv
Mouse943,Linear,2025-12-03 17:58:08,44392,10236,34156,1,34.161421,1008.987533,1,34.161421,/media/toor/Seagate3/YOUNG_MICE/Mouse943/Linear/concat/2025-12-03T17_58_08/timestamps2025-12-03T17_58_08.csv
Mouse847,Linear,2025-12-03 18:32:37,46957,10069,36888,1,18.948442,994.983309,6,32.234957,/media/toor/Seagate3/YOUNG_MICE/Mouse847/Linear/concat/2025-12-03T18_32_37/timestamps2025-12-03T18_32_37.csv
Mouse943,TMaze,2025-12-04 17:09:18,37865,15,37850,0,1.587341,975.411494,1,389.394867,/media/toor/Seagate3/YOUNG_MICE/Mouse943/TMaze/concat/2025-12-04T17_09_18/timestamps2025-12-04T17_09_18.csv
Mouse943,Linear,2025-12-04 17:34:48,46265,8842,37423,1,28.897946,1005.689191,2,45.771289,/media/toor/Seagate3/YOUNG_MICE/Mouse943/Linear/concat/2025-12-04T17_34_48/timestamps2025-12-04T17_34_48.csv
Mouse847,TMaze,2025-12-04 18:11:09,35872,8676,27196,0,1.729561,976.336704,1,39.34176,/media/toor/SeagateClean/RAW_DATA/Mouse847/timestamps2025-12-04T18_11_09.csv
Mouse847,Linear,2025-12-04 18:37:39,35660,8236,27424,0,1.526707,980.614887,0,1.572748,/media/toor/Seagate3/YOUNG_MICE/Mouse847/Linear/concat/2025-12-04T18_37_39/timestamps2025-12-04T18_37_39.csv
Mouse943,TMaze,2025-12-05 16:44:52,34169,10026,24143,0,1.576716,971.093325,0,1.576716,/media/toor/Seagate3/YOUNG_MICE/Mouse943/TMaze/concat/2025-12-05T16_44_52/timestamps2025-12-05T16_44_52.csv
Mouse943,Linear,2025-12-05 17:07:54,42167,8202,33965,1,30.939033,1006.3781379999999,2,30.939033,/media/toor/Seagate3/YOUNG_MICE/Mouse943/Linear/concat/2025-12-05T17_07_54/timestamps2025-12-05T17_07_54.csv
Mouse847,TMaze,2025-12-05 17:46:00,49512,12625,36887,0,1.56297,971.9097599999999,4,40.62647,/media/toor/Seagate3/YOUNG_MICE/Mouse847/TMaze/concat/2025-12-05T17_46_00/timestamps2025-12-05T17_46_00.csv
Mouse847,Linear,2025-12-05 18:21:06,34103,328,33775,0,0.07456,960.084646,0,1.825344,/media/toor/Seagate3/YOUNG_MICE/Mouse847/Linear/concat/2025-12-05T18_21_06/timestamps2025-12-05T18_21_06.csv
Mouse943,TMaze,2025-12-06 17:27:45,25676,707,24969,0,1.541402,976.117914,0,1.541402,/media/toor/Seagate3/YOUNG_MICE/Mouse943/TMaze/concat/2025-12-06T17_27_45/timestamps2025-12-06T17_27_45.csv
Mouse943,Linear,2025-12-06 17:21:31,49363,17231,32132,1,22.703591,995.56654,2,1047.854528,/media/toor/Seagate3/YOUNG_MICE/Mouse943/Linear/concat/2025-12-06T17_21_31/timestamps2025-12-06T17_21_31.csv
Mouse847,TMaze,2025-12-06 18:25:18,43323,7150,36173,0,1.52617,976.371891,0,1.527629,/media/toor/Seagate3/YOUNG_MICE/Mouse847/TMaze/concat/2025-12-06T18_25_18/timestamps2025-12-06T18_25_18.csv
Mouse847,Linear,2025-12-06 16:10:37,78374,35636,42738,0,1.543463,976.7052669999999,5,6648.349824,/media/toor/Seagate3/YOUNG_MICE/Mouse847/Linear/concat/2025-12-06T16_10_37/timestamps2025-12-06T16_10_37.csv
Mouse943,TMaze,2025-12-07 17:56:20,34751,220,34531,0,1.438605,979.362356,0,1.438605,/media/toor/Seagate3/YOUNG_MICE/Mouse943/TMaze/concat/2025-12-07T17_56_20/timestamps2025-12-07T17_56_20.csv
Mouse943,Linear,2025-12-07 18:20:22,38781,7747,31034,1,29.581261,1003.240397,1,29.581261,/media/toor/Seagate3/YOUNG_MICE/Mouse943/Linear/concat/2025-12-07T18_20_22/timestamps2025-12-07T18_20_22.csv
Mouse847,TMaze,2025-12-07 18:53:30,39529,11413,28116,0,1.510528,975.857511,1,4.21824,/media/toor/Seagate3/YOUNG_MICE/Mouse847/TMaze/concat/2025-12-07T18_53_30/timestamps2025-12-07T18_53_30.csv
Mouse847,Linear,2025-12-07 19:21:08,43492,7921,35571,0,1.528205,969.4090880000001,1,49.719974,/media/toor/Seagate3/YOUNG_MICE/Mouse847/Linear/concat/2025-12-07T19_21_08/timestamps2025-12-07T19_21_08.csv
Mouse847,Linear,2025-12-08 16:44:19,60642,9691,50951,0,1.558324,976.797748,2,73.617331,/media/toor/SeagateClean/RAW_DATA/Mouse847/timestamps2025-12-08T16_44_19.csv
Mouse847,TMaze,2025-12-08 17:15:23,44427,7150,37277,1,29.129063,1004.843993,1,29.129063,/media/toor/Seagate3/YOUNG_MICE/Mouse847/TMaze/concat/2025-12-08T17_15_23/timestamps2025-12-08T17_15_23.csv
Mouse943,Linear,2025-12-08 18:31:33,34492,9330,25162,0,1.510042,975.283149,0,1.515968,/media/toor/Seagate3/YOUNG_MICE/Mouse943/Linear/concat/2025-12-08T18_31_33/timestamps2025-12-08T18_31_33.csv
Mouse943,TMaze,2025-12-08 18:55:32,46812,5034,41778,1,23.422553,1001.5843070000001,2,23.422553,/media/toor/Seagate3/YOUNG_MICE/Mouse943/TMaze/concat/2025-12-08T18_55_32/timestamps2025-12-08T18_55_32.csv
Mouse943,TMaze,2025-12-09 17:38:53,43164,24,43140,0,1.498164,978.8786819999999,0,1.498164,/media/toor/Seagate3/YOUNG_MICE/Mouse943/TMaze/concat/2025-12-09T17_38_53/timestamps2025-12-09T17_38_53.csv
Mouse943,Linear,2025-12-09 18:09:02,49152,390,48762,0,1.432704,979.86464,3,431.176589,/media/toor/Seagate3/YOUNG_MICE/Mouse943/Linear/concat/2025-12-09T18_09_02/timestamps2025-12-09T18_09_02.csv
Mouse847,Linear,2025-12-09 18:54:11,31463,8300,23163,0,1.530969,941.744089,0,1.530969,/media/toor/Seagate3/YOUNG_MICE/Mouse847/Linear/concat/2025-12-09T18_54_11/timestamps2025-12-09T18_54_11.csv
Mouse847,TMaze,2025-12-09 19:18:12,38894,8004,30890,1,38.531866,1015.014285,1,38.531866,/media/toor/Seagate3/YOUNG_MICE/Mouse847/TMaze/concat/2025-12-09T19_18_12/timestamps2025-12-09T19_18_12.csv
Mouse847,TMaze,2025-12-10 17:23:47,37979,9169,28810,0,0.083124,974.459046,0,1.484441,/media/toor/Seagate3/YOUNG_MICE/Mouse847/TMaze/concat/2025-12-10T17_23_47/timestamps2025-12-10T17_23_47.csv
Mouse847,Linear,2025-12-10 17:50:34,38582,7926,30656,0,1.633894,976.7793539999999,0,1.633894,/media/toor/Seagate3/YOUNG_MICE/Mouse847/Linear/concat/2025-12-10T17_50_34/timestamps2025-12-10T17_50_34.csv
Mouse943,Linear,2025-12-10 18:20:47,30060,12944,17116,19,18.326272,817.1166850000001,24,52.786713,/media/toor/Seagate3/YOUNG_MICE/Mouse943/Linear/concat/2025-12-10T18_20_47/timestamps2025-12-10T18_20_47.csv
Mouse943,TMaze,2025-12-11 17:02:23,44429,10850,33579,0,0.084134,976.297344,0,1.54487,/media/toor/Seagate3/YOUNG_MICE/Mouse943/TMaze/concat/2025-12-11T17_02_23/timestamps2025-12-11T17_02_23.csv
Mouse943,Linear,2025-12-11 17:32:58,31315,245,31070,0,1.488524,975.375705,0,1.488524,/media/toor/Seagate3/YOUNG_MICE/Mouse943/Linear/concat/2025-12-11T17_32_58/timestamps2025-12-11T17_32_58.csv
Mouse847,Linear,2025-12-11 17:57:57,29484,6974,22510,0,0.083801,914.8825220000001,1,57.776435,/media/toor/Seagate3/YOUNG_MICE/Mouse847/Linear/concat/2025-12-11T17_57_57/timestamps2025-12-11T17_57_57.csv
Mouse847,TMaze,2025-12-11 18:20:30,46476,8649,37827,0,0.08256,974.5823099999999,0,1.441178,/media/toor/Seagate3/YOUNG_MICE/Mouse847/TMaze/concat/2025-12-11T18_20_30/timestamps2025-12-11T18_20_30.csv
Mouse943,TMaze,2025-12-12 18:00:50,44910,9779,35131,0,0.082445,974.234355,0,1.524045,/media/toor/Seagate3/YOUNG_MICE/Mouse943/TMaze/concat/2025-12-12T18_00_50/timestamps2025-12-12T18_00_50.csv
Mouse943,Linear,2025-12-12 18:31:16,32225,191,32034,0,0.072973,960.0767880000001,1,2.489792,/media/toor/Seagate3/YOUNG_MICE/Mouse943/Linear/concat/2025-12-12T18_31_16/timestamps2025-12-12T18_31_16.csv
Mouse847,Linear,2025-12-12 18:56:10,32737,9093,23644,0,1.506151,960.243328,2,34.853747,/media/toor/Seagate3/YOUNG_MICE/Mouse847/Linear/concat/2025-12-12T18_56_10/timestamps2025-12-12T18_56_10.csv
Mouse847,TMaze,2025-12-12 19:20:03,39331,7150,32181,0,0.082662,974.5485820000001,0,1.78976,/media/toor/Seagate3/YOUNG_MICE/Mouse847/TMaze/concat/2025-12-12T19_20_03/timestamps2025-12-12T19_20_03.csv
Mouse847,TMaze,2025-12-13 17:22:04,63977,8707,55270,0,0.083252,975.9397250000001,1,64.709401,/media/toor/SeagateClean/RAW_DATA/Mouse847/timestamps2025-12-13T17_22_04.csv
Mouse847,Linear,2025-12-13 17:51:43,31824,299,31525,0,1.490714,975.116441,0,1.490714,/media/toor/Seagate3/YOUNG_MICE/Mouse847/Linear/concat/2025-12-13T17_51_43/timestamps2025-12-13T17_51_43.csv
Mouse943,Linear,2025-12-13 18:21:58,20024,9462,10562,0,0.084058,428.702362,1,28.977126,/media/toor/Seagate3/YOUNG_MICE/Mouse943/Linear/concat/2025-12-13T18_21_58/timestamps2025-12-13T18_21_58.csv
Mouse943,TMaze,2025-12-13 18:37:22,45417,8631,36786,0,0.082599,973.790835,0,1.551334,/media/toor/Seagate3/YOUNG_MICE/Mouse943/TMaze/concat/2025-12-13T18_37_22/timestamps2025-12-13T18_37_22.csv
Mouse943,TMaze,2025-12-14 16:59:57,36486,10692,25794,0,0.0832,974.994739,0,1.461862,/media/toor/Seagate3/YOUNG_MICE/Mouse943/TMaze/concat/2025-12-14T16_59_57/timestamps2025-12-14T16_59_57.csv
Mouse943,Linear,2025-12-14 17:26:11,41900,9130,32770,0,0.122893,974.5913469999999,0,1.468698,/media/toor/Seagate3/YOUNG_MICE/Mouse943/Linear/concat/2025-12-14T17_26_11/timestamps2025-12-14T17_26_11.csv
Mouse847,TMaze,2025-12-14 19:13:57,41004,8922,32082,0,0.082804,974.793651,1,134.996851,/media/toor/Seagate3/YOUNG_MICE/Mouse847/TMaze/concat/2025-12-14T19_13_57/timestamps2025-12-14T19_13_57.csv
Mouse943,TMaze,2025-12-15 17:01:14,35523,91,35432,1,30.792026,1011.5920639999999,1,30.792026,/media/toor/Seagate3/YOUNG_MICE/Mouse943/TMaze/concat/2025-12-15T17_01_14/timestamps2025-12-15T17_01_14.csv
Mouse943,Linear,2025-12-15 17:28:24,40142,8383,31759,1,42.901862,1020.842381,3,42.901862,/media/toor/Seagate3/YOUNG_MICE/Mouse943/Linear/concat/2025-12-15T17_28_24/timestamps2025-12-15T17_28_24.csv
Mouse847,Linear,2025-12-15 18:00:46,27046,8497,18549,6,30.208998,844.316199,7,33.586854,/media/toor/SeagateClean/RAW_DATA/Mouse847/timestamps2025-12-15T18_00_46.csv
Mouse847,TMaze,2025-12-15 18:23:54,36216,7150,29066,0,1.893658,975.5113090000001,3,39.284352,/media/toor/Seagate3/YOUNG_MICE/Mouse847/TMaze/concat/2025-12-15T18_23_54/timestamps2025-12-15T18_23_54.csv
Mouse847,TMaze,2025-12-16 16:22:31,40797,10141,30656,0,0.083789,974.8757760000001,0,1.942195,/media/toor/Seagate3/YOUNG_MICE/Mouse847/TMaze/concat/2025-12-16T16_22_31/timestamps2025-12-16T16_22_31.csv
Mouse943,Linear,2025-12-16 17:31:35,24414,8950,15464,0,1.454759,630.786304,0,1.462874,/media/toor/Seagate3/YOUNG_MICE/Mouse943/Linear/concat/2025-12-16T17_31_35/timestamps2025-12-16T17_31_35.csv
Mouse943,TMaze,2025-12-16 17:50:18,34221,582,33639,0,0.083495,976.400473,1,16.814835,/media/toor/Seagate3/YOUNG_MICE/Mouse943/TMaze/concat/2025-12-16T17_50_18/timestamps2025-12-16T17_50_18.csv
Mouse847,Linear,2025-12-17 18:02:25,53370,11813,41557,1,92.17079,1067.678093,2,92.17079,/media/toor/SeagateClean/RAW_DATA/Mouse847/timestamps2025-12-17T18_02_25.csv
Mouse847,TMaze,2025-12-17 18:24:02,31439,7150,24289,1,38.814464,1013.834022,1,38.814464,/media/toor/Seagate3/YOUNG_MICE/Mouse847/TMaze/concat/2025-12-17T18_24_02/timestamps2025-12-17T18_24_02.csv
Mouse943,Linear,2025-12-18 09:40:24,32803,13150,19653,0,1.541811,793.564902,0,1.541811,/media/toor/Seagate3/YOUNG_MICE/Mouse943/Linear/concat/2025-12-18T09_40_24/timestamps2025-12-18T09_40_24.csv
Mouse943,TMaze,2025-12-18 10:03:32,36594,674,35920,0,0.082598,976.8419459999999,0,1.483367,/media/toor/Seagate3/YOUNG_MICE/Mouse943/TMaze/concat/2025-12-18T10_03_32/timestamps2025-12-18T10_03_32.csv
Mouse847,TMaze,2025-12-18 10:29:48,28229,7292,20937,0,0.083149,850.7373690000001,0,0.083149,/media/toor/SeagateClean/RAW_DATA/Mouse847/timestamps2025-12-18T10_29_48.csv
Mouse847,Linear,2025-12-18 10:49:46,14251,432,13819,0,0.081933,552.829875,0,0.081933,/media/toor/SeagateClean/RAW_DATA/Mouse847/timestamps2025-12-18T10_49_46.csv
Mouse946,Linear,2026-01-21 16:01:20,58901,10918,47983,0,0.082995,976.2801149999999,1,53.701465,/media/toor/Seagate2/YOUNG_MICE/Mouse946/timestamps2026-01-21T16_01_20.csv
Mouse945,Linear,2026-01-21 17:26:52,63436,11888,51548,0,0.082407,973.9239170000001,0,1.628454,/media/toor/SeagateClean/Mouse945/Round1/Linear_untrimmed/2026-01-21T17_26_52/timestamps2026-01-21T17_26_52.csv
Mouse945,Linear,2026-01-22 16:13:55,52946,9522,43424,0,0.082714,975.478003,0,1.587264,/media/toor/Seagate3/YOUNG_MICE/Mouse945/Linear/concat/2026-01-22T16_13_55/timestamps2026-01-22T16_13_55.csv
Mouse946,Linear,2026-01-22 17:02:59,56820,10882,45938,0,0.083431,975.1643139999999,2,359.430682,/media/toor/Seagate2/YOUNG_MICE/Mouse946/timestamps2026-01-22T17_02_59.csv
Mouse946,Linear,2026-01-23 15:38:26,42987,10363,32624,0,0.09312,977.192153,1,43.984384,/media/toor/Seagate2/YOUNG_MICE/Mouse946/timestamps2026-01-23T15_38_26.csv
Mouse945,Linear,2026-01-23 16:11:57,52384,12170,40214,0,0.084826,974.112909,1,23.831654,/media/toor/Seagate3/YOUNG_MICE/Mouse945/Linear/concat/2026-01-23T16_11_57/timestamps2026-01-23T16_11_57.csv
Mouse945,Linear,2026-01-24 16:07:58,47311,9464,37847,0,0.08288,974.959207,1,22.756877,/media/toor/Seagate3/YOUNG_MICE/Mouse945/Linear/concat/2026-01-24T16_07_58/timestamps2026-01-24T16_07_58.csv
Mouse946,Linear,2026-01-24 16:43:49,33827,9305,24522,0,0.082611,977.283392,0,1.61097,/media/toor/Seagate2/YOUNG_MICE/Mouse946/timestamps2026-01-24T16_43_49.csv
Mouse946,Linear,2026-01-25 16:08:08,41300,8625,32675,0,0.083366,977.041472,0,1.678605,/media/toor/Seagate2/YOUNG_MICE/Mouse946/timestamps2026-01-25T16_08_08.csv
Mouse945,Linear,2026-01-25 16:38:57,44192,10306,33886,0,0.083558,975.594137,1,18.400013,/media/toor/Seagate3/YOUNG_MICE/Mouse945/Linear/concat/2026-01-25T16_38_57/timestamps2026-01-25T16_38_57.csv
Mouse946,Linear,2026-01-26 16:27:46,43898,10744,33154,0,0.082445,977.089434,1,24.116723,/media/toor/SeagateClean/Mouse946/Round1/Linear_untrimmed/2026-01-26T16_27_46/timestamps2026-01-26T16_27_46.csv
Mouse945,Linear,2026-01-26 17:01:36,40664,8810,31854,0,1.676544,976.5727609999999,0,1.676544,/media/toor/Seagate3/YOUNG_MICE/Mouse945/Linear/concat/2026-01-26T17_01_36/timestamps2026-01-26T17_01_36.csv
Mouse946,Linear,2026-01-27 16:08:54,40213,9065,31148,1,43.81449,1017.5742210000001,2,157.76096,/media/toor/Seagate2/YOUNG_MICE/Mouse946/timestamps2026-01-27T16_08_54.csv
Mouse945,Linear,2026-01-27 16:42:53,45655,9375,36280,0,0.082483,974.5814650000001,0,1.634394,/media/toor/Seagate3/YOUNG_MICE/Mouse945/Linear/concat/2026-01-27T16_42_53/timestamps2026-01-27T16_42_53.csv
Mouse945,Linear,2026-01-28 16:39:36,47391,14110,33281,0,0.082304,975.046438,2,41.561664,/media/toor/Seagate3/YOUNG_MICE/Mouse945/Linear/concat/2026-01-28T16_39_36/timestamps2026-01-28T16_39_36.csv
Mouse946,Linear,2026-01-28 17:15:46,43259,9502,33757,0,0.083008,977.4423940000001,1,22.161382,/media/toor/Seagate2/YOUNG_MICE/Mouse946/timestamps2026-01-28T17_15_46.csv
Mouse946,Linear,2026-01-29 15:55:09,42893,9069,33824,1,20.587008,996.952256,1,20.587008,/media/toor/Seagate2/YOUNG_MICE/Mouse946/timestamps2026-01-29T15_55_09.csv
Mouse945,Linear,2026-01-29 16:27:50,39595,8453,31142,0,1.595277,979.287744,1,36.436595,/media/toor/Seagate3/YOUNG_MICE/Mouse945/Linear/concat/2026-01-29T16_27_50/timestamps2026-01-29T16_27_50.csv
Mouse946,Linear,2026-01-30 16:42:21,41196,10005,31191,1,25.836314,1003.634304,1,25.836314,/media/toor/Seagate2/YOUNG_MICE/Mouse946/timestamps2026-01-30T16_42_21.csv
Mouse945,Linear,2026-01-30 17:14:09,43812,9029,34783,0,0.082393,973.6849279999999,0,1.608,/media/toor/Seagate3/YOUNG_MICE/Mouse945/Linear/concat/2026-01-30T17_14_09/timestamps2026-01-30T17_14_09.csv
Mouse945,Linear,2026-01-31 14:48:26,40577,8684,31893,0,1.571533,976.434009,0,1.571533,/media/toor/Seagate3/YOUNG_MICE/Mouse945/Linear/concat/2026-01-31T14_48_26/timestamps2026-01-31T14_48_26.csv
Mouse946,Linear,2026-01-31 15:19:37,42227,10463,31764,0,0.086476,975.160205,1,40.301043,/media/toor/Seagate2/YOUNG_MICE/Mouse946/timestamps2026-01-31T15_19_37.csv
Mouse945,Linear,2026-02-01 16:25:53,31576,8500,23076,0,0.082764,937.017677,0,1.624012,/media/toor/Seagate3/YOUNG_MICE/Mouse945/Linear/concat/2026-02-01T16_25_53/timestamps2026-02-01T16_25_53.csv
Mouse946,Linear,2026-02-01 16:57:06,42470,11030,31440,1,34.021491,1010.8543999999999,2,57.372723,/media/toor/Seagate2/YOUNG_MICE/Mouse946/timestamps2026-02-01T16_57_06.csv
Mouse945,Linear,2026-02-02 16:03:36,42199,9969,32230,0,0.082381,976.840985,1,44.30144,/media/toor/Seagate3/YOUNG_MICE/Mouse945/Linear/concat/2026-02-02T16_03_36/timestamps2026-02-02T16_03_36.csv
Mouse946,Linear,2026-02-02 16:35:57,41532,9799,31733,0,1.584436,978.96128,0,1.584436,/media/toor/SeagateClean/Mouse946/Round1/Linear_untrimmed/2026-02-02T16_35_57/timestamps2026-02-02T16_35_57.csv
Mouse946,Linear,2026-02-03 16:05:44,43369,9144,34225,1,213.545472,1186.252915,1,213.545472,/media/toor/SeagateClean/Mouse946/Round1/Linear_untrimmed/2026-02-03T16_05_44/timestamps2026-02-03T16_05_44.csv
Mouse945,Linear,2026-02-03 16:44:19,39250,9160,30090,0,0.082317,974.118528,0,1.617856,/media/toor/Seagate3/YOUNG_MICE/Mouse945/Linear/concat/2026-02-03T16_44_19/timestamps2026-02-03T16_44_19.csv
Mouse946,Linear,2026-02-04 15:40:49,40656,8768,31888,1,26.710503,1003.244992,1,26.710503,/media/toor/SeagateClean/Mouse946/Round1/Linear_untrimmed/2026-02-04T15_40_49/timestamps2026-02-04T15_40_49.csv
Mouse945,Linear,2026-02-04 16:20:45,30057,8329,21728,1,190.485236,1074.547763,1,190.485236,/media/toor/Seagate3/YOUNG_MICE/Mouse945/Linear/concat/2026-02-04T16_20_45/timestamps2026-02-04T16_20_45.csv
Mouse945,Linear,2026-02-05 16:24:37,36151,8309,27842,0,1.601408,976.21024,1,36.061478,/media/toor/Seagate3/YOUNG_MICE/Mouse945/Linear/concat/2026-02-05T16_24_37/timestamps2026-02-05T16_24_37.csv
Mouse946,Linear,2026-02-05 16:54:25,43306,10288,33018,1,27.263578,1006.5349630000001,1,27.263578,/media/toor/Seagate3/YOUNG_MICE/Mouse946/Linear/concat/2026-02-05T16_54_25/timestamps2026-02-05T16_54_25.csv
Mouse946,Linear,2026-02-06 16:02:16,41593,9162,32431,0,0.082791,976.681421,1,3.18601,/media/toor/SeagateClean/Mouse946/Round1/Linear_untrimmed/2026-02-06T16_02_16/timestamps2026-02-06T16_02_16.csv
Mouse945,Linear,2026-02-06 16:33:46,29214,7643,21571,2,110.155417,1005.4288120000001,3,110.155417,/media/toor/Seagate3/YOUNG_MICE/Mouse945/Linear/concat/2026-02-06T16_33_46/timestamps2026-02-06T16_33_46.csv
Mouse945,Linear,2026-02-07 17:05:17,42697,13169,29528,2,246.521702,1360.0146049999998,3,246.521702,/media/toor/Seagate3/YOUNG_MICE/Mouse945/Linear/concat/2026-02-07T17_05_17/timestamps2026-02-07T17_05_17.csv
Mouse946,Linear,2026-02-07 17:48:04,40517,7485,33032,1,50.421606,1022.800512,2,50.421606,/media/toor/SeagateClean/Mouse946/Round1/Linear_untrimmed/2026-02-07T17_48_04/timestamps2026-02-07T17_48_04.csv
Mouse946,Linear,2026-02-08 15:10:35,41379,8299,33080,0,0.083098,976.819162,1,55.235852,/media/toor/SeagateClean/Mouse946/Round1/Linear_untrimmed/2026-02-08T15_10_35/timestamps2026-02-08T15_10_35.csv
Mouse945,Linear,2026-02-08 15:42:05,41598,8742,32856,0,0.082931,974.543168,0,1.626381,/media/toor/Seagate3/YOUNG_MICE/Mouse945/Linear/concat/2026-02-08T15_42_05/timestamps2026-02-08T15_42_05.csv
Mouse946,Linear,2026-02-09 16:34:29,39440,8015,31425,1,24.71442,1001.879872,2,24.71442,/media/toor/SeagateClean/Mouse946/Round1/Linear_untrimmed/2026-02-09T16_34_29/timestamps2026-02-09T16_34_29.csv
Mouse945,Linear,2026-02-09 17:05:16,40995,8952,32043,0,0.083661,974.0269189999999,2,28.112845,/media/toor/Seagate3/YOUNG_MICE/Mouse945/Linear/concat/2026-02-09T17_05_16/timestamps2026-02-09T17_05_16.csv
Mouse946,TMaze,2026-02-10 15:59:47,47208,8365,38843,0,0.083661,977.1227260000001,2,162.897357,/media/toor/Seagate3/YOUNG_MICE/Mouse946/TMaze/concat/2026-02-10T15_59_47/timestamps2026-02-10T15_59_47.csv
Mouse946,Linear,2026-02-10 16:37:18,33372,373,32999,0,0.082752,977.6849920000001,0,1.57559,/media/toor/Seagate3/YOUNG_MICE/Mouse946/Linear/concat/2026-02-10T16_37_18/timestamps2026-02-10T16_37_18.csv
Mouse945,TMaze,2026-02-10 17:04:23,45750,136,45614,0,1.561971,975.581593,0,1.605645,/media/toor/Seagate3/YOUNG_MICE/Mouse945/TMaze/concat/2026-02-10T17_04_23/timestamps2026-02-10T17_04_23.csv
Mouse945,Linear,2026-02-10 17:37:18,29117,0,29117,0,1.654105,975.475596,0,1.654105,/media/toor/Seagate3/YOUNG_MICE/Mouse945/Linear/concat/2026-02-10T17_37_18/timestamps2026-02-10T17_37_18.csv
Mouse946,TMaze,2026-02-11 15:36:24,34709,8078,26631,1,25.016371,998.848026,2,260.082355,/media/toor/Seagate3/YOUNG_MICE/Mouse946/TMaze/concat/2026-02-11T15_36_24/timestamps2026-02-11T15_36_24.csv
Mouse946,Linear,2026-02-11 16:05:45,45180,8029,37151,1,40.92873,1017.5237889999999,1,40.92873,/media/toor/Seagate3/YOUNG_MICE/Mouse946/Linear/concat/2026-02-11T16_05_45/timestamps2026-02-11T16_05_45.csv
Mouse945,TMaze,2026-02-11 16:40:50,44584,8678,35906,0,0.082893,972.693888,0,1.561523,/media/toor/Seagate3/YOUNG_MICE/Mouse945/TMaze/concat/2026-02-11T16_40_50/timestamps2026-02-11T16_40_50.csv
Mouse945,Linear,2026-02-11 17:12:38,30868,471,30397,0,1.87552,975.866189,0,1.87552,/media/toor/Seagate3/YOUNG_MICE/Mouse945/Linear/concat/2026-02-11T17_12_38/timestamps2026-02-11T17_12_38.csv
Mouse945,TMaze,2026-02-12 16:25:51,41934,966,40968,0,1.586791,975.699494,0,1.586791,/media/toor/Seagate3/YOUNG_MICE/Mouse945/TMaze/concat/2026-02-12T16_25_51/timestamps2026-02-12T16_25_51.csv
Mouse945,Linear,2026-02-12 16:55:14,31046,380,30666,1,238.574068,1213.051686,1,238.574068,/media/toor/Seagate3/YOUNG_MICE/Mouse945/Linear/concat/2026-02-12T16_55_14/timestamps2026-02-12T16_55_14.csv
Mouse946,TMaze,2026-02-12 17:23:14,37782,5154,32628,0,0.082585,974.2215170000001,1,446.166605,/media/toor/Seagate3/YOUNG_MICE/Mouse946/TMaze/concat/2026-02-12T17_23_14/timestamps2026-02-12T17_23_14.csv
Mouse946,Linear,2026-02-12 18:02:03,31344,180,31164,0,1.543283,975.65239,0,1.543283,/media/toor/Seagate3/YOUNG_MICE/Mouse946/Linear/concat/2026-02-12T18_02_03/timestamps2026-02-12T18_02_03.csv
Mouse946,TMaze,2026-02-13 16:13:34,33648,9325,24323,0,1.121497,977.9701499999999,0,1.547623,/media/toor/Seagate3/YOUNG_MICE/Mouse946/TMaze/concat/2026-02-13T16_13_34/timestamps2026-02-13T16_13_34.csv
Mouse946,Linear,2026-02-13 16:37:24,39296,8145,31151,0,1.552922,977.9666560000001,1,62.803597,/media/toor/Seagate3/YOUNG_MICE/Mouse946/Linear/concat/2026-02-13T16_37_24/timestamps2026-02-13T16_37_24.csv
Mouse945,TMaze,2026-02-13 17:12:23,33218,8609,24609,0,0.386496,974.514419,1,20.554022,/media/toor/Seagate3/YOUNG_MICE/Mouse945/TMaze/concat/2026-02-13T17_12_23/timestamps2026-02-13T17_12_23.csv
Mouse945,Linear,2026-02-13 17:36:20,42925,8860,34065,0,0.082368,975.397017,0,1.581427,/media/toor/Seagate3/YOUNG_MICE/Mouse945/Linear/concat/2026-02-13T17_36_20/timestamps2026-02-13T17_36_20.csv
Mouse945,TMaze,2026-02-14 17:17:22,44018,9701,34317,0,0.115302,974.793562,0,1.595879,/media/toor/Seagate3/YOUNG_MICE/Mouse945/TMaze/concat/2026-02-14T17_17_22/timestamps2026-02-14T17_17_22.csv
Mouse945,Linear,2026-02-14 17:48:19,32800,154,32646,0,0.082522,973.617229,1,47.104358,/media/toor/Seagate3/YOUNG_MICE/Mouse945/Linear/concat/2026-02-14T17_48_19/timestamps2026-02-14T17_48_19.csv
Mouse946,TMaze,2026-02-14 18:21:21,38436,9027,29409,18,50.300954,1205.945895,18,50.300954,/media/toor/Seagate3/YOUNG_MICE/Mouse946/TMaze/concat/2026-02-14T18_21_21/timestamps2026-02-14T18_21_21.csv
Mouse946,Linear,2026-02-14 18:55:39,33307,7986,25321,0,0.08384,974.311449,1,54.709197,/media/toor/Seagate3/YOUNG_MICE/Mouse946/Linear/concat/2026-02-14T18_55_39/timestamps2026-02-14T18_55_39.csv
Mouse945,TMaze,2026-02-15 17:58:08,41492,9356,32136,0,0.084672,973.275097,1,2.400231,/media/toor/Seagate3/YOUNG_MICE/Mouse945/TMaze/concat/2026-02-15T17_58_08/timestamps2026-02-15T17_58_08.csv
Mouse945,Linear,2026-02-15 18:27:09,32887,522,32365,0,0.087744,976.238067,0,0.089062,/media/toor/Seagate2/YOUNG_MICE/Mouse945/timestamps2026-02-15T18_27_09.csv
Mouse946,TMaze,2026-02-15 17:16:12,48847,17372,31475,0,1.418675,979.1831809999999,1,5476.53001,/media/toor/Seagate3/YOUNG_MICE/Mouse946/TMaze/concat/2026-02-15T17_16_12/timestamps2026-02-15T17_16_12.csv
Mouse946,Linear,2026-02-15 19:22:41,32576,358,32218,0,0.085747,976.4391680000001,1,129.279872,/media/toor/Seagate3/YOUNG_MICE/Mouse946/Linear/concat/2026-02-15T19_22_41/timestamps2026-02-15T19_22_41.csv
Mouse945,Linear,2026-02-16 15:04:39,31322,8747,22575,2,8.261415,934.3547140000001,2,8.261415,/media/toor/Seagate3/YOUNG_MICE/Mouse945/Linear/concat/2026-02-16T15_04_39/timestamps2026-02-16T15_04_39.csv
Mouse945,TMaze,2026-02-16 15:28:21,32871,0,32871,2,52.274086,1038.5131780000002,5,125.051251,/media/toor/Seagate3/YOUNG_MICE/Mouse945/TMaze/concat/2026-02-16T15_28_21/timestamps2026-02-16T15_28_21.csv
Mouse946,Linear,2026-02-16 15:59:24,33666,15377,18289,1,34.963482,778.1953920000001,1,34.963482,/media/toor/Seagate3/YOUNG_MICE/Mouse946/Linear/concat/2026-02-16T15_59_24/timestamps2026-02-16T15_59_24.csv
Mouse946,TMaze,2026-02-16 16:25:16,34938,702,34236,0,0.075494,960.1148669999999,1,3.120601,/media/toor/Seagate3/YOUNG_MICE/Mouse946/TMaze/concat/2026-02-16T16_25_16/timestamps2026-02-16T16_25_16.csv
Mouse945,TMaze,2026-02-17 16:08:55,42658,9872,32786,0,0.083763,974.474637,0,1.500339,/media/toor/Seagate3/YOUNG_MICE/Mouse945/TMaze/concat/2026-02-17T16_08_55/timestamps2026-02-17T16_08_55.csv
Mouse945,Linear,2026-02-17 16:41:37,33886,391,33495,0,0.083853,973.235622,0,1.746432,/media/toor/Seagate3/YOUNG_MICE/Mouse945/Linear/concat/2026-02-17T16_41_37/timestamps2026-02-17T16_41_37.csv
Mouse946,TMaze,2026-02-17 17:10:03,38093,8437,29656,2,82.529485,1075.129818,5,82.529485,/media/toor/Seagate3/YOUNG_MICE/Mouse946/TMaze/concat/2026-02-17T17_10_03/timestamps2026-02-17T17_10_03.csv
Mouse946,Linear,2026-02-17 17:40:42,35198,201,34997,0,1.451789,970.72544,0,1.451789,/media/toor/Seagate3/YOUNG_MICE/Mouse946/Linear/concat/2026-02-17T17_40_42/timestamps2026-02-17T17_40_42.csv
Mouse945,Linear,2026-02-18 15:33:38,40025,9317,30708,1,34.75456,1009.763533,1,34.75456,/media/toor/Seagate3/YOUNG_MICE/Mouse945/Linear/concat/2026-02-18T15_33_38/timestamps2026-02-18T15_33_38.csv
Mouse945,TMaze,2026-02-18 16:02:18,38679,476,38203,0,0.083763,973.866688,1,91.157645,/media/toor/Seagate3/YOUNG_MICE/Mouse945/TMaze/concat/2026-02-18T16_02_18/timestamps2026-02-18T16_02_18.csv
Mouse946,TMaze,2026-02-18 16:43:03,42298,9661,32637,0,0.083814,972.190119,1,23.334631,/media/toor/Seagate3/YOUNG_MICE/Mouse946/TMaze/concat/2026-02-18T16_43_03/timestamps2026-02-18T16_43_03.csv
Mouse946,Linear,2026-02-18 17:14:56,30732,253,30479,0,1.520883,978.4020610000001,0,1.520883,/media/toor/Seagate3/YOUNG_MICE/Mouse946/Linear/concat/2026-02-18T17_14_56/timestamps2026-02-18T17_14_56.csv
Mouse946,Linear,2026-02-19 16:26:01,29541,11961,17580,0,1.425331,716.242317,2,14.980902,/media/toor/Seagate3/YOUNG_MICE/Mouse946/Linear/concat/2026-02-19T16_26_01/timestamps2026-02-19T16_26_01.csv
Mouse946,TMaze,2026-02-19 16:47:52,36247,565,35682,0,0.425869,974.521037,0,1.45783,/media/toor/Seagate3/YOUNG_MICE/Mouse946/TMaze/concat/2026-02-19T16_47_52/timestamps2026-02-19T16_47_52.csv
Mouse945,TMaze,2026-02-19 17:16:05,37577,8629,28948,0,0.082394,974.9171200000001,0,1.493734,/media/toor/Seagate3/YOUNG_MICE/Mouse945/TMaze/concat/2026-02-19T17_16_05/timestamps2026-02-19T17_16_05.csv
Mouse945,Linear,2026-02-19 17:43:59,39184,8154,31030,0,0.083341,977.2024959999999,1,52.979981,/media/toor/Seagate3/YOUNG_MICE/Mouse945/Linear/concat/2026-02-19T17_43_59/timestamps2026-02-19T17_43_59.csv
Mouse945,Linear,2026-02-20 16:15:18,24478,8692,15786,0,1.476506,644.327641,0,1.481472,/media/toor/Seagate3/YOUNG_MICE/Mouse945/Linear/concat/2026-02-20T16_15_18/timestamps2026-02-20T16_15_18.csv
Mouse945,TMaze,2026-02-20 16:32:05,33052,601,32451,1,32.443904,1007.3769480000001,1,32.443904,/media/toor/Seagate3/YOUNG_MICE/Mouse945/TMaze/concat/2026-02-20T16_32_05/timestamps2026-02-20T16_32_05.csv
Mouse946,TMaze,2026-02-20 16:58:26,29045,9132,19913,0,0.082932,806.427148,0,0.082932,/media/toor/Seagate2/YOUNG_MICE/Mouse946/timestamps2026-02-20T16_58_26.csv
Mouse946,Linear,2026-02-20 17:22:23,38664,8042,30622,2,37.961178,1039.61193,2,37.961178,/media/toor/Seagate3/YOUNG_MICE/Mouse946/Linear/concat/2026-02-20T17_22_23/timestamps2026-02-20T17_22_23.csv
Mouse946,Linear,2026-02-21 15:46:18,29095,10246,18849,0,0.083033,767.165516,0,1.42551,/media/toor/Seagate3/YOUNG_MICE/Mouse946/Linear/concat/2026-02-21T15_46_18/timestamps2026-02-21T15_46_18.csv
Mouse946,TMaze,2026-02-21 16:08:19,36570,441,36129,0,0.081012,961.752908,1,30.17248,/media/toor/Seagate3/YOUNG_MICE/Mouse946/TMaze/concat/2026-02-21T16_08_19/timestamps2026-02-21T16_08_19.csv
Mouse945,TMaze,2026-02-21 16:36:21,39566,8659,30907,0,0.083494,974.313165,0,1.487846,/media/toor/Seagate3/YOUNG_MICE/Mouse945/TMaze/concat/2026-02-21T16_36_21/timestamps2026-02-21T16_36_21.csv
Mouse945,Linear,2026-02-21 17:08:15,43805,13491,30314,0,1.487463,976.4839169999999,1,13.718234,/media/toor/Seagate3/YOUNG_MICE/Mouse945/Linear/concat/2026-02-21T17_08_15/timestamps2026-02-21T17_08_15.csv
Mouse946,Linear,2026-02-23 16:50:12,27388,9108,18280,0,1.458151,745.2869119999999,1,135.187264,/media/toor/Seagate3/YOUNG_MICE/Mouse946/Linear/concat/2026-02-23T16_50_12/timestamps2026-02-23T16_50_12.csv
Mouse946,TMaze,2026-02-23 17:13:43,33850,410,33440,0,0.08169,964.193524,0,1.50985,/media/toor/Seagate3/YOUNG_MICE/Mouse946/TMaze/concat/2026-02-23T17_13_43/timestamps2026-02-23T17_13_43.csv
Mouse945,TMaze,2026-02-23 17:41:31,40635,8445,32190,0,0.08297,974.915853,1,18.914407,/media/toor/Seagate3/YOUNG_MICE/Mouse945/TMaze/concat/2026-02-23T17_41_31/timestamps2026-02-23T17_41_31.csv
Mouse945,Linear,2026-02-23 18:11:23,31190,267,30923,0,1.560729,975.449639,0,1.560729,/media/toor/Seagate3/YOUNG_MICE/Mouse945/Linear/concat/2026-02-23T18_11_23/timestamps2026-02-23T18_11_23.csv
Mouse945,Linear,2026-02-24 17:18:42,28418,8317,20101,3,29.915264,874.901248,3,29.915264,/media/toor/Seagate3/YOUNG_MICE/Mouse945/Linear/concat/2026-02-24T17_18_42/timestamps2026-02-24T17_18_42.csv
Mouse945,TMaze,2026-02-24 17:39:39,36981,536,36445,0,0.083303,974.7543679999999,0,1.527437,/media/toor/Seagate3/YOUNG_MICE/Mouse945/TMaze/concat/2026-02-24T17_39_39/timestamps2026-02-24T17_39_39.csv
Mouse946,TMaze,2026-02-24 18:08:50,42050,7447,34603,0,0.083059,975.8704889999999,0,1.492749,/media/toor/Seagate3/YOUNG_MICE/Mouse946/TMaze/concat/2026-02-24T18_08_50/timestamps2026-02-24T18_08_50.csv
Mouse946,Linear,2026-02-24 18:38:32,30786,439,30347,0,1.623897,971.356121,0,1.623897,/media/toor/Seagate3/YOUNG_MICE/Mouse946/Linear/concat/2026-02-24T18_38_32/timestamps2026-02-24T18_38_32.csv
Mouse946,Linear,2026-02-25 15:28:49,27021,8375,18646,0,1.456691,760.716135,0,1.459763,/media/toor/Seagate3/YOUNG_MICE/Mouse946/Linear/concat/2026-02-25T15_28_49/timestamps2026-02-25T15_28_49.csv
Mouse946,TMaze,2026-02-25 15:49:17,34543,192,34351,0,0.082355,967.369703,0,1.494144,/media/toor/Seagate3/YOUNG_MICE/Mouse946/TMaze/concat/2026-02-25T15_49_17/timestamps2026-02-25T15_49_17.csv
Mouse945,TMaze,2026-02-25 16:16:02,41224,9244,31980,0,1.867315,976.293376,0,1.867315,/media/toor/Seagate3/YOUNG_MICE/Mouse945/TMaze/concat/2026-02-25T16_16_02/timestamps2026-02-25T16_16_02.csv
Mouse945,Linear,2026-02-25 16:48:50,33654,306,33348,0,1.491776,976.2761350000001,0,1.491776,/media/toor/Seagate3/YOUNG_MICE/Mouse945/Linear/concat/2026-02-25T16_48_50/timestamps2026-02-25T16_48_50.csv
Mouse945,Linear,2026-02-26 16:29:43,27890,8287,19603,0,1.459405,798.695309,0,1.555444,/media/toor/Seagate3/YOUNG_MICE/Mouse945/Linear/concat/2026-02-26T16_29_43/timestamps2026-02-26T16_29_43.csv
Mouse945,TMaze,2026-02-26 16:49:28,33059,324,32735,0,0.082227,973.870361,0,1.581991,/media/toor/Seagate3/YOUNG_MICE/Mouse945/TMaze/concat/2026-02-26T16_49_28/timestamps2026-02-26T16_49_28.csv
Mouse946,TMaze,2026-02-26 17:15:21,42762,9261,33501,0,0.082893,975.2137720000001,0,1.589914,/media/toor/Seagate3/YOUNG_MICE/Mouse946/TMaze/concat/2026-02-26T17_15_21/timestamps2026-02-26T17_15_21.csv
Mouse946,Linear,2026-02-26 17:46:52,31499,149,31350,0,1.444928,977.200922,0,1.444928,/media/toor/Seagate3/YOUNG_MICE/Mouse946/Linear/concat/2026-02-26T17_46_52/timestamps2026-02-26T17_46_52.csv
Mouse946,Linear,2026-02-27 16:58:30,26510,9168,17342,2,45.708249,766.3576320000001,3,45.708249,/media/toor/Seagate3/YOUNG_MICE/Mouse946/Linear/concat/2026-02-27T16_58_30/timestamps2026-02-27T16_58_30.csv
Mouse946,TMaze,2026-02-27 17:20:16,34348,626,33722,1,60.726515,1037.592948,1,60.726515,/media/toor/Seagate3/YOUNG_MICE/Mouse946/TMaze/concat/2026-02-27T17_20_16/timestamps2026-02-27T17_20_16.csv
Mouse945,TMaze,2026-02-27 17:51:54,43900,9376,34524,0,0.084083,975.3920119999999,1,50.32864,/media/toor/Seagate3/YOUNG_MICE/Mouse945/TMaze/concat/2026-02-27T17_51_54/timestamps2026-02-27T17_51_54.csv
Mouse945,Linear,2026-02-27 18:24:33,32098,214,31884,0,1.530253,976.60439,0,1.530253,/media/toor/Seagate3/YOUNG_MICE/Mouse945/Linear/concat/2026-02-27T18_24_33/timestamps2026-02-27T18_24_33.csv
Mouse945,Linear,2026-02-28 17:25:39,27082,9213,17869,0,1.55945,727.175923,0,1.55945,/media/toor/Seagate3/YOUNG_MICE/Mouse945/Linear/concat/2026-02-28T17_25_39/timestamps2026-02-28T17_25_39.csv
Mouse945,TMaze,2026-02-28 17:46:14,33907,243,33664,0,0.083354,974.111271,0,1.481383,/media/toor/Seagate3/YOUNG_MICE/Mouse945/TMaze/concat/2026-02-28T17_46_14/timestamps2026-02-28T17_46_14.csv
Mouse946,TMaze,2026-02-28 18:13:07,42004,8913,33091,0,0.084428,975.15049,2,21.131481,/media/toor/Seagate3/YOUNG_MICE/Mouse946/TMaze/concat/2026-02-28T18_13_07/timestamps2026-02-28T18_13_07.csv
Mouse946,Linear,2026-02-28 18:44:21,31939,276,31663,0,1.49687,980.737907,0,1.49687,/media/toor/Seagate3/YOUNG_MICE/Mouse946/Linear/concat/2026-02-28T18_44_21/timestamps2026-02-28T18_44_21.csv
Mouse946,Linear,2026-03-01 17:24:23,29763,8379,21384,1,2.331815,873.036928,2,30.552871,/media/toor/Seagate3/YOUNG_MICE/Mouse946/Linear/concat/2026-03-01T17_24_23/timestamps2026-03-01T17_24_23.csv
Mouse946,TMaze,2026-03-01 17:46:57,32272,536,31736,0,1.46025,977.9725440000001,0,1.46025,/media/toor/Seagate3/YOUNG_MICE/Mouse946/TMaze/concat/2026-03-01T17_46_57/timestamps2026-03-01T17_46_57.csv
Mouse945,TMaze,2026-03-01 18:12:10,40856,8888,31968,0,0.083699,973.8333190000001,1,33.7643,/media/toor/Seagate3/YOUNG_MICE/Mouse945/TMaze/concat/2026-03-01T18_12_10/timestamps2026-03-01T18_12_10.csv
Mouse945,Linear,2026-03-01 18:41:54,19989,152,19837,0,0.082445,817.622362,0,0.082445,/media/toor/Seagate2/YOUNG_MICE/Mouse945/timestamps2026-03-01T18_41_54.csv
Mouse944,Linear,2026-06-26 15:27:25,59481,14995,44486,0,0.081548,963.356672,0,0.082649,/media/toor/SeagateClean/Mouse944/timestamps2026-06-26T15_27_25.csv
Mouse944,Linear,2026-06-27 15:13:22,54572,13260,41312,0,0.082919,965.4363649999999,0,1.432832,/media/toor/SeagateClean/Mouse944/timestamps2026-06-27T15_13_22.csv
Mouse944,Linear,2026-06-28 14:49:05,51596,9571,42025,0,0.082316,963.636058,0,0.082316,/media/toor/SeagateClean/Mouse944/timestamps2026-06-28T14_49_05.csv
Mouse944,Linear,2026-06-29 14:47:05,47507,10654,36853,0,0.083111,965.481651,0,0.654234,/media/toor/SeagateClean/Mouse944/timestamps2026-06-29T14_47_05.csv
Mouse945,Linear,2026-06-29 15:22:31,44002,9639,34363,0,0.08238,964.196275,0,1.535257,/media/toor/Seagate3/Mouse945 - Round2/RAW_DATA/2026-06-29T15_22_31/timestamps2026-06-29T15_22_31.csv
Mouse944,Linear,2026-06-30 15:05:21,44880,9993,34887,0,0.081715,964.799501,0,0.082521,/media/toor/SeagateClean/Mouse944/timestamps2026-06-30T15_05_21.csv
Mouse945,Linear,2026-06-30 15:56:50,34399,8006,26393,0,0.082406,963.196019,0,0.082406,/media/toor/SeagateClean/Mouse945 - Round2/timestamps2026-06-30T15_56_50.csv
Mouse944,Linear,2026-07-01 14:42:03,46472,8955,37517,0,0.084646,963.996032,0,0.084646,/media/toor/Seagate3/Mouse944/RAW_DATA/2026-07-01T14_42_03/timestamps2026-07-01T14_42_03.csv
Mouse945,Linear,2026-07-01 15:50:11,42570,8735,33835,0,0.084877,963.4893179999999,0,0.084877,/media/toor/SeagateClean/Mouse945 - Round2/timestamps2026-07-01T15_50_11.csv
Mouse944,Linear,2026-07-02 14:50:40,48414,9629,38785,0,0.081741,964.2055300000001,0,0.083072,/media/toor/SeagateClean/Mouse944/timestamps2026-07-02T14_50_40.csv
Mouse945,Linear,2026-07-02 15:29:29,42618,8181,34437,0,0.082035,963.5185409999999,0,0.083277,/media/toor/SeagateClean/Mouse945 - Round2/timestamps2026-07-02T15_29_29.csv
Mouse944,Linear,2026-07-03 13:55:52,40544,8047,32497,0,1.93559,966.216768,0,1.93559,/media/toor/Seagate3/Mouse944/RAW_DATA/2026-07-03T13_55_52/timestamps2026-07-03T13_55_52.csv
Mouse944,Linear,2026-07-04 15:05:50,42290,8485,33805,1,211.33961,1175.6980740000001,1,211.33961,/media/toor/Seagate3/Mouse944/RAW_DATA/2026-07-04T15_05_50/timestamps2026-07-04T15_05_50.csv
Mouse945,Linear,2026-07-04 15:43:09,22433,8570,13863,0,0.087321,560.322087,0,0.087321,/media/toor/SeagateClean/Mouse945 - Round2/timestamps2026-07-04T15_43_09.csv
Mouse944,Linear,2026-07-05 14:14:26,42190,8338,33852,0,0.083507,964.277876,0,0.083507,/media/toor/SeagateClean/Mouse944/timestamps2026-07-05T14_14_26.csv
Mouse944,Linear,2026-07-06 14:54:46,41256,9317,31939,0,0.084672,975.962073,0,1.554432,/media/toor/Seagate3/Mouse944/RAW_DATA/2026-07-06T14_54_46/timestamps2026-07-06T14_54_46.csv
Mouse945,Linear,2026-07-06 15:47:06,41483,8380,33103,0,0.098125,976.68169,0,0.098125,/media/toor/SeagateClean/Mouse945 - Round2/timestamps2026-07-06T15_47_06.csv
Mouse944,Linear,2026-07-07 14:49:35,40213,8219,31994,0,1.569792,978.231488,0,1.569792,/media/toor/Seagate3/Mouse944/RAW_DATA/2026-07-07T14_49_35/timestamps2026-07-07T14_49_35.csv
Mouse945,Linear,2026-07-07 15:46:02,38165,4541,33624,0,0.159347,975.635942,0,0.159347,/media/toor/SeagateClean/Mouse945 - Round2/timestamps2026-07-07T15_46_02.csv
Mouse944,Linear,2026-07-08 13:41:41,43503,8430,35073,0,0.082521,975.2299009999999,0,0.083866,/media/toor/SeagateClean/Mouse944/timestamps2026-07-08T13_41_41.csv
Mouse945,Linear,2026-07-08 15:09:08,37308,2306,35002,0,0.084774,976.785907,0,0.084774,/media/toor/SeagateClean/Mouse945 - Round2/timestamps2026-07-08T15_09_08.csv
Mouse945,Linear,2026-07-09 13:16:10,43926,9265,34661,0,0.083533,975.034688,0,0.083533,/media/toor/SeagateClean/Mouse945 - Round2/timestamps2026-07-09T13_16_10.csv
Mouse944,Linear,2026-07-09 13:49:35,42711,8744,33967,0,0.082675,974.550887,1,236.801011,/media/toor/Seagate3/Mouse944/RAW_DATA/2026-07-09T13_49_35/timestamps2026-07-09T13_49_35.csv
Mouse944,Linear,2026-07-11 14:36:44,34733,154,34579,0,0.083264,976.480205,0,0.083264,/media/toor/SeagateClean/Mouse944/timestamps2026-07-11T14_36_44.csv
Mouse945,Linear,2026-07-11 15:04:04,39902,8508,31394,0,0.083161,976.7627520000001,0,0.083213,/media/toor/SeagateClean/Mouse945 - Round2/timestamps2026-07-11T15_04_04.csv
Mouse944,Linear,2026-07-12 14:11:18,38376,8449,29927,0,0.556762,978.004288,0,0.556762,/media/toor/SeagateClean/Mouse944/timestamps2026-07-12T14_11_18.csv
Mouse945,Linear,2026-07-12 14:39:41,37186,6842,30344,0,0.08311,977.7714050000001,0,0.08311,/media/toor/SeagateClean/Mouse945 - Round2/timestamps2026-07-12T14_39_41.csv
Mouse945,Linear,2026-07-13 15:24:34,39367,8023,31344,0,0.082573,978.9277179999999,0,0.082893,/media/toor/SeagateClean/Mouse945 - Round2/timestamps2026-07-13T15_24_34.csv
Mouse944,Linear,2026-07-13 15:55:27,41925,9147,32778,0,0.083789,978.643456,0,0.083789,/media/toor/SeagateClean/Mouse944/timestamps2026-07-13T15_55_27.csv
Mouse944,Linear,2026-07-14 14:28:46,36683,8376,28307,0,0.084748,979.3607420000001,0,0.084748,/media/toor/SeagateClean/Mouse944/timestamps2026-07-14T14_28_46.csv
Mouse945,Linear,2026-07-15 14:44:57,41809,7839,33970,0,0.083968,979.5811709999999,0,0.083968,/media/toor/SeagateClean/Mouse945 - Round2/timestamps2026-07-15T14_44_57.csv
Mouse944,Linear,2026-07-15 15:30:22,30401,7027,23374,2,267.577843,1271.872013,2,267.577843,/media/toor/Seagate3/Mouse944/RAW_DATA/Linear/2026-07-15T15_30_22/timestamps2026-07-15T15_30_22.csv
Mouse945,TMaze,2026-07-16 14:32:41,28604,39,28565,1,701.955789,1679.0186240000003,1,701.955789,/media/toor/Seagate3/Mouse945 - Round2/RAW_DATA/TMaze/2026-07-16T14_32_41/timestamps2026-07-16T14_32_41.csv
Mouse945,Linear,2026-07-16 15:04:55,26772,0,26772,0,0.081664,1019.0822909999999,0,0.081664,/media/toor/SeagateClean/Mouse945 - Round2/timestamps2026-07-16T15_04_55.csv
Mouse944,TMaze,2026-07-16 16:07:50,40680,0,40680,0,0.081421,964.238106,0,0.082932,/media/toor/SeagateClean/Mouse944/timestamps2026-07-16T16_07_50.csv
Mouse944,Linear,2026-07-16 16:44:08,33961,897,33064,0,0.085606,964.1911289999999,0,0.085606,/media/toor/SeagateClean/Mouse944/timestamps2026-07-16T16_44_08.csv
Mouse945,TMaze,2026-07-17 14:25:12,43242,8372,34870,0,0.082112,965.9697409999999,0,0.082304,/media/toor/SeagateClean/Mouse945 - Round2/timestamps2026-07-17T14_25_12.csv
Mouse945,Linear,2026-07-17 14:55:31,35519,990,34529,0,0.082253,966.9047419999999,0,0.082278,/media/toor/SeagateClean/Mouse945 - Round2/timestamps2026-07-17T14_55_31.csv
Mouse944,TMaze,2026-07-17 15:28:26,43072,8178,34894,0,0.082739,965.318464,0,0.082739,/media/toor/SeagateClean/Mouse944/timestamps2026-07-17T15_28_26.csv
Mouse944,Linear,2026-07-17 15:59:29,35736,334,35402,0,0.082726,965.934285,0,0.082726,/media/toor/SeagateClean/Mouse944/timestamps2026-07-17T15_59_29.csv
Mouse945,TMaze,2026-07-18 14:21:01,52692,0,52692,0,0.085491,966.7998719999999,0,0.085491,/media/toor/SeagateClean/Mouse945 - Round2/timestamps2026-07-18T14_21_01.csv
Mouse945,Linear,2026-07-18 15:00:39,34583,532,34051,0,0.0805,960.2270840000001,0,0.080793,/media/toor/SeagateClean/Mouse945 - Round2/timestamps2026-07-18T15_00_39.csv
Mouse944,TMaze,2026-07-18 15:26:34,52936,52,52884,0,0.083725,964.891968,0,0.083725,/media/toor/SeagateClean/Mouse944/timestamps2026-07-18T15_26_34.csv
Mouse944,Linear,2026-07-18 16:04:01,35351,2140,33211,0,0.082355,964.751424,0,1.466842,/media/toor/Seagate3/Mouse944/RAW_DATA/Linear/2026-07-18T16_04_01/timestamps2026-07-18T16_04_01.csv
Mouse944,Linear,2026-07-19 15:29:10,25773,10134,15639,0,0.083187,629.066125,0,0.083187,/media/toor/SeagateClean/Mouse944/timestamps2026-07-19T15_29_10.csv
Mouse944,TMaze,2026-07-19 15:47:49,34395,582,33813,0,0.081434,968.7019639999999,0,0.08201,/media/toor/SeagateClean/Mouse944/timestamps2026-07-19T15_47_49.csv
Mouse945,TMaze,2026-07-19 16:15:06,42427,4,42423,0,0.088602,964.235584,0,0.088602,/media/toor/SeagateClean/Mouse945 - Round2/timestamps2026-07-19T16_15_06.csv
Mouse945,Linear,2026-07-19 16:44:41,33362,478,32884,0,0.083148,985.51456,0,0.083226,/media/toor/SeagateClean/Mouse945 - Round2/timestamps2026-07-19T16_44_41.csv
Mouse945,Linear,2026-07-20 14:19:37,25960,9392,16568,0,0.082599,672.7620359999999,0,0.082982,/media/toor/SeagateClean/Mouse945 - Round2/timestamps2026-07-20T14_19_37.csv
Mouse945,TMaze,2026-07-20 14:38:37,34123,263,33860,0,0.081831,969.088512,0,0.081831,/media/toor/SeagateClean/Mouse945 - Round2/timestamps2026-07-20T14_38_37.csv
Mouse944,TMaze,2026-07-20 15:04:44,46718,191,46527,1,13.126362,978.965095,1,13.126362,/media/toor/Seagate3/Mouse944/RAW_DATA/TMaze/2026-07-20T15_04_44/timestamps2026-07-20T15_04_44.csv
Mouse944,Linear,2026-07-20 15:38:35,25340,328,25012,0,0.083021,982.9121279999999,0,0.083021,/media/toor/SeagateClean/Mouse944/timestamps2026-07-20T15_38_35.csv
Mouse944,Linear,2026-07-21 14:32:10,17273,8617,8656,0,0.082573,354.09926399999995,0,0.082573,/media/toor/SeagateClean/Mouse944/timestamps2026-07-21T14_32_10.csv
Mouse944,TMaze,2026-07-21 14:45:20,39720,6154,33566,0,0.08169,969.0202879999998,1,387.614784,/media/toor/Seagate3/Mouse944/RAW_DATA/TMaze/2026-07-21T14_45_20/timestamps2026-07-21T14_45_20.csv
Mouse945,TMaze,2026-07-21 15:24:12,44017,0,44017,0,0.084071,965.1374199999999,0,0.085683,/media/toor/SeagateClean/Mouse945 - Round2/timestamps2026-07-21T15_24_12.csv
Mouse945,Linear,2026-07-21 15:55:11,34609,581,34028,0,0.083648,977.847923,0,0.083648,/media/toor/SeagateClean/Mouse945 - Round2/timestamps2026-07-21T15_55_11.csv
Mouse945,Linear,2026-07-22 14:19:50,26081,9257,16824,0,0.083354,684.324057,0,0.083367,/media/toor/SeagateClean/Mouse945 - Round2/timestamps2026-07-22T14_19_50.csv
Mouse945,TMaze,2026-07-22 14:38:48,33974,811,33163,0,0.085043,965.5873159999999,0,0.085043,/media/toor/SeagateClean/Mouse945 - Round2/timestamps2026-07-22T14_38_48.csv
Mouse944,TMaze,2026-07-22 15:08:41,41971,116,41855,0,0.083533,969.3060220000001,0,0.083533,/media/toor/SeagateClean/Mouse944/timestamps2026-07-22T15_08_41.csv
Mouse944,Linear,2026-07-22 15:40:56,36400,1258,35142,0,0.083456,987.352602,0,0.083674,/media/toor/SeagateClean/Mouse944/timestamps2026-07-22T15_40_56.csv
Mouse945,Linear,2026-07-23 14:39:08,23561,8242,15319,0,0.083558,621.906841,0,0.083558,/media/toor/SeagateClean/Mouse945 - Round2/timestamps2026-07-23T14_39_08.csv
Mouse945,TMaze,2026-07-23 14:58:12,40232,1000,39232,0,0.083303,970.042816,0,0.083303,/media/toor/SeagateClean/Mouse945 - Round2/timestamps2026-07-23T14_58_12.csv
Mouse944,TMaze,2026-07-23 15:32:40,33398,7,33391,1,50.093863,1018.715379,1,50.093863,/media/toor/Seagate3/Mouse944/RAW_DATA/TMaze/2026-07-23T15_32_40/timestamps2026-07-23T15_32_40.csv
Mouse944,Linear,2026-07-23 16:03:22,33184,1715,31469,1,44.676736,1022.761971,1,44.676736,/media/toor/Seagate3/Mouse944/RAW_DATA/Linear/2026-07-23T16_03_22/timestamps2026-07-23T16_03_22.csv
Mouse944,Linear,2026-07-24 14:54:48,22624,7818,14806,0,0.083111,606.42903,0,0.086566,/media/toor/SeagateClean/Mouse944/timestamps2026-07-24T14_54_48.csv
Mouse944,TMaze,2026-07-24 15:12:44,23653,579,23074,0,0.082048,933.141939,0,0.082048,/media/toor/SeagateClean/Mouse944/timestamps2026-07-24T15_12_44.csv
Mouse945,TMaze,2026-07-24 15:40:50,44429,197,44232,0,0.08206,969.9576059999999,0,0.330599,/media/toor/SeagateClean/Mouse945 - Round2/timestamps2026-07-24T15_40_50.csv
Mouse945,TMaze,2026-07-26 15:41:27,35756,453,35303,0,0.082804,970.170931,0,0.082804,/media/toor/SeagateClean/Mouse945 - Round2/timestamps2026-07-26T15_41_27.csv
Mouse945,TMaze,2026-07-27 15:21:19,56423,28,56395,0,0.083879,967.649024,0,1.415987,/media/toor/Seagate3/Mouse945 - Round2/RAW_DATA/TMaze/2026-07-27T15_21_19/timestamps2026-07-27T15_21_19.csv
Mouse945,Linear,2026-07-27 16:00:05,34304,339,33965,0,0.073331,960.112845,1,47.988928,/media/toor/Seagate3/Mouse945 - Round2/RAW_DATA/Linear/2026-07-27T16_00_05/timestamps2026-07-27T16_00_05.csv
Mouse944,Linear,2026-07-27 16:31:15,25259,8951,16308,0,0.087718,667.4145149999999,0,0.087718,/media/toor/SeagateClean/Mouse944/timestamps2026-07-27T16_31_15.csv
Mouse944,TMaze,2026-07-27 16:49:49,35443,481,34962,0,0.082509,968.40384,0,0.082509,/media/toor/SeagateClean/Mouse944/timestamps2026-07-27T16_49_49.csv
Mouse944,TMaze,2026-07-28 14:19:40,45950,8269,37681,0,0.082636,968.552935,1,668.256218,/media/toor/Seagate3/Mouse944/RAW_DATA/TMaze/2026-07-28T14_19_40/timestamps2026-07-28T14_19_40.csv
Mouse944,Linear,2026-07-28 15:03:12,37937,892,37045,0,0.078772,960.638899,0,0.078772,/media/toor/SeagateClean/Mouse944/timestamps2026-07-28T15_03_12.csv
Mouse945,Linear,2026-07-28 15:34:22,26246,8400,17846,0,1.535168,733.1051519999999,0,1.535168,/media/toor/Seagate3/Mouse945 - Round2/RAW_DATA/Linear/2026-07-28T15_34_22/timestamps2026-07-28T15_34_22.csv
Mouse945,TMaze,2026-07-28 15:54:40,37783,255,37528,0,0.082086,969.6690299999999,0,0.082086,/media/toor/SeagateClean/Mouse945 - Round2/timestamps2026-07-28T15_54_40.csv
Mouse945,TMaze,2026-07-29 13:56:33,40229,21,40208,1,81.04695,1053.4717819999998,4,162.762393,/media/toor/Seagate3/Mouse945 - Round2/RAW_DATA/TMaze/2026-07-29T13_56_33/timestamps2026-07-29T13_56_33.csv
Mouse945,Linear,2026-07-29 14:29:47,30849,398,30451,0,0.083917,981.647488,1,177.666355,/media/toor/Seagate3/Mouse945 - Round2/RAW_DATA/Linear/2026-07-29T14_29_47/timestamps2026-07-29T14_29_47.csv
Mouse944,Linear,2026-07-29 15:04:01,28517,9414,19103,0,0.084762,783.298663,0,0.084762,/media/toor/SeagateClean/Mouse944/timestamps2026-07-29T15_04_01.csv
Mouse944,TMaze,2026-07-29 15:25:26,36760,486,36274,1,139.318285,1109.563226,1,139.318285,/media/toor/Seagate3/Mouse944/RAW_DATA/TMaze/2026-07-29T15_25_26/timestamps2026-07-29T15_25_26.csv
Mouse944,TMaze,2026-07-30 14:52:20,49503,2,49501,0,1.587532,969.541798,0,1.587532,/media/toor/Seagate3/Mouse944/RAW_DATA/TMaze/2026-07-30T14_52_20/timestamps2026-07-30T14_52_20.csv
Mouse944,Linear,2026-07-30 15:26:53,35125,576,34549,0,0.080512,964.608115,0,0.080755,/media/toor/SeagateClean/Mouse944/timestamps2026-07-30T15_26_53.csv
Mouse945,Linear,2026-07-30 15:54:13,25062,8938,16124,1,19.23968,680.36832,1,19.23968,/media/toor/Seagate3/Mouse945 - Round2/RAW_DATA/Linear/2026-07-30T15_54_13/timestamps2026-07-30T15_54_13.csv
Mouse945,TMaze,2026-07-30 16:13:18,34741,620,34121,0,0.082816,966.787276,0,0.082816,/media/toor/SeagateClean/Mouse945 - Round2/timestamps2026-07-30T16_13_18.csv
Mouse945,Linear,2026-08-01 15:16:48,26209,1,26208,0,0.082611,985.00009,0,0.082611,/media/toor/SeagateClean/Mouse945 - Round2/timestamps2026-08-01T15_16_48.csv
Mouse945,TMaze,2026-08-01 15:38:08,34250,488,33762,0,0.08343,969.50048,0,0.093863,/media/toor/SeagateClean/Mouse945 - Round2/timestamps2026-08-01T15_38_08.csv
Mouse944,Linear,2026-08-01 16:10:14,8762,0,8762,0,0.082791,363.04632300000003,0,0.082791,/media/toor/SeagateClean/Mouse944/timestamps2026-08-01T16_10_14.csv
Mouse944,TMaze,2026-08-01 16:16:18,34166,289,33877,0,0.081485,967.1275009999999,0,0.082739,/media/toor/SeagateClean/Mouse944/timestamps2026-08-01T16_16_18.csv
Mouse944,Linear,2026-08-01 16:44:29,32421,373,32048,0,0.08407,984.9701239999999,0,0.08407,/media/toor/SeagateClean/Mouse944/timestamps2026-08-01T16_44_29.csv
Mouse944,Linear,2026-08-02 14:20:43,26397,8288,18109,0,0.08192,744.434329,0,0.082676,/media/toor/SeagateClean/Mouse944/timestamps2026-08-02T14_20_43.csv
Mouse944,TMaze,2026-08-02 14:48:49,34702,472,34230,0,0.083828,968.3976839999999,0,0.083828,/media/toor/SeagateClean/Mouse944/timestamps2026-08-02T14_48_49.csv
Mouse945,TMaze,2026-08-02 15:19:00,39965,8661,31304,0,0.081996,968.8624639999999,0,0.082112,/media/toor/SeagateClean/Mouse945 - Round2/timestamps2026-08-02T15_19_00.csv
Mouse945,Linear,2026-08-02 15:47:04,31753,1111,30642,0,0.086617,979.6464259999999,0,0.086617,/media/toor/SeagateClean/Mouse945 - Round2/timestamps2026-08-02T15_47_04.csv
Mouse944,Linear,2026-08-03 14:23:26,27550,8622,18928,0,0.066867,757.168499,1,570.763136,/media/toor/Seagate3/Mouse944/RAW_DATA/Linear/2026-08-03T14_23_26/timestamps2026-08-03T14_23_26.csv
Mouse944,TMaze,2026-08-03 14:53:43,35612,432,35180,0,0.065677,960.0761990000001,0,0.065677,/media/toor/SeagateClean/Mouse944/timestamps2026-08-03T14_53_43.csv
Mouse945,TMaze,2026-08-03 15:24:27,43678,13,43665,0,0.064666,960.086067,0,0.067315,/media/toor/SeagateClean/Mouse945 - Round2/timestamps2026-08-03T15_24_27.csv
Mouse945,Linear,2026-08-03 15:57:22,32450,1421,31029,0,0.065741,960.0615559999999,0,0.065741,/media/toor/SeagateClean/Mouse945 - Round2/timestamps2026-08-03T15_57_22.csv
Mouse944,Linear,2026-08-04 14:29:36,34540,10291,24249,0,0.071066,960.092403,1,284.022426,/media/toor/Seagate3/Mouse944/RAW_DATA/Linear/2026-08-04T14_29_36/timestamps2026-08-04T14_29_36.csv
Mouse944,TMaze,2026-08-04 14:59:15,36965,1101,35864,0,0.066522,960.073268,0,0.069338,/media/toor/SeagateClean/Mouse944/timestamps2026-08-04T14_59_15.csv
Mouse945,TMaze,2026-08-04 15:31:59,39183,6676,32507,1,11.188045,971.236301,1,11.188045,/media/toor/Seagate3/Mouse945 - Round2/RAW_DATA/TMaze/2026-08-04T15_31_59/timestamps2026-08-04T15_31_59.csv
Mouse945,Linear,2026-08-04 15:59:53,29790,1957,27833,0,0.066713,960.06194,0,0.066713,/media/toor/SeagateClean/Mouse945 - Round2/timestamps2026-08-04T15_59_53.csv
Mouse847,Linear,2025-12-14 18:59:58,8080,8230,-150,0,,0.0,3,1435.607283,/media/toor/SeagateClean/RAW_DATA/Mouse847/timestamps2025-12-14T18_59_58.csv
Mouse847,Linear,2025-12-16 16:54:54,11,7958,-7947,0,,0.0,0,0.042868,/media/toor/SeagateClean/RAW_DATA/Mouse847/timestamps2025-12-16T16_54_54.csv
Mouse943,TMaze,2025-12-10 18:46:51,11,4175,-4164,0,,0.0,0,0.06249,/media/toor/SeagateClean/RAW_DATA/Mouse943/timestamps2025-12-10T18_46_51.csv
Mouse943,TMaze,2025-12-17 17:05:56,14,8604,-8590,0,,0.0,0,0.048871,/media/toor/SeagateClean/RAW_DATA/Mouse943/timestamps2025-12-17T17_05_56.csv
