session,status,start_frame,start_frame_actual,keyframe_offset_frames,n_exact,trimmed_frames,raw_frames,arithmetic_check,corroboration,n_candidates,raw_path
/media/toor/Seagate2/Mouse163/Round1.5/Linear/2024-06-10T15_21_18,measured,8883,8856.0,27.0,1.0,22507.0,38732.0,n/a (full-length clip),ok,2.0,/media/toor/SeagatePortableDrive/AgingMiceNWB/sub-Mouse163/Round1.5/Linear/ses-20240610T152118/miniscope2024-06-10T15_21_18.avi
/media/toor/Seagate2/Mouse163/Round1.5/Linear/2024-06-11T13_39_40,no_exact_match,5000,,,,,,,,,
/media/toor/Seagate2/Mouse163/Round1.5/Linear/2024-06-12T16_17_53,no_exact_match,5000,,,,,,,,,
/media/toor/Seagate2/Mouse163/Round1.5/Linear/2024-06-13T17_07_55,no_exact_match,5000,,,,,,,,,
/media/toor/Seagate2/Mouse163/Round1.5/Linear/2024-06-14T16_50_32,no_exact_match,5000,,,,,,,,,
/media/toor/Seagate2/Mouse163/Round1.5/Linear/2024-06-15T17_23_28,no_exact_match,5000,,,,,,,,,
/media/toor/Seagate2/Mouse163/Round1.5/Linear/2024-06-16T09_21_16,no_exact_match,5027,,,,,,,,,
/media/toor/Seagate2/Mouse163/Round1.5/Linear/2024-06-17T16_53_10,no_exact_match,5051,,,,,,,,,
/media/toor/Seagate2/Mouse163/Round1.5/Linear/2024-06-18T13_51_09,no_exact_match,5000,,,,,,,,,
/media/toor/Seagate2/Mouse163/Round1.5/Linear/2024-06-19T09_50_05,no_exact_match,5000,,,,,,,,,
/media/toor/Seagate2/Mouse163/Round1.5/Linear/2024-06-20T15_05_28,no_exact_match,5440,,,,,,,,,
/media/toor/Seagate2/Mouse163/Round1.5/Linear/2024-06-21T12_22_32,measured,9108,9108.0,0.0,1.0,22500.0,41431.0,n/a (full-length clip),ok,2.0,/media/toor/SeagatePortableDrive/AgingMiceNWB/sub-Mouse163/Round1.5/Linear/ses-20240621T122232/miniscope2024-06-21T12_22_32.avi
/media/toor/Seagate2/Mouse163/Round1.5/Linear/2024-06-22T16_18_13,no_exact_match,5061,,,,,,,,,
/media/toor/Seagate2/Mouse163/Round1.5/Linear/2024-06-23T11_33_59,no_exact_match,5092,,,,,,,,,
/media/toor/Seagate2/Mouse163/Round1.5/Linear/2024-06-24T13_22_44,no_exact_match,5000,,,,,,,,,
/media/toor/Seagate2/Mouse163/Round1.5/Linear/2024-06-25T16_28_40,no_exact_match,5145,,,,,,,,,
/media/toor/Seagate2/Mouse163/Round1.5/Linear/2024-06-26T16_20_39,no_exact_match,5270,,,,,,,,,
/media/toor/Seagate2/Mouse163/Round1.5/Linear/2024-06-27T15_04_01,no_exact_match,5000,,,,,,,,,
/media/toor/Seagate2/Mouse163/Round1.5/Linear/2024-06-28T15_49_56,measured,9641,9636.0,5.0,1.0,22505.0,35427.0,n/a (full-length clip),ok,2.0,/media/toor/SeagatePortableDrive/AgingMiceNWB/sub-Mouse163/Round1.5/Linear/ses-20240628T154956/miniscope2024-06-28T15_49_56.avi
/media/toor/Seagate2/Mouse163/Round1.5/Linear/2024-06-29T17_56_53,measured,9480,9456.0,24.0,1.0,19758.0,29214.0,CONFIRMS (truncated clip),ok,3.0,/media/toor/SeagateClean/Mouse1636/RAW_DATA/2024-06-29T17_56_53/miniscope2024-06-29T17_56_53.avi
/media/toor/Seagate2/Mouse163/Round1.5/Linear/2024-06-29T18_42_20,measured,8948,8940.0,8.0,1.0,22506.0,33899.0,n/a (full-length clip),ok,2.0,/media/toor/SeagatePortableDrive/AgingMiceNWB/sub-Mouse163/Round1.5/Linear/ses-20240629T184220/miniscope2024-06-29T18_42_20.avi
/media/toor/Seagate2/Mouse163/Round1.5/TMaze/2024-06-10T14_53_44,measured,9342,9336.0,6.0,1.0,6687.0,16023.0,CONFIRMS (truncated clip),ok,3.0,/media/toor/Seagate2/Mouse163/Round1.5/TMaze_untrimmed/ses-20240610T145344/miniscope2024-06-10T14_53_44.avi
/media/toor/Seagate2/Mouse163/Round1.5/TMaze/2024-06-10T15_06_00,measured,5000,4992.0,8.0,1.0,13084.0,18076.0,CONFIRMS (truncated clip),ok,3.0,/media/toor/Seagate2/Mouse163/Round1.5/TMaze_untrimmed/ses-20240610T150600/miniscope2024-06-10T15_06_00.avi
/media/toor/Seagate2/Mouse163/Round1.5/TMaze/2024-06-11T13_08_57,measured,8938,8928.0,10.0,1.0,24010.0,42771.0,n/a (full-length clip),ok,3.0,/media/toor/Seagate2/Mouse163/Round1.5/TMaze_untrimmed/ses-20240611T130857/miniscope2024-06-11T13_08_57.avi
/media/toor/Seagate2/Mouse163/Round1.5/TMaze/2024-06-12T15_47_58,measured,9646,9636.0,10.0,1.0,24010.0,42837.0,n/a (full-length clip),ok,3.0,/media/toor/Seagate2/Mouse163/Round1.5/TMaze_untrimmed/ses-20240612T154758/miniscope2024-06-12T15_47_58.avi
/media/toor/Seagate2/Mouse163/Round1.5/TMaze/2024-06-13T16_38_13,measured,9366,9360.0,6.0,1.0,24006.0,42019.0,n/a (full-length clip),ok,3.0,/media/toor/Seagate2/Mouse163/Round1.5/TMaze_untrimmed/ses-20240613T163813/miniscope2024-06-13T16_38_13.avi
/media/toor/Seagate2/Mouse163/Round1.5/TMaze/2024-06-14T16_20_17,measured,9073,9072.0,1.0,1.0,24001.0,42010.0,n/a (full-length clip),ok,3.0,/media/toor/Seagate2/Mouse163/Round1.5/TMaze_untrimmed/ses-20240614T162017/miniscope2024-06-14T16_20_17.avi
/media/toor/Seagate2/Mouse163/Round1.5/TMaze/2024-06-15T16_53_38,measured,8847,8844.0,3.0,1.0,24003.0,41794.0,n/a (full-length clip),ok,3.0,/media/toor/Seagate2/Mouse163/Round1.5/TMaze_untrimmed/ses-20240615T165338/miniscope2024-06-15T16_53_38.avi
/media/toor/Seagate2/Mouse163/Round1.5/TMaze/2024-06-16T08_53_08,measured,8286,8280.0,6.0,1.0,24006.0,39837.0,n/a (full-length clip),ok,3.0,/media/toor/Seagate2/Mouse163/Round1.5/TMaze_untrimmed/ses-20240616T085308/miniscope2024-06-16T08_53_08.avi
/media/toor/Seagate2/Mouse163/Round1.5/TMaze/2024-06-17T16_23_35,measured,8744,8736.0,8.0,1.0,24008.0,41220.0,n/a (full-length clip),ok,3.0,/media/toor/Seagate2/Mouse163/Round1.5/TMaze_untrimmed/ses-20240617T162335/miniscope2024-06-17T16_23_35.avi
/media/toor/Seagate2/Mouse163/Round1.5/TMaze/2024-06-18T13_21_30,measured,8994,8988.0,6.0,1.0,24006.0,42108.0,n/a (full-length clip),ok,3.0,/media/toor/Seagate2/Mouse163/Round1.5/TMaze_untrimmed/ses-20240618T132130/miniscope2024-06-18T13_21_30.avi
/media/toor/Seagate2/Mouse163/Round1.5/TMaze/2024-06-19T09_20_02,measured,8576,8568.0,8.0,1.0,24008.0,42910.0,n/a (full-length clip),ok,3.0,/media/toor/Seagate2/Mouse163/Round1.5/TMaze_untrimmed/ses-20240619T092002/miniscope2024-06-19T09_20_02.avi
/media/toor/Seagate2/Mouse163/Round1.5/TMaze/2024-06-20T14_29_27,measured,8428,8424.0,4.0,1.0,24004.0,46892.0,n/a (full-length clip),ok,3.0,/media/toor/Seagate2/Mouse163/Round1.5/TMaze_untrimmed/ses-20240620T142927/miniscope2024-06-20T14_29_27.avi
/media/toor/Seagate2/Mouse163/Round1.5/TMaze/2024-06-21T12_51_59,measured,5000,4992.0,8.0,1.0,24008.0,33959.0,n/a (full-length clip),ok,3.0,/media/toor/Seagate2/Mouse163/Round1.5/TMaze_untrimmed/ses-20240621T125159/miniscope2024-06-21T12_51_59.avi
/media/toor/Seagate2/Mouse163/Round1.5/TMaze/2024-06-22T15_49_19,measured,9010,9000.0,10.0,1.0,24010.0,40400.0,n/a (full-length clip),ok,3.0,/media/toor/Seagate2/Mouse163/Round1.5/TMaze_untrimmed/ses-20240622T154919/miniscope2024-06-22T15_49_19.avi
/media/toor/Seagate2/Mouse163/Round1.5/TMaze/2024-06-23T11_04_34,measured,9211,9204.0,7.0,1.0,24007.0,41524.0,n/a (full-length clip),ok,3.0,/media/toor/Seagate2/Mouse163/Round1.5/TMaze_untrimmed/ses-20240623T110434/miniscope2024-06-23T11_04_34.avi
/media/toor/Seagate2/Mouse163/Round1/Linear/2024-05-21T15_55_45,no_exact_match,5087,,,,,,,,,
/media/toor/Seagate2/Mouse163/Round1/Linear/2024-05-22T17_12_36,measured,9245,9240.0,5.0,1.0,22505.0,40391.0,n/a (full-length clip),ok,2.0,/media/toor/SeagatePortableDrive/AgingMiceNWB/sub-Mouse163/Round1/Linear/ses-20240522T171236/miniscope2024-05-22T17_12_36.avi
/media/toor/Seagate2/Mouse163/Round1/Linear/2024-05-23T18_44_49,measured,8613,8604.0,9.0,1.0,22509.0,63333.0,n/a (full-length clip),ok,1.0,/media/toor/SeagatePortableDrive/AGING_MICE/Mouse163/FirstRound/miniscope2024-05-23T18_44_49.avi
/media/toor/Seagate2/Mouse163/Round1/Linear/2024-05-24T18_09_48,measured,12585,12576.0,9.0,1.0,22508.0,44196.0,n/a (full-length clip),ok,2.0,/media/toor/SeagatePortableDrive/AgingMiceNWB/sub-Mouse163/Round1/Linear/ses-20240524T180948/miniscope2024-05-24T18_09_48.avi
/media/toor/Seagate2/Mouse163/Round1/Linear/2024-05-25T17_10_02,measured,11022,11016.0,6.0,1.0,22506.0,52790.0,n/a (full-length clip),ok,2.0,/media/toor/SeagatePortableDrive/AgingMiceNWB/sub-Mouse163/Round1/Linear/ses-20240525T171002/miniscope2024-05-25T17_10_02.avi
/media/toor/Seagate2/Mouse163/Round1/Linear/2024-05-26T14_08_18,measured,8696,8664.0,32.0,1.0,22507.0,42017.0,n/a (full-length clip),ok,2.0,/media/toor/SeagatePortableDrive/AgingMiceNWB/sub-Mouse163/Round1/Linear/ses-20240526T140818/miniscope2024-05-26T14_08_18.avi
/media/toor/Seagate2/Mouse163/Round1/Linear/2024-05-27T15_10_56,measured,9494,9480.0,14.0,1.0,22511.0,45124.0,n/a (full-length clip),ok,2.0,/media/toor/SeagatePortableDrive/AgingMiceNWB/sub-Mouse163/Round1/Linear/ses-20240527T151056/miniscope2024-05-27T15_10_56.avi
/media/toor/Seagate2/Mouse163/Round1/Linear/2024-05-28T12_02_30,measured,9541,9536.0,5.0,1.0,22505.0,45992.0,n/a (full-length clip),ok,2.0,/media/toor/SeagatePortableDrive/AgingMiceNWB/sub-Mouse163/Round1/Linear/ses-20240528T120230/miniscope2024-05-28T12_02_30.avi
/media/toor/Seagate2/Mouse163/Round1/Linear/2024-05-29T18_43_41,measured,11101,11100.0,1.0,1.0,22504.0,44756.0,n/a (full-length clip),ok,2.0,/media/toor/SeagatePortableDrive/AgingMiceNWB/sub-Mouse163/Round1/Linear/ses-20240529T184341/miniscope2024-05-29T18_43_41.avi
/media/toor/Seagate2/Mouse163/Round1/Linear/2024-05-30T13_32_54,measured,9040,9036.0,4.0,1.0,22500.0,45328.0,n/a (full-length clip),ok,2.0,/media/toor/SeagatePortableDrive/AgingMiceNWB/sub-Mouse163/Round1/Linear/ses-20240530T133254/miniscope2024-05-30T13_32_54.avi
/media/toor/Seagate2/Mouse163/Round1/Linear/2024-05-31T12_33_02,measured,9432,9432.0,0.0,1.0,22500.0,44231.0,n/a (full-length clip),ok,2.0,/media/toor/SeagatePortableDrive/AgingMiceNWB/sub-Mouse163/Round1/Linear/ses-20240531T123302/miniscope2024-05-31T12_33_02.avi
/media/toor/Seagate2/Mouse163/Round1/Linear/2024-06-01T15_55_36,measured,9126,9120.0,6.0,1.0,22504.0,42691.0,n/a (full-length clip),ok,2.0,/media/toor/SeagatePortableDrive/AgingMiceNWB/sub-Mouse163/Round1/Linear/ses-20240601T155536/miniscope2024-06-01T15_55_36.avi
/media/toor/Seagate2/Mouse163/Round1/Linear/2024-06-02T15_10_17,measured,8515,8508.0,7.0,1.0,22510.0,46109.0,n/a (full-length clip),ok,2.0,/media/toor/SeagatePortableDrive/AgingMiceNWB/sub-Mouse163/Round1/Linear/ses-20240602T151017/miniscope2024-06-02T15_10_17.avi
/media/toor/Seagate2/Mouse163/Round1/Linear/2024-06-03T12_26_40,measured,9219,9216.0,3.0,1.0,22502.0,49554.0,n/a (full-length clip),ok,2.0,/media/toor/SeagatePortableDrive/AgingMiceNWB/sub-Mouse163/Round1/Linear/ses-20240603T122640/miniscope2024-06-03T12_26_40.avi
/media/toor/Seagate2/Mouse163/Round1/Linear/2024-06-04T10_03_04,measured,10066,10056.0,10.0,1.0,22510.0,47161.0,n/a (full-length clip),ok,2.0,/media/toor/SeagatePortableDrive/AgingMiceNWB/sub-Mouse163/Round1/Linear/ses-20240604T100304/miniscope2024-06-04T10_03_04.avi
/media/toor/Seagate2/Mouse163/Round1/Linear/2024-06-05T10_16_00,no_exact_match,5000,,,,,,,,,
/media/toor/Seagate2/Mouse163/Round1/Linear/2024-06-06T14_05_01,measured,10500,10500.0,0.0,1.0,22500.0,42372.0,n/a (full-length clip),ok,2.0,/media/toor/SeagatePortableDrive/AgingMiceNWB/sub-Mouse163/Round1/Linear/ses-20240606T140501/miniscope2024-06-06T14_05_01.avi
/media/toor/Seagate2/Mouse163/Round1/Linear/2024-06-07T12_22_25,no_exact_match,12062,,,,,,,,,
/media/toor/Seagate2/Mouse163/Round1/Linear/2024-06-08T16_54_20,measured,8508,8496.0,12.0,1.0,22511.0,40276.0,n/a (full-length clip),ok,2.0,/media/toor/SeagatePortableDrive/AgingMiceNWB/sub-Mouse163/Round1/Linear/ses-20240608T165420/miniscope2024-06-08T16_54_20.avi
/media/toor/Seagate2/Mouse163/Round1/Linear/2024-06-09T13_50_40,measured,8587,8580.0,7.0,1.0,22506.0,43069.0,n/a (full-length clip),ok,2.0,/media/toor/SeagatePortableDrive/AgingMiceNWB/sub-Mouse163/Round1/Linear/ses-20240609T135040/miniscope2024-06-09T13_50_40.avi
/media/toor/Seagate2/Mouse1639/Round1.5/2024-06-10T14_19_09 - LINEAR UNUSABLE NO MINISCOPE,match_at_window_edge,8617,,,,,,,ok,3.0,
/media/toor/Seagate2/Mouse1639/Round1.5/2024-06-11T12_38_18 - LINEAR UNUSABLE - NO MINISCOPE,match_at_window_edge,8611,,,,,,,ok,3.0,
/media/toor/Seagate2/Mouse1639/Round1.5/Linear/2024-06-13T13_52_41,measured,5000,4992.0,8.0,1.0,24008.0,31845.0,n/a (full-length clip),ok,3.0,/media/toor/Seagate2/Mouse1639/Round1.5/Linear_untrimmed/2024-06-13T13_52_41/miniscope2024-06-13T13_52_41.avi
/media/toor/Seagate2/Mouse1639/Round1.5/Linear/2024-06-14T18_45_28,measured,5000,4992.0,8.0,1.0,24008.0,33824.0,n/a (full-length clip),ok,3.0,/media/toor/Seagate2/Mouse1639/Round1.5/Linear_untrimmed/2024-06-14T18_45_28/miniscope2024-06-14T18_45_28.avi
/media/toor/Seagate2/Mouse1639/Round1.5/Linear/2024-06-15T16_27_44,measured,5000,4992.0,8.0,1.0,24008.0,32309.0,n/a (full-length clip),ok,3.0,/media/toor/Seagate2/Mouse1639/Round1.5/Linear_untrimmed/2024-06-15T16_27_44/miniscope2024-06-15T16_27_44.avi
/media/toor/Seagate2/Mouse1639/Round1.5/Linear/2024-06-16T11_12_23,measured,5000,4992.0,8.0,1.0,24008.0,32911.0,n/a (full-length clip),ok,3.0,/media/toor/Seagate2/Mouse1639/Round1.5/Linear_untrimmed/2024-06-16T11_12_23/miniscope2024-06-16T11_12_23.avi
/media/toor/Seagate2/Mouse1639/Round1.5/Linear/2024-06-17T12_28_56,measured,5000,4992.0,8.0,1.0,24008.0,32603.0,n/a (full-length clip),ok,3.0,/media/toor/Seagate2/Mouse1639/Round1.5/Linear_untrimmed/2024-06-17T12_28_56/miniscope2024-06-17T12_28_56.avi
/media/toor/Seagate2/Mouse1639/Round1.5/Linear/2024-06-18T15_06_31,measured,5000,4992.0,8.0,1.0,24008.0,32588.0,n/a (full-length clip),ok,3.0,/media/toor/Seagate2/Mouse1639/Round1.5/Linear_untrimmed/2024-06-18T15_06_31/miniscope2024-06-18T15_06_31.avi
/media/toor/Seagate2/Mouse1639/Round1.5/Linear/2024-06-19T12_12_26,measured,5000,4992.0,8.0,1.0,24008.0,33521.0,n/a (full-length clip),ok,3.0,/media/toor/Seagate2/Mouse1639/Round1.5/Linear_untrimmed/2024-06-19T12_12_26/miniscope2024-06-19T12_12_26.avi
/media/toor/Seagate2/Mouse1639/Round1.5/Linear/2024-06-20T15_59_49,measured,11890,11880.0,10.0,1.0,23749.0,35629.0,CONFIRMS (truncated clip),ok,3.0,/media/toor/Seagate2/Mouse1639/Round1.5/Linear_untrimmed/2024-06-20T15_59_49/miniscope2024-06-20T15_59_49.avi
/media/toor/Seagate2/Mouse1639/Round1.5/Linear/2024-06-21T14_58_49,measured,5000,4992.0,8.0,1.0,20343.0,25335.0,CONFIRMS (truncated clip),ok,3.0,/media/toor/Seagate2/Mouse1639/Round1.5/Linear_untrimmed/2024-06-21T14_58_49/miniscope2024-06-21T14_58_49.avi
/media/toor/Seagate2/Mouse1639/Round1.5/Linear/2024-06-22T15_01_27,measured,9015,9011.0,4.0,1.0,19139.0,28150.0,CONFIRMS (truncated clip),ok,3.0,/media/toor/Seagate2/Mouse1639/Round1.5/Linear_untrimmed/2024-06-22T15_01_27/miniscope2024-06-22T15_01_27.avi
/media/toor/Seagate2/Mouse1639/Round1.5/Linear/2024-06-23T10_06_28,measured,9154,9144.0,10.0,1.0,24010.0,43202.0,n/a (full-length clip),ok,3.0,/media/toor/Seagate2/Mouse1639/Round1.5/Linear_untrimmed/2024-06-23T10_06_28/miniscope2024-06-23T10_06_28.avi
/media/toor/Seagate2/Mouse1639/Round1.5/Linear/2024-06-24T14_44_30,measured,5000,4992.0,8.0,1.0,24008.0,32787.0,n/a (full-length clip),ok,3.0,/media/toor/Seagate2/Mouse1639/Round1.5/Linear_untrimmed/2024-06-24T14_44_30/miniscope2024-06-24T14_44_30.avi
/media/toor/Seagate2/Mouse1639/Round1.5/Linear/2024-06-25T16_54_55,measured,8671,8664.0,7.0,1.0,17601.0,26265.0,CONFIRMS (truncated clip),ok,3.0,/media/toor/Seagate2/Mouse1639/Round1.5/Linear_untrimmed/2024-06-25T16_54_55/miniscope2024-06-25T16_54_55.avi
/media/toor/Seagate2/Mouse1639/Round1.5/Linear/2024-06-26T15_06_41,measured,9167,9156.0,11.0,1.0,16727.0,25883.0,CONFIRMS (truncated clip),ok,3.0,/media/toor/Seagate2/Mouse1639/Round1.5/Linear_untrimmed/2024-06-26T15_06_41/miniscope2024-06-26T15_06_41.avi
/media/toor/Seagate2/Mouse1639/Round1.5/Linear/2024-06-27T15_28_46,measured,8959,8952.0,7.0,1.0,18505.0,27457.0,CONFIRMS (truncated clip),ok,3.0,/media/toor/Seagate2/Mouse1639/Round1.5/Linear_untrimmed/2024-06-27T15_28_46/miniscope2024-06-27T15_28_46.avi
/media/toor/Seagate2/Mouse1639/Round1.5/Linear/2024-06-28T15_31_33,measured,5000,4992.0,8.0,1.0,17546.0,22538.0,CONFIRMS (truncated clip),ok,3.0,/media/toor/Seagate2/Mouse1639/Round1.5/Linear_untrimmed/2024-06-28T15_31_33/miniscope2024-06-28T15_31_33.avi
/media/toor/Seagate2/Mouse1639/Round1.5/Linear/2024-06-29T19_31_37,measured,8670,8664.0,6.0,1.0,17924.0,26588.0,CONFIRMS (truncated clip),ok,3.0,/media/toor/Seagate2/Mouse1639/Round1.5/Linear_untrimmed/2024-06-29T19_31_37/miniscope2024-06-29T19_31_37.avi
/media/toor/Seagate2/Mouse1639/Round1.5/TMaze/2024-06-13T13_22_52,measured,9404,9396.0,8.0,1.0,24008.0,42218.0,n/a (full-length clip),ok,4.0,/media/toor/Seagate2/Mouse1639/Round1.5/Linear_untrimmed/2024-06-13T13_22_52/miniscope2024-06-13T13_22_52.avi
/media/toor/Seagate2/Mouse1639/Round1.5/TMaze/2024-06-14T18_15_58,measured,9186,9180.0,6.0,1.0,24006.0,41450.0,n/a (full-length clip),ok,4.0,/media/toor/Seagate2/Mouse1639/Round1.5/Linear_untrimmed/2024-06-14T18_15_58/miniscope2024-06-14T18_15_58.avi
/media/toor/Seagate2/Mouse1639/Round1.5/TMaze/2024-06-15T15_57_38,measured,8467,8460.0,7.0,1.0,24007.0,42885.0,n/a (full-length clip),ok,3.0,/media/toor/Seagate2/Mouse1639/Round1.5/TMaze_untrimmed/2024-06-15T15_57_38/miniscope2024-06-15T15_57_38.avi
/media/toor/Seagate2/Mouse1639/Round1.5/TMaze/2024-06-16T10_41_55,measured,8808,8808.0,0.0,1.0,24000.0,42768.0,n/a (full-length clip),ok,3.0,/media/toor/Seagate2/Mouse1639/Round1.5/TMaze_untrimmed/2024-06-16T10_41_55/miniscope2024-06-16T10_41_55.avi
/media/toor/Seagate2/Mouse1639/Round1.5/TMaze/2024-06-17T12_00_15,measured,8455,8449.0,6.0,1.0,24006.0,40432.0,n/a (full-length clip),ok,3.0,/media/toor/Seagate2/Mouse1639/Round1.5/TMaze_untrimmed/2024-06-17T12_00_15/miniscope2024-06-17T12_00_15.avi
/media/toor/Seagate2/Mouse1639/Round1.5/TMaze/2024-06-18T14_39_25,measured,654,648.0,6.0,1.0,24006.0,32308.0,n/a (full-length clip),ok,3.0,/media/toor/Seagate2/Mouse1639/Round1.5/TMaze_untrimmed/2024-06-18T14_39_25/miniscope2024-06-18T14_39_25.avi
/media/toor/Seagate2/Mouse1639/Round1.5/TMaze/2024-06-19T11_41_30,measured,8921,8916.0,5.0,1.0,24005.0,43786.0,n/a (full-length clip),ok,3.0,/media/toor/Seagate2/Mouse1639/Round1.5/TMaze_untrimmed/2024-06-19T11_41_30/miniscope2024-06-19T11_41_30.avi
/media/toor/Seagate2/Mouse1639/Round1.5/TMaze/2024-06-20T16_25_17,measured,719,708.0,11.0,1.0,24011.0,25660.0,n/a (full-length clip),ok,3.0,/media/toor/Seagate2/Mouse1639/Round1.5/TMaze_untrimmed/2024-06-20T16_25_17/miniscope2024-06-20T16_25_17.avi
/media/toor/Seagate2/Mouse1639/Round1.5/TMaze/2024-06-21T14_34_25,measured,7966,7956.0,10.0,1.0,24010.0,34041.0,n/a (full-length clip),ok,3.0,/media/toor/Seagate2/Mouse1639/Round1.5/TMaze_untrimmed/2024-06-21T14_34_25/miniscope2024-06-21T14_34_25.avi
/media/toor/Seagate2/Mouse1639/Round1.5/TMaze/2024-06-22T15_22_15,measured,627,624.0,3.0,1.0,24003.0,32408.0,n/a (full-length clip),ok,3.0,/media/toor/Seagate2/Mouse1639/Round1.5/TMaze_untrimmed/2024-06-22T15_22_15/miniscope2024-06-22T15_22_15.avi
/media/toor/Seagate2/Mouse1639/Round1.5/TMaze/2024-06-23T10_36_54,measured,2594,2592.0,2.0,1.0,24002.0,36480.0,n/a (full-length clip),ok,3.0,/media/toor/Seagate2/Mouse1639/Round1.5/TMaze_untrimmed/2024-06-23T10_36_54/miniscope2024-06-23T10_36_54.avi
/media/toor/Seagate2/Mouse1639/Round1.5/TMaze/2024-06-24T14_15_20,measured,9765,9756.0,9.0,1.0,24009.0,41419.0,n/a (full-length clip),ok,3.0,/media/toor/Seagate2/Mouse1639/Round1.5/TMaze_untrimmed/2024-06-24T14_15_20/miniscope2024-06-24T14_15_20.avi
/media/toor/Seagate2/Mouse1639/Round1.5/TMaze/2024-06-25T17_14_17,measured,409,408.0,1.0,1.0,24001.0,31427.0,n/a (full-length clip),ok,3.0,/media/toor/Seagate2/Mouse1639/Round1.5/TMaze_untrimmed/2024-06-25T17_14_17/miniscope2024-06-25T17_14_17.avi
/media/toor/Seagate2/Mouse1639/Round1.5/TMaze/2024-06-26T15_26_18,measured,770,768.0,2.0,1.0,24002.0,31998.0,n/a (full-length clip),ok,3.0,/media/toor/Seagate2/Mouse1639/Round1.5/TMaze_untrimmed/2024-06-26T15_26_18/miniscope2024-06-26T15_26_18.avi
/media/toor/Seagate2/Mouse1639/Round1.5/TMaze/2024-06-27T15_49_12,measured,517,516.0,1.0,1.0,24001.0,32878.0,n/a (full-length clip),ok,3.0,/media/toor/Seagate2/Mouse1639/Round1.5/TMaze_untrimmed/2024-06-27T15_49_12/miniscope2024-06-27T15_49_12.avi
/media/toor/Seagate2/Mouse1639/Round1.5/TMaze/2024-06-28T15_07_15,measured,9894,9888.0,6.0,1.0,23216.0,33104.0,CONFIRMS (truncated clip),ok,3.0,/media/toor/Seagate2/Mouse1639/Round1.5/TMaze_untrimmed/2024-06-28T15_07_15/miniscope2024-06-28T15_07_15.avi
/media/toor/Seagate2/Mouse1639/Round1.5/TMaze/2024-06-29T19_50_39,measured,661,660.0,1.0,1.0,18775.0,19435.0,CONFIRMS (truncated clip),ok,3.0,/media/toor/Seagate2/Mouse1639/Round1.5/TMaze_untrimmed/2024-06-29T19_50_39/miniscope2024-06-29T19_50_39.avi
/media/toor/Seagate2/Mouse1639/Round1.5/TMaze_TRIMMED_WRONG/2024-06-15T15_57_38,measured,8467,8460.0,7.0,1.0,22507.0,42885.0,n/a (full-length clip),ok,3.0,/media/toor/Seagate2/Mouse1639/Round1.5/TMaze_untrimmed/2024-06-15T15_57_38/miniscope2024-06-15T15_57_38.avi
/media/toor/Seagate2/Mouse1639/Round1.5/TMaze_TRIMMED_WRONG/2024-06-16T10_41_55,measured,8808,8808.0,0.0,1.0,22500.0,42768.0,n/a (full-length clip),ok,3.0,/media/toor/Seagate2/Mouse1639/Round1.5/TMaze_untrimmed/2024-06-16T10_41_55/miniscope2024-06-16T10_41_55.avi
/media/toor/Seagate2/Mouse1639/Round1.5/TMaze_TRIMMED_WRONG/2024-06-17T12_00_15,measured,8455,8449.0,6.0,1.0,22506.0,40432.0,n/a (full-length clip),ok,3.0,/media/toor/Seagate2/Mouse1639/Round1.5/TMaze_untrimmed/2024-06-17T12_00_15/miniscope2024-06-17T12_00_15.avi
/media/toor/Seagate2/Mouse1639/Round1.5/TMaze_TRIMMED_WRONG/2024-06-18T14_39_25,measured,5000,4992.0,8.0,1.0,22508.0,32308.0,n/a (full-length clip),ok,3.0,/media/toor/Seagate2/Mouse1639/Round1.5/TMaze_untrimmed/2024-06-18T14_39_25/miniscope2024-06-18T14_39_25.avi
/media/toor/Seagate2/Mouse1639/Round1.5/TMaze_TRIMMED_WRONG/2024-06-19T11_41_30,measured,8921,8916.0,5.0,1.0,22505.0,43786.0,n/a (full-length clip),ok,3.0,/media/toor/Seagate2/Mouse1639/Round1.5/TMaze_untrimmed/2024-06-19T11_41_30/miniscope2024-06-19T11_41_30.avi
/media/toor/Seagate2/Mouse1639/Round1.5/TMaze_TRIMMED_WRONG/2024-06-20T16_25_17,measured,5000,4992.0,8.0,1.0,20668.0,25660.0,CONFIRMS (truncated clip),ok,3.0,/media/toor/Seagate2/Mouse1639/Round1.5/TMaze_untrimmed/2024-06-20T16_25_17/miniscope2024-06-20T16_25_17.avi
/media/toor/Seagate2/Mouse1639/Round1.5/TMaze_TRIMMED_WRONG/2024-06-21T14_34_25,measured,7966,7956.0,10.0,1.0,22510.0,34041.0,n/a (full-length clip),ok,3.0,/media/toor/Seagate2/Mouse1639/Round1.5/TMaze_untrimmed/2024-06-21T14_34_25/miniscope2024-06-21T14_34_25.avi
/media/toor/Seagate2/Mouse1639/Round1.5/TMaze_TRIMMED_WRONG/2024-06-22T15_22_15,measured,5000,4992.0,8.0,1.0,22508.0,32408.0,n/a (full-length clip),ok,3.0,/media/toor/Seagate2/Mouse1639/Round1.5/TMaze_untrimmed/2024-06-22T15_22_15/miniscope2024-06-22T15_22_15.avi
/media/toor/Seagate2/Mouse1639/Round1.5/TMaze_TRIMMED_WRONG/2024-06-23T10_36_54,measured,5000,4992.0,8.0,1.0,22508.0,36480.0,n/a (full-length clip),ok,3.0,/media/toor/Seagate2/Mouse1639/Round1.5/TMaze_untrimmed/2024-06-23T10_36_54/miniscope2024-06-23T10_36_54.avi
/media/toor/Seagate2/Mouse1639/Round1.5/TMaze_TRIMMED_WRONG/2024-06-24T14_15_20,measured,9765,9756.0,9.0,1.0,22509.0,41419.0,n/a (full-length clip),ok,3.0,/media/toor/Seagate2/Mouse1639/Round1.5/TMaze_untrimmed/2024-06-24T14_15_20/miniscope2024-06-24T14_15_20.avi
/media/toor/Seagate2/Mouse1639/Round1.5/TMaze_TRIMMED_WRONG/2024-06-25T17_14_17,measured,5000,4992.0,8.0,1.0,22508.0,31427.0,n/a (full-length clip),ok,3.0,/media/toor/Seagate2/Mouse1639/Round1.5/TMaze_untrimmed/2024-06-25T17_14_17/miniscope2024-06-25T17_14_17.avi
/media/toor/Seagate2/Mouse1639/Round1.5/TMaze_TRIMMED_WRONG/2024-06-26T15_26_18,measured,5000,4992.0,8.0,1.0,22508.0,31998.0,n/a (full-length clip),ok,3.0,/media/toor/Seagate2/Mouse1639/Round1.5/TMaze_untrimmed/2024-06-26T15_26_18/miniscope2024-06-26T15_26_18.avi
/media/toor/Seagate2/Mouse1639/Round1.5/TMaze_TRIMMED_WRONG/2024-06-27T15_49_12,measured,5000,4992.0,8.0,1.0,22508.0,32878.0,n/a (full-length clip),ok,3.0,/media/toor/Seagate2/Mouse1639/Round1.5/TMaze_untrimmed/2024-06-27T15_49_12/miniscope2024-06-27T15_49_12.avi
/media/toor/Seagate2/Mouse1639/Round1.5/TMaze_TRIMMED_WRONG/2024-06-28T15_07_15,measured,9894,9888.0,6.0,1.0,22506.0,33104.0,n/a (full-length clip),ok,3.0,/media/toor/Seagate2/Mouse1639/Round1.5/TMaze_untrimmed/2024-06-28T15_07_15/miniscope2024-06-28T15_07_15.avi
/media/toor/Seagate2/Mouse1639/Round1.5/TMaze_TRIMMED_WRONG/2024-06-29T19_50_39,measured,5000,4992.0,8.0,1.0,14443.0,19435.0,CONFIRMS (truncated clip),ok,3.0,/media/toor/Seagate2/Mouse1639/Round1.5/TMaze_untrimmed/2024-06-29T19_50_39/miniscope2024-06-29T19_50_39.avi
/media/toor/Seagate2/Mouse1639/Round1.5/TMaze_trim3/2024-06-15T15_57_38,measured,8467,8460.0,7.0,1.0,24007.0,42885.0,n/a (full-length clip),ok,3.0,/media/toor/Seagate2/Mouse1639/Round1.5/TMaze_untrimmed/2024-06-15T15_57_38/miniscope2024-06-15T15_57_38.avi
/media/toor/Seagate2/Mouse1639/Round1.5/TMaze_trim3/2024-06-16T10_41_55,measured,8808,8808.0,0.0,1.0,24000.0,42768.0,n/a (full-length clip),ok,3.0,/media/toor/Seagate2/Mouse1639/Round1.5/TMaze_untrimmed/2024-06-16T10_41_55/miniscope2024-06-16T10_41_55.avi
/media/toor/Seagate2/Mouse1639/Round1.5/TMaze_trim3/2024-06-17T12_00_15,measured,8455,8449.0,6.0,1.0,24006.0,40432.0,n/a (full-length clip),ok,3.0,/media/toor/Seagate2/Mouse1639/Round1.5/TMaze_untrimmed/2024-06-17T12_00_15/miniscope2024-06-17T12_00_15.avi
/media/toor/Seagate2/Mouse1639/Round1.5/TMaze_trim3/2024-06-18T14_18_25,measured,9918,9917.0,1.0,1.0,1686.0,11603.0,CONFIRMS (truncated clip),ok,3.0,/media/toor/Seagate2/Mouse1639/Round1.5/TMaze_untrimmed/2024-06-18T14_18_25/miniscope2024-06-18T14_18_25.avi
/media/toor/Seagate2/Mouse1639/Round1.5/TMaze_trim3/2024-06-18T14_39_25,measured,3000,3000.0,0.0,1.0,24000.0,32308.0,n/a (full-length clip),ok,3.0,/media/toor/Seagate2/Mouse1639/Round1.5/TMaze_untrimmed/2024-06-18T14_39_25/miniscope2024-06-18T14_39_25.avi
/media/toor/Seagate2/Mouse1639/Round1.5/TMaze_trim3/2024-06-19T11_37_25,measured,3000,3000.0,0.0,1.0,520.0,3520.0,CONFIRMS (truncated clip),unverifiable,3.0,/media/toor/Seagate2/Mouse1639/Round1.5/TMaze_untrimmed/2024-06-19T11_37_25/miniscope2024-06-19T11_37_25.avi
/media/toor/Seagate2/Mouse1639/Round1.5/TMaze_trim3/2024-06-19T11_41_30,measured,8921,8916.0,5.0,1.0,24005.0,43786.0,n/a (full-length clip),ok,3.0,/media/toor/Seagate2/Mouse1639/Round1.5/TMaze_untrimmed/2024-06-19T11_41_30/miniscope2024-06-19T11_41_30.avi
/media/toor/Seagate2/Mouse1639/Round1.5/TMaze_trim3/2024-06-20T16_25_17,measured,3000,3000.0,0.0,1.0,22660.0,25660.0,CONFIRMS (truncated clip),ok,3.0,/media/toor/Seagate2/Mouse1639/Round1.5/TMaze_untrimmed/2024-06-20T16_25_17/miniscope2024-06-20T16_25_17.avi
/media/toor/Seagate2/Mouse1639/Round1.5/TMaze_trim3/2024-06-21T14_34_25,measured,7966,7956.0,10.0,1.0,24010.0,34041.0,n/a (full-length clip),ok,3.0,/media/toor/Seagate2/Mouse1639/Round1.5/TMaze_untrimmed/2024-06-21T14_34_25/miniscope2024-06-21T14_34_25.avi
/media/toor/Seagate2/Mouse1639/Round1.5/TMaze_trim3/2024-06-22T15_22_15,measured,3000,3000.0,0.0,1.0,24000.0,32408.0,n/a (full-length clip),ok,3.0,/media/toor/Seagate2/Mouse1639/Round1.5/TMaze_untrimmed/2024-06-22T15_22_15/miniscope2024-06-22T15_22_15.avi
/media/toor/Seagate2/Mouse1639/Round1.5/TMaze_trim3/2024-06-23T10_36_54,measured,3000,3000.0,0.0,1.0,24000.0,36480.0,n/a (full-length clip),ok,3.0,/media/toor/Seagate2/Mouse1639/Round1.5/TMaze_untrimmed/2024-06-23T10_36_54/miniscope2024-06-23T10_36_54.avi
/media/toor/Seagate2/Mouse1639/Round1.5/TMaze_trim3/2024-06-24T14_15_20,measured,9765,9756.0,9.0,1.0,24009.0,41419.0,n/a (full-length clip),ok,3.0,/media/toor/Seagate2/Mouse1639/Round1.5/TMaze_untrimmed/2024-06-24T14_15_20/miniscope2024-06-24T14_15_20.avi
/media/toor/Seagate2/Mouse1639/Round1.5/TMaze_trim3/2024-06-25T17_14_17,measured,3000,3000.0,0.0,1.0,24000.0,31427.0,n/a (full-length clip),ok,3.0,/media/toor/Seagate2/Mouse1639/Round1.5/TMaze_untrimmed/2024-06-25T17_14_17/miniscope2024-06-25T17_14_17.avi
/media/toor/Seagate2/Mouse1639/Round1.5/TMaze_trim3/2024-06-26T15_26_18,measured,3000,3000.0,0.0,1.0,24000.0,31998.0,n/a (full-length clip),ok,3.0,/media/toor/Seagate2/Mouse1639/Round1.5/TMaze_untrimmed/2024-06-26T15_26_18/miniscope2024-06-26T15_26_18.avi
/media/toor/Seagate2/Mouse1639/Round1.5/TMaze_trim3/2024-06-27T15_49_12,measured,3000,3000.0,0.0,1.0,24000.0,32878.0,n/a (full-length clip),ok,3.0,/media/toor/Seagate2/Mouse1639/Round1.5/TMaze_untrimmed/2024-06-27T15_49_12/miniscope2024-06-27T15_49_12.avi
/media/toor/Seagate2/Mouse1639/Round1.5/TMaze_trim3/2024-06-29T19_50_39,measured,3000,3000.0,0.0,1.0,16435.0,19435.0,CONFIRMS (truncated clip),ok,3.0,/media/toor/Seagate2/Mouse1639/Round1.5/TMaze_untrimmed/2024-06-29T19_50_39/miniscope2024-06-29T19_50_39.avi
/media/toor/Seagate2/Mouse1639/Round1/2024-06-07T13_58_48 - LINEAR NO MINISCOPE RECORDINGS,measured,6982,6966.0,16.0,1.0,24000.0,42381.0,n/a (full-length clip),ok,3.0,/media/toor/Seagate2/Mouse1639/Round1/Linear_untrimmed/2024-06-07T13_58_48/miniscope2024-06-07T13_58_48.avi
/media/toor/Seagate2/Mouse1639/Round1/2024-06-08T17_23_02 - LINEAR UNUSABLE NO MINISCOPE,match_at_window_edge,7910,,,,,,,ok,2.0,
/media/toor/Seagate2/Mouse1639/Round1/Linear/2024-05-23T17_10_09,measured,5000,4992.0,8.0,1.0,24008.0,34872.0,n/a (full-length clip),ok,2.0,/media/toor/Seagate2/Mouse1639/Round1/Linear_untrimmed/2024-05-23T17_10_09/miniscope2024-05-23T17_10_09.avi
/media/toor/Seagate2/Mouse1639/Round1/Linear/2024-05-24T17_02_07,measured,8807,8796.0,11.0,1.0,24011.0,46309.0,n/a (full-length clip),ok,2.0,/media/toor/Seagate2/Mouse1639/Round1/Linear_untrimmed/2024-05-24T17_02_07/miniscope2024-05-24T17_02_07.avi
/media/toor/Seagate2/Mouse1639/Round1/Linear/2024-05-25T19_15_57,measured,5000,4992.0,8.0,1.0,12001.0,16993.0,CONFIRMS (truncated clip),ok,2.0,/media/toor/Seagate2/Mouse1639/Round1/Linear_untrimmed/2024-05-25T19_15_57/miniscope2024-05-25T19_15_57.avi
/media/toor/Seagate2/Mouse1639/Round1/Linear/2024-05-26T13_33_52,measured,9830,9828.0,2.0,1.0,24002.0,46349.0,n/a (full-length clip),ok,2.0,/media/toor/Seagate2/Mouse1639/Round1/Linear_untrimmed/2024-05-26T13_33_52/miniscope2024-05-26T13_33_52.avi
/media/toor/Seagate2/Mouse1639/Round1/Linear/2024-05-27T14_38_30,measured,9184,9180.0,4.0,1.0,24004.0,44118.0,n/a (full-length clip),ok,3.0,/media/toor/Seagate2/Mouse1639/Round1/Linear_untrimmed/2024-05-27T14_38_30/miniscope2024-05-27T14_38_30.avi
/media/toor/Seagate2/Mouse1639/Round1/Linear/2024-05-28T13_57_12,measured,9250,9240.0,10.0,1.0,24010.0,47401.0,n/a (full-length clip),ok,3.0,/media/toor/Seagate2/Mouse1639/Round1/Linear_untrimmed/2024-05-28T13_57_12/miniscope2024-05-28T13_57_12.avi
/media/toor/Seagate2/Mouse1639/Round1/Linear/2024-05-29T17_24_09,measured,9105,9096.0,9.0,1.0,24009.0,41205.0,n/a (full-length clip),ok,3.0,/media/toor/Seagate2/Mouse1639/Round1/Linear_untrimmed/2024-05-29T17_24_09/miniscope2024-05-29T17_24_09.avi
/media/toor/Seagate2/Mouse1639/Round1/Linear/2024-05-30T14_05_49,measured,10845,10836.0,9.0,1.0,24009.0,47267.0,n/a (full-length clip),ok,3.0,/media/toor/Seagate2/Mouse1639/Round1/Linear_untrimmed/2024-05-30T14_05_49/miniscope2024-05-30T14_05_49.avi
/media/toor/Seagate2/Mouse1639/Round1/Linear/2024-05-31T13_05_57,measured,8868,8868.0,0.0,1.0,24000.0,40469.0,n/a (full-length clip),ok,3.0,/media/toor/Seagate2/Mouse1639/Round1/Linear_untrimmed/2024-05-31T13_05_57/miniscope2024-05-31T13_05_57.avi
/media/toor/Seagate2/Mouse1639/Round1/Linear/2024-06-01T16_27_44,measured,8822,8820.0,2.0,1.0,24002.0,40692.0,n/a (full-length clip),ok,3.0,/media/toor/Seagate2/Mouse1639/Round1/Linear_untrimmed/2024-06-01T16_27_44/miniscope2024-06-01T16_27_44.avi
/media/toor/Seagate2/Mouse1639/Round1/Linear/2024-06-02T14_06_58,measured,9446,9444.0,2.0,1.0,24002.0,41413.0,n/a (full-length clip),ok,3.0,/media/toor/Seagate2/Mouse1639/Round1/Linear_untrimmed/2024-06-02T14_06_58/miniscope2024-06-02T14_06_58.avi
/media/toor/Seagate2/Mouse1639/Round1/Linear/2024-06-03T13_32_48,measured,9067,9060.0,7.0,1.0,24007.0,41844.0,n/a (full-length clip),ok,3.0,/media/toor/Seagate2/Mouse1639/Round1/Linear_untrimmed/2024-06-03T13_32_48/miniscope2024-06-03T13_32_48.avi
/media/toor/Seagate2/Mouse1639/Round1/Linear/2024-06-04T08_50_54,measured,11106,11100.0,6.0,1.0,24006.0,47884.0,n/a (full-length clip),ok,3.0,/media/toor/Seagate2/Mouse1639/Round1/Linear_untrimmed/2024-06-04T08_50_54/miniscope2024-06-04T08_50_54.avi
/media/toor/Seagate2/Mouse1639/Round1/Linear/2024-06-05T10_42_51,measured,10021,10020.0,1.0,1.0,24001.0,39400.0,n/a (full-length clip),ok,2.0,/media/toor/Seagate2/Mouse1639/Round1/Linear_untrimmed/2024-06-05T10_42_51/miniscope2024-06-05T10_42_51.avi
/media/toor/Seagate2/Mouse1639/Round1/Linear/2024-06-06T13_34_19,measured,9113,9108.0,5.0,1.0,24005.0,41278.0,n/a (full-length clip),ok,3.0,/media/toor/Seagate2/Mouse1639/Round1/Linear_untrimmed/2024-06-06T13_34_19/miniscope2024-06-06T13_34_19.avi
/media/toor/Seagate2/Mouse1639/Round1/Linear/2024-06-07T13_58_48,measured,7933,7764.0,169.0,1.0,24001.0,42381.0,n/a (full-length clip),ok,3.0,/media/toor/Seagate2/Mouse1639/Round1/Linear_untrimmed/2024-06-07T13_58_48/miniscope2024-06-07T13_58_48.avi
/media/toor/Seagate2/Mouse1639/Round1/caiman_test_why_it doenswork/2024-05-22T18_43_07,measured,9114,9108.0,6.0,1.0,8846.0,17954.0,CONFIRMS (truncated clip),ok,1.0,/media/toor/SeagatePortableDrive/AGING_MICE/Mouse1639/FirstRound/miniscope2024-05-22T18_43_07.avi
/media/toor/Seagate2/Mouse1639/Round3/2024-10-06T13_17_01 - NO TRIALS,measured,9792,9792.0,0.0,1.0,2902.0,12694.0,CONFIRMS (truncated clip),ok,2.0,/media/toor/Seagate2/Mouse1639/Round3/TMaze_untrimmed/2024-10-06T13_17_01/miniscope2024-10-06T13_17_01.avi
/media/toor/Seagate2/Mouse1639/Round3/2024-10-12T15_23_44 - NEEDS TO BE REMOVED MINISCOPE UNUSBALE,measured,9035,9030.0,5.0,1.0,22505.0,41586.0,n/a (full-length clip),ok,2.0,/media/toor/Seagate2/Mouse1639/Round3/TMaze_untrimmed/2024-10-12T15_23_44/miniscope2024-10-12T15_23_44.avi
/media/toor/Seagate2/Mouse1639/Round3/2024-10-26T13_41_52 - TMAZE_START PREPROCESSING FROM BEGINNNING/2024-10-26T13_41_52,measured,5023,5016.0,7.0,1.0,22507.0,34590.0,n/a (full-length clip),ok,2.0,/media/toor/Seagate2/Mouse1639/Round3/TMaze_untrimmed/2024-10-26T13_41_52/miniscope2024-10-26T13_41_52.avi
/media/toor/Seagate2/Mouse1639/Round3/2024-10-26T13_41_52 - TMAZE_START PREPROCESSING FROM BEGINNNING,measured,10325,10320.0,5.0,1.0,22505.0,34590.0,n/a (full-length clip),ok,2.0,/media/toor/Seagate2/Mouse1639/Round3/TMaze_untrimmed/2024-10-26T13_41_52/miniscope2024-10-26T13_41_52.avi
/media/toor/Seagate2/Mouse1639/Round3/Linear/2024-10-02T14_09_12,measured,9292,9288.0,4.0,1.0,24004.0,43862.0,n/a (full-length clip),ok,3.0,/media/toor/Seagate2/Mouse1639/Round3/Linear_untrimmed/2024-10-02T14_09_12/miniscope2024-10-02T14_09_12.avi
/media/toor/Seagate2/Mouse1639/Round3/Linear/2024-10-03T13_46_50,measured,1224,1224.0,0.0,1.0,24000.0,38354.0,n/a (full-length clip),ok,2.0,/media/toor/Seagate2/Mouse1639/Round3/Linear_untrimmed/2024-10-03T13_46_50/miniscope2024-10-03T13_46_50.avi
/media/toor/Seagate2/Mouse1639/Round3/Linear/2024-10-04T12_50_19,measured,1915,1908.0,7.0,1.0,24007.0,36926.0,n/a (full-length clip),ok,2.0,/media/toor/Seagate2/Mouse1639/Round3/Linear_untrimmed/2024-10-04T12_50_19/miniscope2024-10-04T12_50_19.avi
/media/toor/Seagate2/Mouse1639/Round3/Linear/2024-10-05T16_06_36,measured,758,756.0,2.0,1.0,24002.0,33312.0,n/a (full-length clip),ok,2.0,/media/toor/Seagate2/Mouse1639/Round3/Linear_untrimmed/2024-10-05T16_06_36/miniscope2024-10-05T16_06_36.avi
/media/toor/Seagate2/Mouse1639/Round3/Linear/2024-10-06T13_27_29,measured,2642,2640.0,2.0,1.0,7970.0,10610.0,CONFIRMS (truncated clip),ok,2.0,/media/toor/Seagate2/Mouse1639/Round3/Linear_untrimmed/2024-10-06T13_27_29/miniscope2024-10-06T13_27_29.avi
/media/toor/Seagate2/Mouse1639/Round3/Linear/2024-10-09T13_15_21,measured,699,696.0,3.0,1.0,24003.0,36338.0,n/a (full-length clip),ok,2.0,/media/toor/Seagate2/Mouse1639/Round3/Linear_untrimmed/2024-10-09T13_15_21/miniscope2024-10-09T13_15_21.avi
/media/toor/Seagate2/Mouse1639/Round3/Linear/2024-10-10T13_55_26,measured,524,516.0,8.0,1.0,24008.0,34774.0,n/a (full-length clip),ok,2.0,/media/toor/Seagate2/Mouse1639/Round3/Linear_untrimmed/2024-10-10T13_55_26/miniscope2024-10-10T13_55_26.avi
/media/toor/Seagate2/Mouse1639/Round3/Linear/2024-10-11T14_21_13,measured,417,408.0,9.0,1.0,24009.0,33434.0,n/a (full-length clip),ok,2.0,/media/toor/Seagate2/Mouse1639/Round3/Linear_untrimmed/2024-10-11T14_21_13/miniscope2024-10-11T14_21_13.avi
/media/toor/Seagate2/Mouse1639/Round3/Linear/2024-10-13T13_34_29,measured,561,552.0,9.0,1.0,24009.0,33407.0,n/a (full-length clip),ok,2.0,/media/toor/Seagate2/Mouse1639/Round3/Linear_untrimmed/2024-10-13T13_34_29/miniscope2024-10-13T13_34_29.avi
/media/toor/Seagate2/Mouse1639/Round3/Linear/2024-10-14T13_58_59,measured,538,528.0,10.0,1.0,24010.0,31750.0,n/a (full-length clip),ok,2.0,/media/toor/Seagate2/Mouse1639/Round3/Linear_untrimmed/2024-10-14T13_58_59/miniscope2024-10-14T13_58_59.avi
/media/toor/Seagate2/Mouse1639/Round3/Linear/2024-10-15T13_49_39,measured,611,600.0,11.0,1.0,24011.0,32357.0,n/a (full-length clip),ok,2.0,/media/toor/Seagate2/Mouse1639/Round3/Linear_untrimmed/2024-10-15T13_49_39/miniscope2024-10-15T13_49_39.avi
/media/toor/Seagate2/Mouse1639/Round3/Linear/2024-10-16T14_31_09,measured,661,660.0,1.0,1.0,24001.0,31788.0,n/a (full-length clip),ok,2.0,/media/toor/Seagate2/Mouse1639/Round3/Linear_untrimmed/2024-10-16T14_31_09/miniscope2024-10-16T14_31_09.avi
/media/toor/Seagate2/Mouse1639/Round3/Linear/2024-10-17T14_06_13,measured,429,420.0,9.0,1.0,24009.0,33456.0,n/a (full-length clip),ok,2.0,/media/toor/Seagate2/Mouse1639/Round3/Linear_untrimmed/2024-10-17T14_06_13/miniscope2024-10-17T14_06_13.avi
/media/toor/Seagate2/Mouse1639/Round3/Linear/2024-10-18T14_42_40,measured,447,444.0,3.0,1.0,24003.0,33298.0,n/a (full-length clip),ok,2.0,/media/toor/Seagate2/Mouse1639/Round3/Linear_untrimmed/2024-10-18T14_42_40/miniscope2024-10-18T14_42_40.avi
/media/toor/Seagate2/Mouse1639/Round3/Linear/2024-10-19T15_14_46,measured,642,636.0,6.0,1.0,24006.0,33089.0,n/a (full-length clip),ok,2.0,/media/toor/Seagate2/Mouse1639/Round3/Linear_untrimmed/2024-10-19T15_14_46/miniscope2024-10-19T15_14_46.avi
/media/toor/Seagate2/Mouse1639/Round3/Linear/2024-10-21T14_07_35,measured,444,444.0,0.0,1.0,24000.0,32455.0,n/a (full-length clip),ok,2.0,/media/toor/Seagate2/Mouse1639/Round3/Linear_untrimmed/2024-10-21T14_07_35/miniscope2024-10-21T14_07_35.avi
/media/toor/Seagate2/Mouse1639/Round3/Linear/2024-10-22T13_48_53,measured,730,720.0,10.0,1.0,24010.0,31794.0,n/a (full-length clip),ok,2.0,/media/toor/Seagate2/Mouse1639/Round3/Linear_untrimmed/2024-10-22T13_48_53/miniscope2024-10-22T13_48_53.avi
/media/toor/Seagate2/Mouse1639/Round3/Linear/2024-10-23T13_01_49,measured,463,456.0,7.0,1.0,24007.0,31803.0,n/a (full-length clip),ok,2.0,/media/toor/Seagate2/Mouse1639/Round3/Linear_untrimmed/2024-10-23T13_01_49/miniscope2024-10-23T13_01_49.avi
/media/toor/Seagate2/Mouse1639/Round3/Linear/2024-10-24T15_05_35,measured,445,444.0,1.0,1.0,24001.0,33119.0,n/a (full-length clip),ok,2.0,/media/toor/Seagate2/Mouse1639/Round3/Linear_untrimmed/2024-10-24T15_05_35/miniscope2024-10-24T15_05_35.avi
/media/toor/Seagate2/Mouse1639/Round3/Linear/2024-10-25T12_48_11,measured,776,768.0,8.0,1.0,24008.0,32359.0,n/a (full-length clip),ok,2.0,/media/toor/Seagate2/Mouse1639/Round3/Linear_untrimmed/2024-10-25T12_48_11/miniscope2024-10-25T12_48_11.avi
/media/toor/Seagate2/Mouse1639/Round3/Linear/2024-10-26T14_12_14,measured,707,696.0,11.0,1.0,24011.0,32001.0,n/a (full-length clip),ok,2.0,/media/toor/Seagate2/Mouse1639/Round3/Linear_untrimmed/2024-10-26T14_12_14/miniscope2024-10-26T14_12_14.avi
/media/toor/Seagate2/Mouse1639/Round3/Linear/2024-10-27T14_30_47,measured,775,768.0,7.0,1.0,24007.0,31243.0,n/a (full-length clip),ok,2.0,/media/toor/Seagate2/Mouse1639/Round3/Linear_untrimmed/2024-10-27T14_30_47/miniscope2024-10-27T14_30_47.avi
/media/toor/Seagate2/Mouse1639/Round3/Linear/2024-10-28T15_47_54,measured,630,624.0,6.0,1.0,24006.0,33365.0,n/a (full-length clip),ok,2.0,/media/toor/Seagate2/Mouse1639/Round3/Linear_untrimmed/2024-10-28T15_47_54/miniscope2024-10-28T15_47_54.avi
/media/toor/Seagate2/Mouse1639/Round3/Linear/2024-10-29T14_25_39,measured,412,408.0,4.0,1.0,24004.0,32891.0,n/a (full-length clip),ok,2.0,/media/toor/Seagate2/Mouse1639/Round3/Linear_untrimmed/2024-10-29T14_25_39/miniscope2024-10-29T14_25_39.avi
/media/toor/Seagate2/Mouse1639/Round3/Linear_TRIMMED_WRONG/2024-10-02T14_09_12,measured,9292,9288.0,4.0,1.0,22504.0,43862.0,n/a (full-length clip),ok,3.0,/media/toor/Seagate2/Mouse1639/Round3/Linear_untrimmed/2024-10-02T14_09_12/miniscope2024-10-02T14_09_12.avi
/media/toor/Seagate2/Mouse1639/Round3/Linear_TRIMMED_WRONG/2024-10-03T13_46_50,measured,5000,4992.0,8.0,1.0,22508.0,38354.0,n/a (full-length clip),ok,2.0,/media/toor/Seagate2/Mouse1639/Round3/Linear_untrimmed/2024-10-03T13_46_50/miniscope2024-10-03T13_46_50.avi
/media/toor/Seagate2/Mouse1639/Round3/Linear_TRIMMED_WRONG/2024-10-04T12_50_19,measured,5000,4992.0,8.0,1.0,22508.0,36926.0,n/a (full-length clip),ok,2.0,/media/toor/Seagate2/Mouse1639/Round3/Linear_untrimmed/2024-10-04T12_50_19/miniscope2024-10-04T12_50_19.avi
/media/toor/Seagate2/Mouse1639/Round3/Linear_TRIMMED_WRONG/2024-10-05T16_06_36,measured,5000,4992.0,8.0,1.0,22508.0,33312.0,n/a (full-length clip),ok,2.0,/media/toor/Seagate2/Mouse1639/Round3/Linear_untrimmed/2024-10-05T16_06_36/miniscope2024-10-05T16_06_36.avi
/media/toor/Seagate2/Mouse1639/Round3/Linear_TRIMMED_WRONG/2024-10-06T13_27_29,measured,5000,4992.0,8.0,1.0,5618.0,10610.0,CONFIRMS (truncated clip),ok,2.0,/media/toor/Seagate2/Mouse1639/Round3/Linear_untrimmed/2024-10-06T13_27_29/miniscope2024-10-06T13_27_29.avi
/media/toor/Seagate2/Mouse1639/Round3/Linear_TRIMMED_WRONG/2024-10-09T13_15_21,measured,5000,4992.0,8.0,1.0,22508.0,36338.0,n/a (full-length clip),ok,2.0,/media/toor/Seagate2/Mouse1639/Round3/Linear_untrimmed/2024-10-09T13_15_21/miniscope2024-10-09T13_15_21.avi
/media/toor/Seagate2/Mouse1639/Round3/Linear_TRIMMED_WRONG/2024-10-10T13_55_26,measured,5000,4992.0,8.0,1.0,22508.0,34774.0,n/a (full-length clip),ok,2.0,/media/toor/Seagate2/Mouse1639/Round3/Linear_untrimmed/2024-10-10T13_55_26/miniscope2024-10-10T13_55_26.avi
/media/toor/Seagate2/Mouse1639/Round3/Linear_TRIMMED_WRONG/2024-10-11T14_21_13,measured,5000,4992.0,8.0,1.0,22508.0,33434.0,n/a (full-length clip),ok,2.0,/media/toor/Seagate2/Mouse1639/Round3/Linear_untrimmed/2024-10-11T14_21_13/miniscope2024-10-11T14_21_13.avi
/media/toor/Seagate2/Mouse1639/Round3/Linear_TRIMMED_WRONG/2024-10-13T13_34_29,measured,5000,4992.0,8.0,1.0,22508.0,33407.0,n/a (full-length clip),ok,2.0,/media/toor/Seagate2/Mouse1639/Round3/Linear_untrimmed/2024-10-13T13_34_29/miniscope2024-10-13T13_34_29.avi
/media/toor/Seagate2/Mouse1639/Round3/Linear_TRIMMED_WRONG/2024-10-14T13_58_59,measured,5000,4992.0,8.0,1.0,22508.0,31750.0,n/a (full-length clip),ok,2.0,/media/toor/Seagate2/Mouse1639/Round3/Linear_untrimmed/2024-10-14T13_58_59/miniscope2024-10-14T13_58_59.avi
/media/toor/Seagate2/Mouse1639/Round3/Linear_TRIMMED_WRONG/2024-10-15T13_49_39,measured,5000,4992.0,8.0,1.0,22508.0,32357.0,n/a (full-length clip),ok,2.0,/media/toor/Seagate2/Mouse1639/Round3/Linear_untrimmed/2024-10-15T13_49_39/miniscope2024-10-15T13_49_39.avi
/media/toor/Seagate2/Mouse1639/Round3/Linear_TRIMMED_WRONG/2024-10-16T14_31_09,measured,5000,4992.0,8.0,1.0,22508.0,31788.0,n/a (full-length clip),ok,2.0,/media/toor/Seagate2/Mouse1639/Round3/Linear_untrimmed/2024-10-16T14_31_09/miniscope2024-10-16T14_31_09.avi
/media/toor/Seagate2/Mouse1639/Round3/Linear_TRIMMED_WRONG/2024-10-17T14_06_13,measured,5000,4992.0,8.0,1.0,22508.0,33456.0,n/a (full-length clip),ok,2.0,/media/toor/Seagate2/Mouse1639/Round3/Linear_untrimmed/2024-10-17T14_06_13/miniscope2024-10-17T14_06_13.avi
/media/toor/Seagate2/Mouse1639/Round3/Linear_TRIMMED_WRONG/2024-10-18T14_42_40,measured,5000,4992.0,8.0,1.0,22508.0,33298.0,n/a (full-length clip),ok,2.0,/media/toor/Seagate2/Mouse1639/Round3/Linear_untrimmed/2024-10-18T14_42_40/miniscope2024-10-18T14_42_40.avi
/media/toor/Seagate2/Mouse1639/Round3/Linear_TRIMMED_WRONG/2024-10-19T15_14_46,measured,5000,4992.0,8.0,1.0,22508.0,33089.0,n/a (full-length clip),ok,2.0,/media/toor/Seagate2/Mouse1639/Round3/Linear_untrimmed/2024-10-19T15_14_46/miniscope2024-10-19T15_14_46.avi
/media/toor/Seagate2/Mouse1639/Round3/Linear_TRIMMED_WRONG/2024-10-21T14_07_35,measured,5000,4992.0,8.0,1.0,22508.0,32455.0,n/a (full-length clip),ok,2.0,/media/toor/Seagate2/Mouse1639/Round3/Linear_untrimmed/2024-10-21T14_07_35/miniscope2024-10-21T14_07_35.avi
/media/toor/Seagate2/Mouse1639/Round3/Linear_TRIMMED_WRONG/2024-10-22T13_48_53,measured,5000,4992.0,8.0,1.0,22508.0,31794.0,n/a (full-length clip),ok,2.0,/media/toor/Seagate2/Mouse1639/Round3/Linear_untrimmed/2024-10-22T13_48_53/miniscope2024-10-22T13_48_53.avi
/media/toor/Seagate2/Mouse1639/Round3/Linear_TRIMMED_WRONG/2024-10-23T13_01_49,measured,5000,4992.0,8.0,1.0,22508.0,31803.0,n/a (full-length clip),ok,2.0,/media/toor/Seagate2/Mouse1639/Round3/Linear_untrimmed/2024-10-23T13_01_49/miniscope2024-10-23T13_01_49.avi
/media/toor/Seagate2/Mouse1639/Round3/Linear_TRIMMED_WRONG/2024-10-24T15_05_35,measured,5000,4992.0,8.0,1.0,22508.0,33119.0,n/a (full-length clip),ok,2.0,/media/toor/Seagate2/Mouse1639/Round3/Linear_untrimmed/2024-10-24T15_05_35/miniscope2024-10-24T15_05_35.avi
/media/toor/Seagate2/Mouse1639/Round3/Linear_TRIMMED_WRONG/2024-10-25T12_48_11,measured,5000,4992.0,8.0,1.0,22508.0,32359.0,n/a (full-length clip),ok,2.0,/media/toor/Seagate2/Mouse1639/Round3/Linear_untrimmed/2024-10-25T12_48_11/miniscope2024-10-25T12_48_11.avi
/media/toor/Seagate2/Mouse1639/Round3/Linear_TRIMMED_WRONG/2024-10-26T14_12_14,measured,5000,4992.0,8.0,1.0,22508.0,32001.0,n/a (full-length clip),ok,2.0,/media/toor/Seagate2/Mouse1639/Round3/Linear_untrimmed/2024-10-26T14_12_14/miniscope2024-10-26T14_12_14.avi
/media/toor/Seagate2/Mouse1639/Round3/Linear_TRIMMED_WRONG/2024-10-27T14_30_47,measured,5000,4992.0,8.0,1.0,22508.0,31243.0,n/a (full-length clip),ok,2.0,/media/toor/Seagate2/Mouse1639/Round3/Linear_untrimmed/2024-10-27T14_30_47/miniscope2024-10-27T14_30_47.avi
/media/toor/Seagate2/Mouse1639/Round3/Linear_TRIMMED_WRONG/2024-10-28T15_47_54,measured,5000,4992.0,8.0,1.0,22508.0,33365.0,n/a (full-length clip),ok,2.0,/media/toor/Seagate2/Mouse1639/Round3/Linear_untrimmed/2024-10-28T15_47_54/miniscope2024-10-28T15_47_54.avi
/media/toor/Seagate2/Mouse1639/Round3/Linear_TRIMMED_WRONG/2024-10-29T14_25_39,measured,5000,4992.0,8.0,1.0,22508.0,32891.0,n/a (full-length clip),ok,2.0,/media/toor/Seagate2/Mouse1639/Round3/Linear_untrimmed/2024-10-29T14_25_39/miniscope2024-10-29T14_25_39.avi
/media/toor/Seagate2/Mouse1639/Round3/TMaze/2024-10-02T14_41_31,no_exact_match,5000,,,,,,,,,
/media/toor/Seagate2/Mouse1639/Round3/TMaze/2024-10-03T13_15_08,measured,10117,10116.0,1.0,1.0,22501.0,44995.0,n/a (full-length clip),ok,2.0,/media/toor/Seagate2/Mouse1639/Round3/TMaze_untrimmed/2024-10-03T13_15_08/miniscope2024-10-03T13_15_08.avi
/media/toor/Seagate2/Mouse1639/Round3/TMaze/2024-10-04T12_17_06,measured,9746,9744.0,2.0,1.0,22502.0,46691.0,n/a (full-length clip),ok,2.0,/media/toor/Seagate2/Mouse1639/Round3/TMaze_untrimmed/2024-10-04T12_17_06/miniscope2024-10-04T12_17_06.avi
/media/toor/Seagate2/Mouse1639/Round3/TMaze/2024-10-05T15_31_25,measured,9325,9324.0,1.0,1.0,22501.0,49716.0,n/a (full-length clip),ok,2.0,/media/toor/Seagate2/Mouse1639/Round3/TMaze_untrimmed/2024-10-05T15_31_25/miniscope2024-10-05T15_31_25.avi
/media/toor/Seagate2/Mouse1639/Round3/TMaze/2024-10-09T12_44_33,measured,10132,10128.0,4.0,1.0,22504.0,43592.0,n/a (full-length clip),ok,2.0,/media/toor/Seagate2/Mouse1639/Round3/TMaze_untrimmed/2024-10-09T12_44_33/miniscope2024-10-09T12_44_33.avi
/media/toor/Seagate2/Mouse1639/Round3/TMaze/2024-10-10T13_24_35,measured,9122,9120.0,2.0,1.0,22502.0,43269.0,n/a (full-length clip),ok,2.0,/media/toor/Seagate2/Mouse1639/Round3/TMaze_untrimmed/2024-10-10T13_24_35/miniscope2024-10-10T13_24_35.avi
/media/toor/Seagate2/Mouse1639/Round3/TMaze/2024-10-11T13_49_03,measured,9993,9984.0,9.0,1.0,22509.0,45416.0,n/a (full-length clip),ok,2.0,/media/toor/Seagate2/Mouse1639/Round3/TMaze_untrimmed/2024-10-11T13_49_03/miniscope2024-10-11T13_49_03.avi
/media/toor/Seagate2/Mouse1639/Round3/TMaze/2024-10-13T13_03_25,measured,9061,9060.0,1.0,1.0,22501.0,44168.0,n/a (full-length clip),ok,2.0,/media/toor/Seagate2/Mouse1639/Round3/TMaze_untrimmed/2024-10-13T13_03_25/miniscope2024-10-13T13_03_25.avi
/media/toor/Seagate2/Mouse1639/Round3/TMaze/2024-10-14T13_30_32,measured,8713,8712.0,1.0,1.0,22501.0,40453.0,n/a (full-length clip),ok,2.0,/media/toor/Seagate2/Mouse1639/Round3/TMaze_untrimmed/2024-10-14T13_30_32/miniscope2024-10-14T13_30_32.avi
/media/toor/Seagate2/Mouse1639/Round3/TMaze/2024-10-15T13_21_12,measured,9399,9396.0,3.0,1.0,22503.0,40486.0,n/a (full-length clip),ok,2.0,/media/toor/Seagate2/Mouse1639/Round3/TMaze_untrimmed/2024-10-15T13_21_12/miniscope2024-10-15T13_21_12.avi
/media/toor/Seagate2/Mouse1639/Round3/TMaze/2024-10-16T14_03_07,measured,8775,8772.0,3.0,1.0,22503.0,40104.0,n/a (full-length clip),ok,2.0,/media/toor/Seagate2/Mouse1639/Round3/TMaze_untrimmed/2024-10-16T14_03_07/miniscope2024-10-16T14_03_07.avi
/media/toor/Seagate2/Mouse1639/Round3/TMaze/2024-10-17T13_35_01,measured,9024,9024.0,0.0,1.0,22500.0,43679.0,n/a (full-length clip),ok,2.0,/media/toor/Seagate2/Mouse1639/Round3/TMaze_untrimmed/2024-10-17T13_35_01/miniscope2024-10-17T13_35_01.avi
/media/toor/Seagate2/Mouse1639/Round3/TMaze/2024-10-18T14_10_37,measured,9362,9360.0,2.0,1.0,22502.0,45935.0,n/a (full-length clip),ok,2.0,/media/toor/Seagate2/Mouse1639/Round3/TMaze_untrimmed/2024-10-18T14_10_37/miniscope2024-10-18T14_10_37.avi
/media/toor/Seagate2/Mouse1639/Round3/TMaze/2024-10-19T14_43_39,measured,9014,9012.0,2.0,1.0,22502.0,44348.0,n/a (full-length clip),ok,2.0,/media/toor/Seagate2/Mouse1639/Round3/TMaze_untrimmed/2024-10-19T14_43_39/miniscope2024-10-19T14_43_39.avi
/media/toor/Seagate2/Mouse1639/Round3/TMaze/2024-10-21T13_35_16,measured,8661,8652.0,9.0,1.0,22509.0,44076.0,n/a (full-length clip),ok,2.0,/media/toor/Seagate2/Mouse1639/Round3/TMaze_untrimmed/2024-10-21T13_35_16/miniscope2024-10-21T13_35_16.avi
/media/toor/Seagate2/Mouse1639/Round3/TMaze/2024-10-22T13_16_52,measured,8273,8268.0,5.0,1.0,22505.0,45666.0,n/a (full-length clip),ok,2.0,/media/toor/Seagate2/Mouse1639/Round3/TMaze_untrimmed/2024-10-22T13_16_52/miniscope2024-10-22T13_16_52.avi
/media/toor/Seagate2/Mouse1639/Round3/TMaze/2024-10-23T12_13_17,measured,8971,8964.0,7.0,1.0,9800.0,18764.0,CONFIRMS (truncated clip),ok,2.0,/media/toor/Seagate2/Mouse1639/Round3/TMaze_untrimmed/2024-10-23T12_13_17/miniscope2024-10-23T12_13_17.avi
/media/toor/Seagate2/Mouse1639/Round3/TMaze/2024-10-23T12_33_51,measured,8470,8460.0,10.0,1.0,22510.0,39725.0,n/a (full-length clip),ok,2.0,/media/toor/Seagate2/Mouse1639/Round3/TMaze_untrimmed/2024-10-23T12_33_51/miniscope2024-10-23T12_33_51.avi
/media/toor/Seagate2/Mouse1639/Round3/TMaze/2024-10-24T14_35_02,measured,9851,9840.0,11.0,1.0,22511.0,43781.0,n/a (full-length clip),ok,2.0,/media/toor/Seagate2/Mouse1639/Round3/TMaze_untrimmed/2024-10-24T14_35_02/miniscope2024-10-24T14_35_02.avi
/media/toor/Seagate2/Mouse1639/Round3/TMaze/2024-10-25T12_18_16,measured,8377,8376.0,1.0,1.0,22501.0,42108.0,n/a (full-length clip),ok,2.0,/media/toor/Seagate2/Mouse1639/Round3/TMaze_untrimmed/2024-10-25T12_18_16/miniscope2024-10-25T12_18_16.avi
/media/toor/Seagate2/Mouse1639/Round3/TMaze/2024-10-27T14_02_35,measured,8614,8604.0,10.0,1.0,22510.0,40450.0,n/a (full-length clip),ok,2.0,/media/toor/Seagate2/Mouse1639/Round3/TMaze_untrimmed/2024-10-27T14_02_35/miniscope2024-10-27T14_02_35.avi
/media/toor/Seagate2/Mouse1639/Round3/TMaze/2024-10-28T15_19_05,measured,8778,8772.0,6.0,1.0,22506.0,41473.0,n/a (full-length clip),ok,2.0,/media/toor/Seagate2/Mouse1639/Round3/TMaze_untrimmed/2024-10-28T15_19_05/miniscope2024-10-28T15_19_05.avi
/media/toor/Seagate2/Mouse1639/Round3/TMaze/2024-10-29T13_54_38,measured,8272,8268.0,4.0,1.0,22504.0,43581.0,n/a (full-length clip),ok,2.0,/media/toor/Seagate2/Mouse1639/Round3/TMaze_untrimmed/2024-10-29T13_54_38/miniscope2024-10-29T13_54_38.avi
/media/toor/Seagate2/Mouse1639/Round3/TMaze/2024-10-30T15_01_42,measured,8839,8828.0,11.0,1.0,22511.0,42575.0,n/a (full-length clip),ok,2.0,/media/toor/Seagate2/Mouse1639/Round3/TMaze_untrimmed/2024-10-30T15_01_42/miniscope2024-10-30T15_01_42.avi
/media/toor/Seagate2/Mouse846/Round1/Linear/2025-11-19T17_59_46,measured,8136,8136.0,0.0,1.0,22500.0,41182.0,n/a (full-length clip),ok,7.0,/media/toor/Seagate2/Mouse847/awaiting_dlc/2025-11-19T17_59_46/Miniscope2025-11-19T17_59_46.avi
/media/toor/Seagate2/Mouse846/Round1/Linear/2025-11-20T17_33_29,measured,8900,8892.0,8.0,1.0,22508.0,47894.0,n/a (full-length clip),ok,7.0,/media/toor/Seagate2/Mouse847/awaiting_dlc/2025-11-20T17_33_29/Miniscope2025-11-20T17_33_29.avi
/media/toor/Seagate2/Mouse846/Round1/Linear/2025-11-21T18_22_12,measured,8230,8220.0,10.0,1.0,22510.0,46318.0,n/a (full-length clip),ok,7.0,/media/toor/Seagate2/Mouse847/awaiting_dlc/2025-11-21T18_22_12/Miniscope2025-11-21T18_22_12.avi
/media/toor/Seagate2/Mouse846/Round1/Linear/2025-11-22T17_52_30,measured,8342,8340.0,2.0,1.0,22502.0,49732.0,n/a (full-length clip),ok,7.0,/media/toor/Seagate2/Mouse847/awaiting_dlc/2025-11-22T17_52_30/Miniscope2025-11-22T17_52_30.avi
/media/toor/Seagate2/Mouse846/Round1/Linear/2025-11-23T17_37_09,measured,8349,8340.0,9.0,1.0,22509.0,40557.0,n/a (full-length clip),ok,7.0,/media/toor/Seagate2/Mouse847/awaiting_dlc/2025-11-23T17_37_09/Miniscope2025-11-23T17_37_09.avi
/media/toor/Seagate2/Mouse847/Round1/2025-11-12T17_19_09 - MINISCOPE_UNUSABLE,measured,8750,8748.0,2.0,1.0,22502.0,44740.0,n/a (full-length clip),ok,4.0,/media/toor/Seagate2/Mouse847/data_need_video_clean/2025-11-12T17_19_09/Miniscope2025-11-12T17_19_09.avi
/media/toor/Seagate2/Mouse847/Round1/Linear/2025-11-24T18_12_27,measured,9222,9215.0,7.0,1.0,22507.0,38754.0,n/a (full-length clip),ok,2.0,/media/toor/Seagate2/Mouse847/raw_data/2025-11-24T18_12_27/Miniscope2025-11-24T18_12_27.avi
/media/toor/Seagate2/Mouse847/Round1/Linear/2025-11-25T18_05_49,measured,9455,9449.0,6.0,1.0,22506.0,43537.0,n/a (full-length clip),ok,2.0,/media/toor/Seagate2/Mouse847/untrimmed/2025-11-25T18_05_49/Miniscope2025-11-25T18_05_49.avi
/media/toor/Seagate2/Mouse847/Round1/Linear/2025-11-26T17_34_26,measured,8164,8154.0,10.0,1.0,22510.0,41892.0,n/a (full-length clip),ok,5.0,/media/toor/Seagate2/Mouse847/awaiting_caiman/2025-11-26T17_34_26/Miniscope2025-11-26T17_34_26.avi
/media/toor/Seagate2/Mouse847/Round1/Linear/2025-11-27T17_50_58,measured,8047,8038.0,9.0,1.0,22509.0,39128.0,n/a (full-length clip),ok,5.0,/media/toor/Seagate2/Mouse847/awaiting_caiman/2025-11-27T17_50_58/Miniscope2025-11-27T17_50_58.avi
/media/toor/Seagate2/Mouse847/Round1/Linear/2025-11-29T18_17_37,measured,7436,7436.0,0.0,1.0,22500.0,38804.0,n/a (full-length clip),ok,5.0,/media/toor/Seagate2/Mouse847/awaiting_caiman/2025-11-29T18_17_37/Miniscope2025-11-29T18_17_37.avi
/media/toor/Seagate2/Mouse847/Round1/Linear/2025-11-30T18_06_18,measured,8494,8484.0,10.0,1.0,22510.0,39916.0,n/a (full-length clip),ok,6.0,/media/toor/Seagate2/Mouse847/awaiting_caiman/2025-11-30T18_06_18/Miniscope2025-11-30T18_06_18.avi
/media/toor/Seagate2/Mouse847/Round1/did_not_use_temp/2025-11-10T17_24_58,measured,12424,12420.0,4.0,1.0,22504.0,58440.0,n/a (full-length clip),ok,4.0,/media/toor/Seagate2/Mouse847/data_need_video_clean/2025-11-10T17_24_58/Miniscope2025-11-10T17_24_58.avi
/media/toor/Seagate2/Mouse847/Round1/did_not_use_temp/2025-11-11T16_33_35,measured,9294,9288.0,6.0,1.0,22506.0,44433.0,n/a (full-length clip),ok,4.0,/media/toor/Seagate2/Mouse847/data_need_video_clean/2025-11-11T16_33_35/Miniscope2025-11-11T16_33_35.avi
/media/toor/Seagate2/Mouse847/Round1/did_not_use_temp/2025-11-13T16_28_58,measured,8538,8534.0,4.0,1.0,22504.0,43828.0,n/a (full-length clip),ok,4.0,/media/toor/Seagate2/Mouse847/data_need_video_clean/2025-11-13T16_28_58/Miniscope2025-11-13T16_28_58.avi
/media/toor/Seagate2/Mouse847/Round1/did_not_use_temp/2025-11-14T16_26_24,measured,8308,8305.0,3.0,1.0,22503.0,41789.0,n/a (full-length clip),ok,4.0,/media/toor/Seagate2/Mouse847/data_need_video_clean/2025-11-14T16_26_24/Miniscope2025-11-14T16_26_24.avi
/media/toor/Seagate2/Mouse847/Round1/did_not_use_temp/2025-11-15T16_59_48,measured,8346,8341.0,5.0,1.0,22505.0,44474.0,n/a (full-length clip),ok,4.0,/media/toor/Seagate2/Mouse847/data_need_video_clean/2025-11-15T16_59_48/Miniscope2025-11-15T16_59_48.avi
/media/toor/Seagate2/Mouse847/Round1/did_not_use_temp/2025-11-16T16_53_12,measured,8829,8821.0,8.0,1.0,22508.0,39507.0,n/a (full-length clip),ok,4.0,/media/toor/Seagate2/Mouse847/data_need_video_clean/2025-11-16T16_53_12/Miniscope2025-11-16T16_53_12.avi
/media/toor/Seagate2/Mouse847/Round1/did_not_use_temp/2025-11-17T17_52_11 - DIM SLOW VIDEO,measured,8216,8209.0,7.0,1.0,22507.0,40844.0,n/a (full-length clip),ok,4.0,/media/toor/Seagate2/Mouse847/untrimmed/2025-11-17T17_52_11/Miniscope2025-11-17T17_52_11.avi
/media/toor/Seagate2/Mouse847/Round1/did_not_use_temp/2025-11-18T18_18_23 - DIM SLOW VIDEO,measured,8386,8376.0,10.0,1.0,22510.0,40339.0,n/a (full-length clip),ok,8.0,/media/toor/Seagate2/Mouse847/awaiting_dlc/2025-11-18T18_18_23/Miniscope2025-11-18T18_18_23.avi
/media/toor/Seagate2/Mouse847/awaiting_caiman/2025-11-17T17_52_11,measured,8216,8209.0,7.0,1.0,24007.0,40844.0,n/a (full-length clip),ok,4.0,/media/toor/Seagate2/Mouse847/untrimmed/2025-11-17T17_52_11/Miniscope2025-11-17T17_52_11.avi
/media/toor/Seagate2/Mouse847/awaiting_caiman/2025-11-18T18_18_23,measured,8386,8376.0,10.0,1.0,24010.0,40339.0,n/a (full-length clip),ok,8.0,/media/toor/Seagate2/Mouse847/awaiting_dlc/2025-11-18T18_18_23/Miniscope2025-11-18T18_18_23.avi
/media/toor/Seagate2/Mouse847/awaiting_caiman/2025-11-19T17_59_46,measured,8136,8136.0,0.0,1.0,24000.0,41182.0,n/a (full-length clip),ok,7.0,/media/toor/Seagate2/Mouse847/awaiting_dlc/2025-11-19T17_59_46/Miniscope2025-11-19T17_59_46.avi
/media/toor/Seagate2/Mouse847/awaiting_caiman/2025-11-20T17_33_29,measured,8900,8892.0,8.0,1.0,24008.0,47894.0,n/a (full-length clip),ok,7.0,/media/toor/Seagate2/Mouse847/awaiting_dlc/2025-11-20T17_33_29/Miniscope2025-11-20T17_33_29.avi
/media/toor/Seagate2/Mouse847/awaiting_caiman/2025-11-21T18_22_12,measured,8230,8220.0,10.0,1.0,24010.0,46318.0,n/a (full-length clip),ok,7.0,/media/toor/Seagate2/Mouse847/awaiting_dlc/2025-11-21T18_22_12/Miniscope2025-11-21T18_22_12.avi
/media/toor/Seagate2/Mouse847/awaiting_caiman/2025-11-22T17_52_30,measured,8342,8340.0,2.0,1.0,24002.0,49732.0,n/a (full-length clip),ok,7.0,/media/toor/Seagate2/Mouse847/awaiting_dlc/2025-11-22T17_52_30/Miniscope2025-11-22T17_52_30.avi
/media/toor/Seagate2/Mouse847/awaiting_caiman/2025-11-23T17_37_09,measured,8349,8340.0,9.0,1.0,24009.0,40557.0,n/a (full-length clip),ok,7.0,/media/toor/Seagate2/Mouse847/awaiting_dlc/2025-11-23T17_37_09/Miniscope2025-11-23T17_37_09.avi
/media/toor/Seagate2/Mouse847/awaiting_caiman/2025-11-24T18_12_27,measured,9222,9215.0,7.0,1.0,24007.0,38754.0,n/a (full-length clip),ok,2.0,/media/toor/Seagate2/Mouse847/raw_data/2025-11-24T18_12_27/Miniscope2025-11-24T18_12_27.avi
/media/toor/Seagate2/Mouse847/awaiting_caiman/2025-11-25T18_05_49,measured,9455,9449.0,6.0,1.0,24006.0,43537.0,n/a (full-length clip),ok,2.0,/media/toor/Seagate2/Mouse847/untrimmed/2025-11-25T18_05_49/Miniscope2025-11-25T18_05_49.avi
/media/toor/Seagate2/Mouse847/data_need_video_clean/2025-11-10T17_24_58,no_trimmed_miniscope,12424,,,,,,,,,
/media/toor/Seagate2/Mouse943/Round1/2025-11-19T17_24_26 - LINEAR RECORDED AT 6 HZ,measured,8330,8329.0,1.0,1.0,4045.0,12374.0,CONFIRMS (truncated clip),ok,1.0,/media/toor/Seagate2/Mouse943/2025-11-19T17_24_26/Miniscope2025-11-19T17_24_26.avi
/media/toor/Seagate2/Mouse943/Round1/2025-11-26T17_02_57 - appears with line in registration but otherwise fine,measured,8175,8171.0,4.0,1.0,22504.0,39806.0,n/a (full-length clip),ok,4.0,/media/toor/Seagate2/Mouse943/awaiting_dlc/2025-11-26T17_02_57/Miniscope2025-11-26T17_02_57.avi
/media/toor/Seagate2/Mouse943/Round1/Linear/2025-11-17T17_15_35,measured,9251,9250.0,1.0,1.0,22501.0,47258.0,n/a (full-length clip),ok,4.0,/media/toor/Seagate2/Mouse943/2025-11-17T17_15_35/Miniscope2025-11-17T17_15_35.avi
/media/toor/Seagate2/Mouse943/Round1/Linear/2025-11-18T17_44_50,measured,10216,10216.0,0.0,1.0,22500.0,44926.0,n/a (full-length clip),ok,5.0,/media/toor/Seagate2/Mouse943/2025-11-18T17_44_50/Miniscope2025-11-18T17_44_50.avi
/media/toor/Seagate2/Mouse943/Round1/Linear/2025-11-19T17_32_53,measured,5007,4999.0,8.0,1.0,22508.0,35157.0,n/a (full-length clip),ok,2.0,/media/toor/Seagate2/Mouse943/2025-11-19T17_32_53/Miniscope2025-11-19T17_32_53.avi
/media/toor/Seagate2/Mouse943/Round1/Linear/2025-11-20T16_55_03,measured,9142,9140.0,2.0,1.0,22502.0,50683.0,n/a (full-length clip),ok,4.0,/media/toor/Seagate2/Mouse943/untrimmed/2025-11-20T16_55_03/Miniscope2025-11-20T16_55_03.avi
/media/toor/Seagate2/Mouse943/Round1/Linear/2025-11-21T17_35_42,measured,8390,8382.0,8.0,1.0,22508.0,53480.0,n/a (full-length clip),ok,4.0,/media/toor/Seagate2/Mouse943/2025-11-21T17_35_42/Miniscope2025-11-21T17_35_42.avi
/media/toor/Seagate2/Mouse943/Round1/Linear/2025-11-22T17_18_48,measured,8439,8433.0,6.0,1.0,22506.0,45085.0,n/a (full-length clip),ok,4.0,/media/toor/Seagate2/Mouse943/2025-11-22T17_18_48/Miniscope2025-11-22T17_18_48.avi
/media/toor/Seagate2/Mouse943/Round1/Linear/2025-11-23T17_04_03,measured,9010,9002.0,8.0,1.0,22508.0,41762.0,n/a (full-length clip),ok,3.0,/media/toor/Seagate2/Mouse943/untrimmed/2025-11-23T17_04_03/Miniscope2025-11-23T17_04_03.avi
/media/toor/Seagate2/Mouse943/Round1/Linear/2025-11-24T17_32_55,measured,9315,9306.0,9.0,1.0,22509.0,63351.0,n/a (full-length clip),ok,1.0,/media/toor/Seagate2/Mouse943/untrimmed/2025-11-24T17_32_55/Miniscope2025-11-24T17_32_55.avi
/media/toor/Seagate2/Mouse943/Round1/Linear/2025-11-25T17_31_54,measured,10515,10515.0,0.0,1.0,22500.0,33760.0,n/a (full-length clip),ok,3.0,/media/toor/Seagate2/Mouse943/awaiting_dlc/2025-11-25T17_31_54/Miniscope2025-11-25T17_31_54.avi
/media/toor/Seagate2/Mouse943/Round1/Linear/2025-11-27T17_19_18,measured,8537,8537.0,0.0,1.0,22500.0,39614.0,n/a (full-length clip),ok,3.0,/media/toor/Seagate2/Mouse943/awaiting_dlc/2025-11-27T17_19_18/Miniscope2025-11-27T17_19_18.avi
/media/toor/Seagate2/Mouse943/Round1/Linear/2025-11-29T17_45_37,measured,8186,8185.0,1.0,1.0,22501.0,37596.0,n/a (full-length clip),ok,2.0,/media/toor/Seagate2/Mouse943/awaiting_dlc/2025-11-29T17_45_37/Miniscope2025-11-29T17_45_37.avi
/media/toor/Seagate2/Mouse943/Round1/Linear/2025-11-30T17_35_05,measured,8618,8613.0,5.0,1.0,22505.0,39471.0,n/a (full-length clip),ok,2.0,/media/toor/Seagate2/Mouse943/awaiting_dlc/2025-11-30T17_35_05/Miniscope2025-11-30T17_35_05.avi
/media/toor/Seagate2/Mouse943/Round1/Linear/2025-12-01T17_49_14,measured,8687,8687.0,0.0,1.0,22500.0,41006.0,n/a (full-length clip),ok,3.0,/media/toor/Seagate2/Mouse943/awaiting_dlc/2025-12-01T17_49_14/Miniscope2025-12-01T17_49_14.avi
/media/toor/Seagate3/Mouse944/Round1.5/Linear/2026-07-16T16_44_08,measured,897,888.0,9.0,1.0,24009.0,33961.0,n/a (full-length clip),ok,2.0,/media/toor/Seagate3/Mouse944/RAW_DATA/Linear/2026-07-16T16_44_08/Miniscope2026-07-16T16_44_08.avi
/media/toor/Seagate3/Mouse944/Round1.5/Linear/2026-07-17T15_59_29,measured,334,324.0,10.0,1.0,24010.0,35736.0,n/a (full-length clip),ok,2.0,/media/toor/Seagate3/Mouse944/RAW_DATA/Linear/2026-07-17T15_59_29/Miniscope2026-07-17T15_59_29.avi
/media/toor/Seagate3/Mouse944/Round1.5/Linear/2026-07-18T16_04_01,measured,2140,2140.0,0.0,1.0,24000.0,35352.0,n/a (full-length clip),ok,1.0,/media/toor/Seagate3/Mouse944/RAW_DATA/Linear/2026-07-18T16_04_01/Miniscope2026-07-18T16_04_01.avi
/media/toor/Seagate3/Mouse944/Round1.5/Linear/2026-07-19T15_29_10,measured,10134,10132.0,2.0,1.0,15641.0,25773.0,CONFIRMS (truncated clip),ok,2.0,/media/toor/Seagate3/Mouse944/RAW_DATA/Linear/2026-07-19T15_29_10/Miniscope2026-07-19T15_29_10.avi
/media/toor/Seagate3/Mouse944/Round1.5/Linear/2026-07-20T15_38_35,measured,328,318.0,10.0,1.0,24010.0,25340.0,n/a (full-length clip),ok,2.0,/media/toor/Seagate3/Mouse944/RAW_DATA/Linear/2026-07-20T15_38_35/Miniscope2026-07-20T15_38_35.avi
/media/toor/Seagate3/Mouse944/Round1.5/Linear/2026-07-21T14_32_10,measured,8617,8616.0,1.0,1.0,8657.0,17273.0,CONFIRMS (truncated clip),ok,2.0,/media/toor/Seagate3/Mouse944/RAW_DATA/Linear/2026-07-21T14_32_10/Miniscope2026-07-21T14_32_10.avi
/media/toor/Seagate3/Mouse944/Round1.5/Linear/2026-07-22T15_40_56,measured,1258,1256.0,2.0,1.0,24002.0,36400.0,n/a (full-length clip),ok,2.0,/media/toor/Seagate3/Mouse944/RAW_DATA/Linear/2026-07-22T15_40_56/Miniscope2026-07-22T15_40_56.avi
/media/toor/Seagate3/Mouse944/Round1.5/Linear/2026-07-23T16_03_22,measured,1715,1706.0,9.0,1.0,24009.0,33185.0,n/a (full-length clip),ok,1.0,/media/toor/Seagate3/Mouse944/RAW_DATA/Linear/2026-07-23T16_03_22/Miniscope2026-07-23T16_03_22.avi
/media/toor/Seagate3/Mouse944/Round1.5/Linear/2026-07-24T14_54_48,measured,7818,7816.0,2.0,1.0,14808.0,22624.0,CONFIRMS (truncated clip),ok,2.0,/media/toor/Seagate3/Mouse944/RAW_DATA/Linear/2026-07-24T14_54_48/Miniscope2026-07-24T14_54_48.avi
/media/toor/Seagate3/Mouse944/Round1.5/Linear/2026-07-27T16_31_15,measured,8951,8940.0,11.0,1.0,16319.0,25259.0,CONFIRMS (truncated clip),ok,2.0,/media/toor/Seagate3/Mouse944/RAW_DATA/Linear/2026-07-27T16_31_15/Miniscope2026-07-27T16_31_15.avi
/media/toor/Seagate3/Mouse944/Round1.5/Linear/2026-07-28T15_03_12,measured,892,892.0,0.0,1.0,24000.0,37937.0,n/a (full-length clip),ok,2.0,/media/toor/Seagate3/Mouse944/RAW_DATA/Linear/2026-07-28T15_03_12/Miniscope2026-07-28T15_03_12.avi
/media/toor/Seagate3/Mouse944/Round1.5/Linear/2026-07-29T15_04_01,measured,9414,9404.0,10.0,1.0,19113.0,28517.0,CONFIRMS (truncated clip),ok,2.0,/media/toor/Seagate3/Mouse944/RAW_DATA/Linear/2026-07-29T15_04_01/Miniscope2026-07-29T15_04_01.avi
/media/toor/Seagate3/Mouse944/Round1.5/Linear/2026-07-30T15_26_53,measured,576,569.0,7.0,1.0,24007.0,35125.0,n/a (full-length clip),ok,2.0,/media/toor/Seagate3/Mouse944/RAW_DATA/Linear/2026-07-30T15_26_53/Miniscope2026-07-30T15_26_53.avi
/media/toor/Seagate3/Mouse944/Round1.5/Linear/2026-08-01T16_10_14,measured,0,0.0,0.0,1.0,8762.0,8762.0,CONFIRMS (truncated clip),ok,2.0,/media/toor/Seagate3/Mouse944/RAW_DATA/Linear/2026-08-01T16_10_14/Miniscope2026-08-01T16_10_14.avi
/media/toor/Seagate3/Mouse944/Round1.5/Linear/2026-08-01T16_44_29,measured,373,363.0,10.0,1.0,24010.0,32421.0,n/a (full-length clip),ok,2.0,/media/toor/Seagate3/Mouse944/RAW_DATA/Linear/2026-08-01T16_44_29/Miniscope2026-08-01T16_44_29.avi
/media/toor/Seagate3/Mouse944/Round1.5/Linear/2026-08-02T14_20_43,measured,8288,8285.0,3.0,1.0,18112.0,26397.0,CONFIRMS (truncated clip),ok,2.0,/media/toor/Seagate3/Mouse944/RAW_DATA/Linear/2026-08-02T14_20_43/Miniscope2026-08-02T14_20_43.avi
/media/toor/Seagate3/Mouse944/Round1.5/Linear/2026-08-03T14_23_26,measured,8622,8622.0,0.0,1.0,18929.0,27551.0,CONFIRMS (truncated clip),ok,1.0,/media/toor/Seagate3/Mouse944/RAW_DATA/Linear/2026-08-03T14_23_26/Miniscope2026-08-03T14_23_26.avi
/media/toor/Seagate3/Mouse944/Round1.5/Linear/2026-08-04T14_29_36,measured,10291,10291.0,0.0,1.0,24000.0,34541.0,n/a (full-length clip),ok,1.0,/media/toor/Seagate3/Mouse944/RAW_DATA/Linear/2026-08-04T14_29_36/Miniscope2026-08-04T14_29_36.avi
/media/toor/Seagate3/Mouse944/Round1.5/TMaze/2026-07-16T16_07_50,measured,0,0.0,0.0,1.0,24000.0,40680.0,n/a (full-length clip),ok,2.0,/media/toor/Seagate3/Mouse944/RAW_DATA/TMaze/2026-07-16T16_07_50/Miniscope2026-07-16T16_07_50.avi
/media/toor/Seagate3/Mouse944/Round1.5/TMaze/2026-07-17T15_28_26,measured,8178,8175.0,3.0,1.0,24003.0,43072.0,n/a (full-length clip),ok,2.0,/media/toor/Seagate3/Mouse944/RAW_DATA/TMaze/2026-07-17T15_28_26/Miniscope2026-07-17T15_28_26.avi
/media/toor/Seagate3/Mouse944/Round1.5/TMaze/2026-07-18T15_26_34,measured,52,48.0,4.0,1.0,24004.0,52936.0,n/a (full-length clip),ok,2.0,/media/toor/Seagate3/Mouse944/RAW_DATA/TMaze/2026-07-18T15_26_34/Miniscope2026-07-18T15_26_34.avi
/media/toor/Seagate3/Mouse944/Round1.5/TMaze/2026-07-19T15_47_49,measured,582,575.0,7.0,1.0,24007.0,34395.0,n/a (full-length clip),ok,2.0,/media/toor/Seagate3/Mouse944/RAW_DATA/TMaze/2026-07-19T15_47_49/Miniscope2026-07-19T15_47_49.avi
/media/toor/Seagate3/Mouse944/Round1.5/TMaze/2026-07-20T15_04_44,measured,191,180.0,11.0,1.0,24011.0,46719.0,n/a (full-length clip),ok,1.0,/media/toor/Seagate3/Mouse944/RAW_DATA/TMaze/2026-07-20T15_04_44/Miniscope2026-07-20T15_04_44.avi
/media/toor/Seagate3/Mouse944/Round1.5/TMaze/2026-07-21T14_45_20,measured,6154,6145.0,9.0,1.0,24009.0,39721.0,n/a (full-length clip),ok,1.0,/media/toor/Seagate3/Mouse944/RAW_DATA/TMaze/2026-07-21T14_45_20/Miniscope2026-07-21T14_45_20.avi
/media/toor/Seagate3/Mouse944/Round1.5/TMaze/2026-07-22T15_08_41,measured,116,108.0,8.0,1.0,24008.0,41971.0,n/a (full-length clip),ok,3.0,/media/toor/Seagate3/Mouse944/RAW_DATA/TMaze/2026-07-22T15_08_41/Miniscope2026-07-22T15_08_41.avi
/media/toor/Seagate3/Mouse944/Round1.5/TMaze/2026-07-23T15_32_40,measured,7,0.0,7.0,1.0,24007.0,33399.0,n/a (full-length clip),ok,1.0,/media/toor/Seagate3/Mouse944/RAW_DATA/TMaze/2026-07-23T15_32_40/Miniscope2026-07-23T15_32_40.avi
/media/toor/Seagate3/Mouse944/Round1.5/TMaze/2026-07-24T15_12_44,measured,579,570.0,9.0,1.0,23083.0,23653.0,CONFIRMS (truncated clip),ok,2.0,/media/toor/Seagate3/Mouse944/RAW_DATA/TMaze/2026-07-24T15_12_44/Miniscope2026-07-24T15_12_44.avi
/media/toor/Seagate3/Mouse944/Round1.5/TMaze/2026-07-27T16_49_49,measured,481,480.0,1.0,1.0,24001.0,35443.0,n/a (full-length clip),ok,2.0,/media/toor/Seagate3/Mouse944/RAW_DATA/TMaze/2026-07-27T16_49_49/Miniscope2026-07-27T16_49_49.avi
/media/toor/Seagate3/Mouse944/Round1.5/TMaze/2026-07-28T14_19_40,measured,8269,8269.0,0.0,1.0,24000.0,45951.0,n/a (full-length clip),ok,1.0,/media/toor/Seagate3/Mouse944/RAW_DATA/TMaze/2026-07-28T14_19_40/Miniscope2026-07-28T14_19_40.avi
/media/toor/Seagate3/Mouse944/Round1.5/TMaze/2026-07-29T15_25_26,measured,486,479.0,7.0,1.0,24007.0,36761.0,n/a (full-length clip),ok,1.0,/media/toor/Seagate3/Mouse944/RAW_DATA/TMaze/2026-07-29T15_25_26/Miniscope2026-07-29T15_25_26.avi
/media/toor/Seagate3/Mouse944/Round1.5/TMaze/2026-07-30T14_52_20,measured,2,1.0,1.0,1.0,24001.0,49504.0,n/a (full-length clip),ok,1.0,/media/toor/Seagate3/Mouse944/RAW_DATA/TMaze/2026-07-30T14_52_20/Miniscope2026-07-30T14_52_20.avi
/media/toor/Seagate3/Mouse944/Round1.5/TMaze/2026-08-01T16_16_18,measured,289,283.0,6.0,1.0,24006.0,34167.0,n/a (full-length clip),ok,2.0,/media/toor/Seagate3/Mouse944/RAW_DATA/TMaze/2026-08-01T16_16_18/Miniscope2026-08-01T16_16_18.avi
/media/toor/Seagate3/Mouse944/Round1.5/TMaze/2026-08-02T14_48_49,measured,472,468.0,4.0,1.0,24004.0,34702.0,n/a (full-length clip),ok,2.0,/media/toor/Seagate3/Mouse944/RAW_DATA/TMaze/2026-08-02T14_48_49/Miniscope2026-08-02T14_48_49.avi
/media/toor/Seagate3/Mouse944/Round1.5/TMaze/2026-08-03T14_53_43,measured,432,432.0,0.0,1.0,24000.0,35612.0,n/a (full-length clip),ok,2.0,/media/toor/Seagate3/Mouse944/RAW_DATA/TMaze/2026-08-03T14_53_43/Miniscope2026-08-03T14_53_43.avi
/media/toor/Seagate3/Mouse944/Round1.5/TMaze/2026-08-04T14_59_15,measured,1101,1092.0,9.0,1.0,24009.0,36965.0,n/a (full-length clip),ok,2.0,/media/toor/Seagate3/Mouse944/RAW_DATA/TMaze/2026-08-04T14_59_15/Miniscope2026-08-04T14_59_15.avi
/media/toor/Seagate3/Mouse944/Round1/Linear/2026-06-26T15_27_25,measured,14995,14988.0,7.0,1.0,24007.0,59481.0,n/a (full-length clip),ok,3.0,/media/toor/Seagate3/Mouse944/RAW_DATA/2026-06-26T15_27_25/Miniscope2026-06-26T15_27_25.avi
/media/toor/Seagate3/Mouse944/Round1/Linear/2026-06-27T15_13_22,measured,13260,13249.0,11.0,1.0,24011.0,54572.0,n/a (full-length clip),ok,3.0,/media/toor/Seagate3/Mouse944/RAW_DATA/2026-06-27T15_13_22/Miniscope2026-06-27T15_13_22.avi
/media/toor/Seagate3/Mouse944/Round1/Linear/2026-06-28T14_49_05,measured,9571,9565.0,6.0,1.0,24006.0,51596.0,n/a (full-length clip),ok,2.0,/media/toor/Seagate3/Mouse944/RAW_DATA/2026-06-28T14_49_05/Miniscope2026-06-28T14_49_05.avi
/media/toor/Seagate3/Mouse944/Round1/Linear/2026-06-29T14_47_05,measured,10654,10644.0,10.0,1.0,24010.0,47507.0,n/a (full-length clip),ok,2.0,/media/toor/Seagate3/Mouse944/RAW_DATA/2026-06-29T14_47_05/Miniscope2026-06-29T14_47_05.avi
/media/toor/Seagate3/Mouse944/Round1/Linear/2026-06-30T15_05_21,measured,9993,9984.0,9.0,1.0,24009.0,44880.0,n/a (full-length clip),ok,2.0,/media/toor/Seagate3/Mouse944/RAW_DATA/2026-06-30T15_05_21/Miniscope2026-06-30T15_05_21.avi
/media/toor/Seagate3/Mouse944/Round1/Linear/2026-07-01T14_42_03,measured,8955,8952.0,3.0,1.0,24003.0,46472.0,n/a (full-length clip),ok,1.0,/media/toor/Seagate3/Mouse944/RAW_DATA/2026-07-01T14_42_03/Miniscope2026-07-01T14_42_03.avi
/media/toor/Seagate3/Mouse944/Round1/Linear/2026-07-02T14_50_40,measured,9629,9624.0,5.0,1.0,24005.0,48414.0,n/a (full-length clip),ok,3.0,/media/toor/Seagate3/Mouse944/RAW_DATA/2026-07-02T14_50_40/Miniscope2026-07-02T14_50_40.avi
/media/toor/Seagate3/Mouse944/Round1/Linear/2026-07-03T13_55_52,measured,8047,8041.0,6.0,1.0,24006.0,40545.0,n/a (full-length clip),ok,1.0,/media/toor/Seagate3/Mouse944/RAW_DATA/2026-07-03T13_55_52/Miniscope2026-07-03T13_55_52.avi
/media/toor/Seagate3/Mouse944/Round1/Linear/2026-07-04T15_05_50,measured,8485,8485.0,0.0,1.0,24000.0,42291.0,n/a (full-length clip),ok,1.0,/media/toor/Seagate3/Mouse944/RAW_DATA/2026-07-04T15_05_50/Miniscope2026-07-04T15_05_50.avi
/media/toor/Seagate3/Mouse944/Round1/Linear/2026-07-05T14_14_26,measured,8338,8328.0,10.0,1.0,24010.0,42190.0,n/a (full-length clip),ok,2.0,/media/toor/Seagate3/Mouse944/RAW_DATA/2026-07-05T14_14_26/Miniscope2026-07-05T14_14_26.avi
/media/toor/Seagate3/Mouse944/Round1/Linear/2026-07-06T14_54_46,measured,9317,9312.0,5.0,1.0,24005.0,41257.0,n/a (full-length clip),ok,1.0,/media/toor/Seagate3/Mouse944/RAW_DATA/2026-07-06T14_54_46/Miniscope2026-07-06T14_54_46.avi
/media/toor/Seagate3/Mouse944/Round1/Linear/2026-07-07T14_49_35,measured,8219,8208.0,11.0,1.0,24011.0,40215.0,n/a (full-length clip),ok,1.0,/media/toor/Seagate3/Mouse944/RAW_DATA/2026-07-07T14_49_35/Miniscope2026-07-07T14_49_35.avi
/media/toor/Seagate3/Mouse944/Round1/Linear/2026-07-08T13_41_41,measured,8430,8425.0,5.0,1.0,24005.0,43503.0,n/a (full-length clip),ok,2.0,/media/toor/Seagate3/Mouse944/RAW_DATA/2026-07-08T13_41_41/Miniscope2026-07-08T13_41_41.avi
/media/toor/Seagate3/Mouse944/Round1/Linear/2026-07-09T13_49_35,measured,8744,8744.0,0.0,1.0,24000.0,42713.0,n/a (full-length clip),ok,1.0,/media/toor/Seagate3/Mouse944/RAW_DATA/2026-07-09T13_49_35/Miniscope2026-07-09T13_49_35.avi
/media/toor/Seagate3/Mouse944/Round1/Linear/2026-07-11T14_36_44,measured,154,144.0,10.0,1.0,24010.0,34733.0,n/a (full-length clip),ok,2.0,/media/toor/Seagate3/Mouse944/RAW_DATA/Linear/2026-07-11T14_36_44/Miniscope2026-07-11T14_36_44.avi
/media/toor/Seagate3/Mouse944/Round1/Linear/2026-07-12T14_11_18,measured,8449,8438.0,11.0,1.0,24011.0,38376.0,n/a (full-length clip),ok,2.0,/media/toor/Seagate3/Mouse944/RAW_DATA/Linear/2026-07-12T14_11_18/Miniscope2026-07-12T14_11_18.avi
/media/toor/Seagate3/Mouse944/Round1/Linear/2026-07-13T15_55_27,measured,9147,9144.0,3.0,1.0,24003.0,41925.0,n/a (full-length clip),ok,2.0,/media/toor/Seagate3/Mouse944/RAW_DATA/Linear/2026-07-13T15_55_27/Miniscope2026-07-13T15_55_27.avi
/media/toor/Seagate3/Mouse944/Round1/Linear/2026-07-14T14_28_46,measured,8376,8376.0,0.0,1.0,24000.0,36683.0,n/a (full-length clip),ok,2.0,/media/toor/Seagate3/Mouse944/RAW_DATA/Linear/2026-07-14T14_28_46/Miniscope2026-07-14T14_28_46.avi
/media/toor/Seagate3/Mouse944/Round1/Linear/2026-07-15T15_30_22,measured,7027,7020.0,7.0,1.0,23383.0,30403.0,CONFIRMS (truncated clip),ok,1.0,/media/toor/Seagate3/Mouse944/RAW_DATA/Linear/2026-07-15T15_30_22/Miniscope2026-07-15T15_30_22.avi
/media/toor/Seagate3/Mouse945 - Round2/Round1.5/Linear/2026-07-17T14_55_31,measured,990,986.0,4.0,1.0,24004.0,35519.0,n/a (full-length clip),ok,2.0,/media/toor/Seagate3/Mouse945 - Round2/RAW_DATA/Linear/2026-07-17T14_55_31/Miniscope2026-07-17T14_55_31.avi
/media/toor/Seagate3/Mouse945 - Round2/Round1.5/Linear/2026-07-18T15_00_39,measured,532,529.0,3.0,1.0,24003.0,34583.0,n/a (full-length clip),ok,2.0,/media/toor/Seagate3/Mouse945 - Round2/RAW_DATA/Linear/2026-07-18T15_00_39/Miniscope2026-07-18T15_00_39.avi
/media/toor/Seagate3/Mouse945 - Round2/Round1.5/Linear/2026-07-19T16_44_41,measured,478,469.0,9.0,1.0,24009.0,33362.0,n/a (full-length clip),ok,2.0,/media/toor/Seagate3/Mouse945 - Round2/RAW_DATA/Linear/2026-07-19T16_44_41/Miniscope2026-07-19T16_44_41.avi
/media/toor/Seagate3/Mouse945 - Round2/Round1.5/Linear/2026-07-20T14_19_37,measured,9392,9385.0,7.0,1.0,16575.0,25960.0,CONFIRMS (truncated clip),ok,2.0,/media/toor/Seagate3/Mouse945 - Round2/RAW_DATA/Linear/2026-07-20T14_19_37/Miniscope2026-07-20T14_19_37.avi
/media/toor/Seagate3/Mouse945 - Round2/Round1.5/Linear/2026-07-21T15_55_11,measured,581,576.0,5.0,1.0,24005.0,34609.0,n/a (full-length clip),ok,2.0,/media/toor/Seagate3/Mouse945 - Round2/RAW_DATA/Linear/2026-07-21T15_55_11/Miniscope2026-07-21T15_55_11.avi
/media/toor/Seagate3/Mouse945 - Round2/Round1.5/Linear/2026-07-22T14_19_50,measured,9257,9253.0,4.0,1.0,16828.0,26081.0,CONFIRMS (truncated clip),ok,2.0,/media/toor/Seagate3/Mouse945 - Round2/RAW_DATA/Linear/2026-07-22T14_19_50/Miniscope2026-07-22T14_19_50.avi
/media/toor/Seagate3/Mouse945 - Round2/Round1.5/Linear/2026-07-23T14_39_08,measured,8242,8233.0,9.0,1.0,15328.0,23561.0,CONFIRMS (truncated clip),ok,2.0,/media/toor/Seagate3/Mouse945 - Round2/RAW_DATA/Linear/2026-07-23T14_39_08/Miniscope2026-07-23T14_39_08.avi
/media/toor/Seagate3/Mouse945 - Round2/Round1.5/Linear/2026-07-27T16_00_05,measured,339,337.0,2.0,1.0,24002.0,34305.0,n/a (full-length clip),ok,1.0,/media/toor/Seagate3/Mouse945 - Round2/RAW_DATA/Linear/2026-07-27T16_00_05/Miniscope2026-07-27T16_00_05.avi
/media/toor/Seagate3/Mouse945 - Round2/Round1.5/Linear/2026-07-28T15_34_22,measured,8400,8395.0,5.0,1.0,17852.0,26247.0,CONFIRMS (truncated clip),ok,1.0,/media/toor/Seagate3/Mouse945 - Round2/RAW_DATA/Linear/2026-07-28T15_34_22/Miniscope2026-07-28T15_34_22.avi
/media/toor/Seagate3/Mouse945 - Round2/Round1.5/Linear/2026-07-29T14_29_47,measured,398,397.0,1.0,1.0,24001.0,30850.0,n/a (full-length clip),ok,1.0,/media/toor/Seagate3/Mouse945 - Round2/RAW_DATA/Linear/2026-07-29T14_29_47/Miniscope2026-07-29T14_29_47.avi
/media/toor/Seagate3/Mouse945 - Round2/Round1.5/Linear/2026-07-30T15_54_13,measured,8938,8928.0,10.0,1.0,16135.0,25063.0,CONFIRMS (truncated clip),ok,1.0,/media/toor/Seagate3/Mouse945 - Round2/RAW_DATA/Linear/2026-07-30T15_54_13/Miniscope2026-07-30T15_54_13.avi
/media/toor/Seagate3/Mouse945 - Round2/Round1.5/Linear/2026-08-01T15_16_48,measured,1,0.0,1.0,1.0,24001.0,26209.0,n/a (full-length clip),ok,2.0,/media/toor/Seagate3/Mouse945 - Round2/RAW_DATA/Linear/2026-08-01T15_16_48/Miniscope2026-08-01T15_16_48.avi
/media/toor/Seagate3/Mouse945 - Round2/Round1.5/Linear/2026-08-02T15_47_04,measured,1111,1105.0,6.0,1.0,24006.0,31753.0,n/a (full-length clip),ok,2.0,/media/toor/Seagate3/Mouse945 - Round2/RAW_DATA/Linear/2026-08-02T15_47_04/Miniscope2026-08-02T15_47_04.avi
/media/toor/Seagate3/Mouse945 - Round2/Round1.5/Linear/2026-08-03T15_57_22,measured,1421,1416.0,5.0,1.0,24005.0,32450.0,n/a (full-length clip),ok,2.0,/media/toor/Seagate3/Mouse945 - Round2/RAW_DATA/Linear/2026-08-03T15_57_22/Miniscope2026-08-03T15_57_22.avi
/media/toor/Seagate3/Mouse945 - Round2/Round1.5/Linear/2026-08-04T15_59_53,measured,1957,1946.0,11.0,1.0,24011.0,29790.0,n/a (full-length clip),ok,2.0,/media/toor/Seagate3/Mouse945 - Round2/RAW_DATA/Linear/2026-08-04T15_59_53/Miniscope2026-08-04T15_59_53.avi
/media/toor/Seagate3/Mouse945 - Round2/Round1.5/TMaze/2026-07-16T14_32_41,measured,39,38.0,1.0,1.0,10500.0,28605.0,n/a (full-length clip),ok,1.0,/media/toor/Seagate3/Mouse945 - Round2/RAW_DATA/TMaze/2026-07-16T14_32_41/Miniscope2026-07-16T14_32_41.avi
/media/toor/Seagate3/Mouse945 - Round2/Round1.5/TMaze/2026-07-17T14_25_12,measured,8372,8364.0,8.0,1.0,24008.0,43242.0,n/a (full-length clip),ok,2.0,/media/toor/Seagate3/Mouse945 - Round2/RAW_DATA/TMaze/2026-07-17T14_25_12/Miniscope2026-07-17T14_25_12.avi
/media/toor/Seagate3/Mouse945 - Round2/Round1.5/TMaze/2026-07-18T14_21_01,measured,0,0.0,0.0,1.0,24000.0,52692.0,n/a (full-length clip),ok,2.0,/media/toor/Seagate3/Mouse945 - Round2/RAW_DATA/TMaze/2026-07-18T14_21_01/Miniscope2026-07-18T14_21_01.avi
/media/toor/Seagate3/Mouse945 - Round2/Round1.5/TMaze/2026-07-19T16_15_06,measured,4,0.0,4.0,1.0,24004.0,42427.0,n/a (full-length clip),ok,2.0,/media/toor/Seagate3/Mouse945 - Round2/RAW_DATA/TMaze/2026-07-19T16_15_06/Miniscope2026-07-19T16_15_06.avi
/media/toor/Seagate3/Mouse945 - Round2/Round1.5/TMaze/2026-07-20T14_38_37,measured,263,253.0,10.0,1.0,24010.0,34123.0,n/a (full-length clip),ok,2.0,/media/toor/Seagate3/Mouse945 - Round2/RAW_DATA/TMaze/2026-07-20T14_38_37/Miniscope2026-07-20T14_38_37.avi
/media/toor/Seagate3/Mouse945 - Round2/Round1.5/TMaze/2026-07-21T15_24_12,measured,0,0.0,0.0,1.0,24000.0,44017.0,n/a (full-length clip),ok,2.0,/media/toor/Seagate3/Mouse945 - Round2/RAW_DATA/TMaze/2026-07-21T15_24_12/Miniscope2026-07-21T15_24_12.avi
/media/toor/Seagate3/Mouse945 - Round2/Round1.5/TMaze/2026-07-22T14_38_48,measured,811,806.0,5.0,1.0,24005.0,33974.0,n/a (full-length clip),ok,2.0,/media/toor/Seagate3/Mouse945 - Round2/RAW_DATA/TMaze/2026-07-22T14_38_48/Miniscope2026-07-22T14_38_48.avi
/media/toor/Seagate3/Mouse945 - Round2/Round1.5/TMaze/2026-07-23T14_58_12,measured,1000,996.0,4.0,1.0,24004.0,40232.0,n/a (full-length clip),ok,2.0,/media/toor/Seagate3/Mouse945 - Round2/RAW_DATA/TMaze/2026-07-23T14_58_12/Miniscope2026-07-23T14_58_12.avi
/media/toor/Seagate3/Mouse945 - Round2/Round1.5/TMaze/2026-07-24T15_40_50,measured,197,194.0,3.0,1.0,24003.0,44429.0,n/a (full-length clip),ok,2.0,/media/toor/Seagate3/Mouse945 - Round2/RAW_DATA/TMaze/2026-07-24T15_40_50/Miniscope2026-07-24T15_40_50.avi
/media/toor/Seagate3/Mouse945 - Round2/Round1.5/TMaze/2026-07-26T15_41_27,measured,453,444.0,9.0,1.0,24009.0,35756.0,n/a (full-length clip),ok,2.0,/media/toor/Seagate3/Mouse945 - Round2/RAW_DATA/TMaze/2026-07-26T15_41_27/Miniscope2026-07-26T15_41_27.avi
/media/toor/Seagate3/Mouse945 - Round2/Round1.5/TMaze/2026-07-27T15_21_19,measured,28,25.0,3.0,1.0,24003.0,56424.0,n/a (full-length clip),ok,1.0,/media/toor/Seagate3/Mouse945 - Round2/RAW_DATA/TMaze/2026-07-27T15_21_19/Miniscope2026-07-27T15_21_19.avi
/media/toor/Seagate3/Mouse945 - Round2/Round1.5/TMaze/2026-07-28T15_54_40,measured,255,252.0,3.0,1.0,24003.0,37783.0,n/a (full-length clip),ok,2.0,/media/toor/Seagate3/Mouse945 - Round2/RAW_DATA/TMaze/2026-07-28T15_54_40/Miniscope2026-07-28T15_54_40.avi
/media/toor/Seagate3/Mouse945 - Round2/Round1.5/TMaze/2026-07-29T13_56_33,measured,21,13.0,8.0,1.0,24008.0,40234.0,n/a (full-length clip),ok,1.0,/media/toor/Seagate3/Mouse945 - Round2/RAW_DATA/TMaze/2026-07-29T13_56_33/Miniscope2026-07-29T13_56_33.avi
/media/toor/Seagate3/Mouse945 - Round2/Round1.5/TMaze/2026-07-30T16_13_18,measured,620,615.0,5.0,1.0,24005.0,34741.0,n/a (full-length clip),ok,2.0,/media/toor/Seagate3/Mouse945 - Round2/RAW_DATA/TMaze/2026-07-30T16_13_18/Miniscope2026-07-30T16_13_18.avi
/media/toor/Seagate3/Mouse945 - Round2/Round1.5/TMaze/2026-08-01T15_38_08,measured,488,480.0,8.0,1.0,24008.0,34250.0,n/a (full-length clip),ok,2.0,/media/toor/Seagate3/Mouse945 - Round2/RAW_DATA/TMaze/2026-08-01T15_38_08/Miniscope2026-08-01T15_38_08.avi
/media/toor/Seagate3/Mouse945 - Round2/Round1.5/TMaze/2026-08-02T15_19_00,measured,8661,8652.0,9.0,1.0,24009.0,39965.0,n/a (full-length clip),ok,2.0,/media/toor/Seagate3/Mouse945 - Round2/RAW_DATA/TMaze/2026-08-02T15_19_00/Miniscope2026-08-02T15_19_00.avi
/media/toor/Seagate3/Mouse945 - Round2/Round1.5/TMaze/2026-08-03T15_24_27,measured,13,12.0,1.0,1.0,24001.0,43678.0,n/a (full-length clip),ok,2.0,/media/toor/Seagate3/Mouse945 - Round2/RAW_DATA/TMaze/2026-08-03T15_24_27/Miniscope2026-08-03T15_24_27.avi
/media/toor/Seagate3/Mouse945 - Round2/Round1.5/TMaze/2026-08-04T15_31_59,measured,6676,6672.0,4.0,1.0,24004.0,39184.0,n/a (full-length clip),ok,1.0,/media/toor/Seagate3/Mouse945 - Round2/RAW_DATA/TMaze/2026-08-04T15_31_59/Miniscope2026-08-04T15_31_59.avi
/media/toor/Seagate3/Mouse945 - Round2/Round1.5/UNUSABLE/2026-07-16T15_04_55 - NO FUNCTIONAL MINISCOPE,measured,0,0.0,0.0,1.0,24000.0,26772.0,n/a (full-length clip),ok,2.0,/media/toor/Seagate3/Mouse945 - Round2/RAW_DATA/Linear/2026-07-16T15_04_55/Miniscope2026-07-16T15_04_55.avi
/media/toor/Seagate3/Mouse945 - Round2/Round1/Linear/2026-06-29T15_22_31,measured,9639,9637.0,2.0,1.0,24002.0,44003.0,n/a (full-length clip),ok,1.0,/media/toor/Seagate3/Mouse945 - Round2/RAW_DATA/2026-06-29T15_22_31/Miniscope2026-06-29T15_22_31.avi
/media/toor/Seagate3/Mouse945 - Round2/Round1/Linear/2026-06-30T15_56_50,measured,8006,8006.0,0.0,1.0,24000.0,34399.0,n/a (full-length clip),ok,2.0,/media/toor/Seagate3/Mouse945 - Round2/RAW_DATA/2026-06-30T15_56_50/Miniscope2026-06-30T15_56_50.avi
/media/toor/Seagate3/Mouse945 - Round2/Round1/Linear/2026-07-01T15_50_11,measured,8735,8725.0,10.0,1.0,24010.0,42570.0,n/a (full-length clip),ok,2.0,/media/toor/Seagate3/Mouse945 - Round2/RAW_DATA/2026-07-01T15_50_11/Miniscope2026-07-01T15_50_11.avi
/media/toor/Seagate3/Mouse945 - Round2/Round1/Linear/2026-07-02T15_29_29,measured,8181,8173.0,8.0,1.0,24008.0,42618.0,n/a (full-length clip),ok,2.0,/media/toor/Seagate3/Mouse945 - Round2/RAW_DATA/2026-07-02T15_29_29/Miniscope2026-07-02T15_29_29.avi
/media/toor/Seagate3/Mouse945 - Round2/Round1/Linear/2026-07-04T15_43_09,measured,8570,8562.0,8.0,1.0,13871.0,22433.0,CONFIRMS (truncated clip),ok,2.0,/media/toor/Seagate3/Mouse945 - Round2/RAW_DATA/2026-07-04T15_43_09/Miniscope2026-07-04T15_43_09.avi
/media/toor/Seagate3/Mouse945 - Round2/Round1/Linear/2026-07-06T15_47_06,measured,8380,8376.0,4.0,1.0,24004.0,41483.0,n/a (full-length clip),ok,2.0,/media/toor/Seagate3/Mouse945 - Round2/RAW_DATA/2026-07-06T15_47_06/Miniscope2026-07-06T15_47_06.avi
/media/toor/Seagate3/Mouse945 - Round2/Round1/Linear/2026-07-07T15_46_02,measured,4541,4536.0,5.0,1.0,24005.0,38165.0,n/a (full-length clip),ok,2.0,/media/toor/Seagate3/Mouse945 - Round2/RAW_DATA/2026-07-07T15_46_02/Miniscope2026-07-07T15_46_02.avi
/media/toor/Seagate3/Mouse945 - Round2/Round1/Linear/2026-07-08T15_09_08,measured,2306,2304.0,2.0,1.0,24002.0,37308.0,n/a (full-length clip),ok,2.0,/media/toor/Seagate3/Mouse945 - Round2/RAW_DATA/2026-07-08T15_09_08/Miniscope2026-07-08T15_09_08.avi
/media/toor/Seagate3/Mouse945 - Round2/Round1/Linear/2026-07-09T13_16_10,measured,9265,9264.0,1.0,1.0,24001.0,43926.0,n/a (full-length clip),ok,2.0,/media/toor/Seagate3/Mouse945 - Round2/RAW_DATA/2026-07-09T13_16_10/Miniscope2026-07-09T13_16_10.avi
/media/toor/Seagate3/Mouse945 - Round2/Round1/Linear/2026-07-11T15_04_04,measured,8508,8508.0,0.0,1.0,24000.0,39902.0,n/a (full-length clip),ok,2.0,/media/toor/Seagate3/Mouse945 - Round2/RAW_DATA/2026-07-11T15_04_04/Miniscope2026-07-11T15_04_04.avi
/media/toor/Seagate3/Mouse945 - Round2/Round1/Linear/2026-07-12T14_39_41,measured,6842,6841.0,1.0,1.0,24001.0,37186.0,n/a (full-length clip),ok,2.0,/media/toor/Seagate3/Mouse945 - Round2/RAW_DATA/2026-07-12T14_39_41/Miniscope2026-07-12T14_39_41.avi
/media/toor/Seagate3/Mouse945 - Round2/Round1/Linear/2026-07-13T15_24_34,measured,8023,8016.0,7.0,1.0,24007.0,39367.0,n/a (full-length clip),ok,2.0,/media/toor/Seagate3/Mouse945 - Round2/RAW_DATA/2026-07-13T15_24_34/Miniscope2026-07-13T15_24_34.avi
/media/toor/Seagate3/Mouse945 - Round2/Round1/Linear/2026-07-14T14_58_46,measured,8572,8568.0,4.0,1.0,24004.0,38158.0,n/a (full-length clip),ok,2.0,/media/toor/Seagate3/Mouse945 - Round2/RAW_DATA/Linear/2026-07-14T14_58_46/Miniscope2026-07-14T14_58_46.avi
/media/toor/Seagate3/Mouse945 - Round2/Round1/Linear/2026-07-15T14_44_57,measured,7839,7836.0,3.0,1.0,24003.0,41809.0,n/a (full-length clip),ok,2.0,/media/toor/Seagate3/Mouse945 - Round2/RAW_DATA/Linear/2026-07-15T14_44_57/Miniscope2026-07-15T14_44_57.avi
/media/toor/Seagate3/YOUNG_MICE/Mouse847/Round1.5/Linear/2025-12-01T18_56_24,measured,9531,9528.0,3.0,1.0,24003.0,41241.0,n/a (full-length clip),ok,3.0,/media/toor/Seagate3/YOUNG_MICE/Mouse847/Linear/concat/2025-12-01T18_56_24/Miniscope2025-12-01T18_56_24.avi
/media/toor/Seagate3/YOUNG_MICE/Mouse847/Round1.5/Linear/2025-12-02T18_38_08,measured,17234,17234.0,0.0,1.0,24000.0,49879.0,n/a (full-length clip),ok,1.0,/media/toor/Seagate3/YOUNG_MICE/Mouse847/Linear/concat/2025-12-02T18_38_08/Miniscope2025-12-02T18_38_08.avi
/media/toor/Seagate3/YOUNG_MICE/Mouse847/Round1.5/Linear/2025-12-03T18_32_37,measured,10069,10061.0,8.0,1.0,24008.0,46957.0,n/a (full-length clip),ok,4.0,/media/toor/Seagate2/YOUNG_MICE/Mouse847/Miniscope2025-12-03T18_32_37.avi
/media/toor/Seagate3/YOUNG_MICE/Mouse847/Round1.5/Linear/2025-12-04T18_37_39,measured,8236,8230.0,6.0,1.0,24006.0,35660.0,n/a (full-length clip),ok,1.0,/media/toor/Seagate3/YOUNG_MICE/Mouse847/Linear/concat/2025-12-04T18_37_39/Miniscope2025-12-04T18_37_39.avi
/media/toor/Seagate3/YOUNG_MICE/Mouse847/Round1.5/Linear/2025-12-05T18_21_06,measured,328,324.0,4.0,1.0,24004.0,34103.0,n/a (full-length clip),ok,1.0,/media/toor/Seagate3/YOUNG_MICE/Mouse847/Linear/concat/2025-12-05T18_21_06/Miniscope2025-12-05T18_21_06.avi
/media/toor/Seagate3/YOUNG_MICE/Mouse847/Round1.5/Linear/2025-12-06T16_10_37,measured,35636,35629.0,7.0,1.0,24007.0,78374.0,n/a (full-length clip),ok,4.0,/media/toor/Seagate3/YOUNG_MICE/Mouse847/Linear/concat/2025-12-06T16_10_37/Miniscope2025-12-06T16_10_37.avi
/media/toor/Seagate3/YOUNG_MICE/Mouse847/Round1.5/Linear/2025-12-07T19_21_08,measured,7921,7911.0,10.0,1.0,24010.0,43492.0,n/a (full-length clip),ok,1.0,/media/toor/Seagate3/YOUNG_MICE/Mouse847/Linear/concat/2025-12-07T19_21_08/Miniscope2025-12-07T19_21_08.avi
/media/toor/Seagate3/YOUNG_MICE/Mouse847/Round1.5/Linear/2025-12-08T16_44_19,measured,9691,9686.0,5.0,1.0,24005.0,88351.0,n/a (full-length clip),ok,4.0,/media/toor/Seagate2/YOUNG_MICE/Mouse847/Miniscope2025-12-08T16_44_19.avi
/media/toor/Seagate3/YOUNG_MICE/Mouse847/Round1.5/Linear/2025-12-09T18_54_11,measured,8300,8295.0,5.0,1.0,23168.0,31463.0,CONFIRMS (truncated clip),ok,5.0,/media/toor/Seagate3/YOUNG_MICE/Mouse847/Linear/concat/2025-12-09T18_54_11/Miniscope2025-12-09T18_54_11.avi
/media/toor/Seagate3/YOUNG_MICE/Mouse847/Round1.5/Linear/2025-12-10T17_50_34,measured,7926,7924.0,2.0,1.0,24002.0,38582.0,n/a (full-length clip),ok,1.0,/media/toor/Seagate3/YOUNG_MICE/Mouse847/Linear/concat/2025-12-10T17_50_34/Miniscope2025-12-10T17_50_34.avi
/media/toor/Seagate3/YOUNG_MICE/Mouse847/Round1.5/Linear/2025-12-11T17_57_57,measured,6974,6971.0,3.0,1.0,22513.0,29484.0,CONFIRMS (truncated clip),ok,1.0,/media/toor/Seagate3/YOUNG_MICE/Mouse847/Linear/concat/2025-12-11T17_57_57/Miniscope2025-12-11T17_57_57.avi
/media/toor/Seagate3/YOUNG_MICE/Mouse847/Round1.5/Linear/2025-12-12T18_56_10,measured,9093,9087.0,6.0,1.0,23650.0,32737.0,CONFIRMS (truncated clip),ok,1.0,/media/toor/Seagate3/YOUNG_MICE/Mouse847/Linear/concat/2025-12-12T18_56_10/Miniscope2025-12-12T18_56_10.avi
/media/toor/Seagate3/YOUNG_MICE/Mouse847/Round1.5/Linear/2025-12-13T17_51_43,measured,299,288.0,11.0,1.0,24011.0,31824.0,n/a (full-length clip),ok,1.0,/media/toor/Seagate3/YOUNG_MICE/Mouse847/Linear/concat/2025-12-13T17_51_43/Miniscope2025-12-13T17_51_43.avi
/media/toor/Seagate3/YOUNG_MICE/Mouse847/Round1.5/Linear/2025-12-14T18_59_58,measured,8230,8225.0,5.0,1.0,9727.0,17952.0,CONFIRMS (truncated clip),ok,4.0,/media/toor/Seagate3/YOUNG_MICE/Mouse847/Linear/concat/2025-12-14T18_59_58/Miniscope2025-12-14T18_59_58.avi
/media/toor/Seagate3/YOUNG_MICE/Mouse847/Round1.5/Linear/2025-12-15T18_00_46,measured,8497,8486.0,11.0,1.0,18474.0,26960.0,CONFIRMS (truncated clip),ok,5.0,/media/toor/Seagate3/YOUNG_MICE/Mouse847/Linear/concat/2025-12-15T18_00_46/Miniscope2025-12-15T18_00_46.avi
/media/toor/Seagate3/YOUNG_MICE/Mouse847/Round1.5/Linear/2025-12-16T16_54_54,measured,7958,7956.0,2.0,1.0,24002.0,49168.0,n/a (full-length clip),ok,6.0,/media/toor/Seagate3/YOUNG_MICE/Mouse847/Linear/concat/2025-12-16T16_54_54/Miniscope2025-12-16T16_54_54.avi
/media/toor/Seagate3/YOUNG_MICE/Mouse847/Round1.5/Linear/2025-12-17T18_02_25,measured,11813,11803.0,10.0,1.0,17710.0,29513.0,CONFIRMS (truncated clip),ok,5.0,/media/toor/Seagate3/YOUNG_MICE/Mouse847/Linear/concat/2025-12-17T18_02_25/Miniscope2025-12-17T18_02_25.avi
/media/toor/Seagate3/YOUNG_MICE/Mouse847/Round1.5/Linear/2025-12-18T10_49_46,measured,432,422.0,10.0,1.0,13829.0,14251.0,CONFIRMS (truncated clip),ok,6.0,/media/toor/Seagate2/RAW DATA/Mouse847/Miniscope2025-12-18T10_49_46.avi
/media/toor/Seagate3/YOUNG_MICE/Mouse847/Round1.5/TMaze/2025-12-01T18_59_37,measured,11108,11100.0,8.0,1.0,24008.0,86026.0,n/a (full-length clip),ok,4.0,/media/toor/Seagate2/YOUNG_MICE/Mouse847/Miniscope2025-12-01T18_59_37.avi
/media/toor/Seagate3/YOUNG_MICE/Mouse847/Round1.5/TMaze/2025-12-02T18_45_23,no_exact_match,7150,,,,,,,,,
/media/toor/Seagate3/YOUNG_MICE/Mouse847/Round1.5/TMaze/2025-12-04T18_11_09,measured,8676,8675.0,1.0,1.0,24001.0,71535.0,n/a (full-length clip),ok,3.0,/media/toor/Seagate2/YOUNG_MICE/Mouse847/Miniscope2025-12-04T18_11_09.avi
/media/toor/Seagate3/YOUNG_MICE/Mouse847/Round1.5/TMaze/2025-12-05T17_46_00,measured,12625,12616.0,9.0,1.0,24009.0,49512.0,n/a (full-length clip),ok,1.0,/media/toor/Seagate3/YOUNG_MICE/Mouse847/TMaze/concat/2025-12-05T17_46_00/Miniscope2025-12-05T17_46_00.avi
/media/toor/Seagate3/YOUNG_MICE/Mouse847/Round1.5/TMaze/2025-12-06T18_25_18,no_exact_match,7150,,,,,,,,,
/media/toor/Seagate3/YOUNG_MICE/Mouse847/Round1.5/TMaze/2025-12-07T18_53_30,measured,11413,11408.0,5.0,1.0,24005.0,83021.0,n/a (full-length clip),ok,3.0,/media/toor/Seagate2/YOUNG_MICE/Mouse847/Miniscope2025-12-07T18_53_30.avi
/media/toor/Seagate3/YOUNG_MICE/Mouse847/Round1.5/TMaze/2025-12-08T17_15_23,no_exact_match,7150,,,,,,,,,
/media/toor/Seagate3/YOUNG_MICE/Mouse847/Round1.5/TMaze/2025-12-09T19_18_12,measured,8004,8001.0,3.0,1.0,24003.0,38894.0,n/a (full-length clip),ok,1.0,/media/toor/Seagate3/YOUNG_MICE/Mouse847/TMaze/concat/2025-12-09T19_18_12/Miniscope2025-12-09T19_18_12.avi
/media/toor/Seagate3/YOUNG_MICE/Mouse847/Round1.5/TMaze/2025-12-10T17_23_47,measured,9169,9168.0,1.0,1.0,24001.0,37979.0,n/a (full-length clip),ok,1.0,/media/toor/Seagate3/YOUNG_MICE/Mouse847/TMaze/concat/2025-12-10T17_23_47/Miniscope2025-12-10T17_23_47.avi
/media/toor/Seagate3/YOUNG_MICE/Mouse847/Round1.5/TMaze/2025-12-11T18_20_30,measured,8649,8641.0,8.0,1.0,24008.0,46476.0,n/a (full-length clip),ok,1.0,/media/toor/Seagate3/YOUNG_MICE/Mouse847/TMaze/concat/2025-12-11T18_20_30/Miniscope2025-12-11T18_20_30.avi
/media/toor/Seagate3/YOUNG_MICE/Mouse847/Round1.5/TMaze/2025-12-12T19_20_03,no_exact_match,7150,,,,,,,,,
/media/toor/Seagate3/YOUNG_MICE/Mouse847/Round1.5/TMaze/2025-12-13T17_22_04,measured,8707,8707.0,0.0,1.0,24000.0,73956.0,n/a (full-length clip),ok,4.0,/media/toor/Seagate2/YOUNG_MICE/Mouse847/Miniscope2025-12-13T17_22_04.avi
/media/toor/Seagate3/YOUNG_MICE/Mouse847/Round1.5/TMaze/2025-12-14T19_13_57,measured,8922,8911.0,11.0,1.0,24011.0,41004.0,n/a (full-length clip),ok,1.0,/media/toor/Seagate3/YOUNG_MICE/Mouse847/TMaze/concat/2025-12-14T19_13_57/Miniscope2025-12-14T19_13_57.avi
/media/toor/Seagate3/YOUNG_MICE/Mouse847/Round1.5/TMaze/2025-12-15T18_23_54,no_exact_match,7150,,,,,,,,,
/media/toor/Seagate3/YOUNG_MICE/Mouse847/Round1.5/TMaze/2025-12-16T16_22_31,measured,10141,10135.0,6.0,1.0,24006.0,89965.0,n/a (full-length clip),ok,4.0,/media/toor/Seagate2/YOUNG_MICE/Mouse847/Miniscope2025-12-16T16_22_31.avi
/media/toor/Seagate3/YOUNG_MICE/Mouse847/Round1.5/TMaze/2025-12-17T18_24_02,no_exact_match,7150,,,,,,,,,
/media/toor/Seagate3/YOUNG_MICE/Mouse847/Round1.5/TMaze/2025-12-18T10_29_48,no_exact_match,7292,,,,,,,,,
/media/toor/Seagate3/YOUNG_MICE/Mouse847/Round1/Linear/2025-11-10T17_24_58,measured,12424,12420.0,4.0,1.0,24004.0,58440.0,n/a (full-length clip),ok,4.0,/media/toor/Seagate2/Mouse847/data_need_video_clean/2025-11-10T17_24_58/Miniscope2025-11-10T17_24_58.avi
/media/toor/Seagate3/YOUNG_MICE/Mouse847/Round1/Linear/2025-11-11T16_33_35,measured,9294,9288.0,6.0,1.0,24006.0,44433.0,n/a (full-length clip),ok,4.0,/media/toor/Seagate2/Mouse847/data_need_video_clean/2025-11-11T16_33_35/Miniscope2025-11-11T16_33_35.avi
/media/toor/Seagate3/YOUNG_MICE/Mouse847/Round1/Linear/2025-11-12T17_19_09,measured,8750,8748.0,2.0,1.0,24002.0,44740.0,n/a (full-length clip),ok,4.0,/media/toor/Seagate2/Mouse847/data_need_video_clean/2025-11-12T17_19_09/Miniscope2025-11-12T17_19_09.avi
/media/toor/Seagate3/YOUNG_MICE/Mouse847/Round1/Linear/2025-11-13T16_28_58,measured,8560,8558.0,2.0,1.0,24002.0,43828.0,n/a (full-length clip),ok,4.0,/media/toor/Seagate2/Mouse847/data_need_video_clean/2025-11-13T16_28_58/Miniscope2025-11-13T16_28_58.avi
/media/toor/Seagate3/YOUNG_MICE/Mouse847/Round1/Linear/2025-11-14T16_26_24,measured,8308,8305.0,3.0,1.0,24003.0,41789.0,n/a (full-length clip),ok,4.0,/media/toor/Seagate2/Mouse847/data_need_video_clean/2025-11-14T16_26_24/Miniscope2025-11-14T16_26_24.avi
/media/toor/Seagate3/YOUNG_MICE/Mouse847/Round1/Linear/2025-11-15T16_59_48,measured,8346,8341.0,5.0,1.0,24005.0,44474.0,n/a (full-length clip),ok,4.0,/media/toor/Seagate2/Mouse847/data_need_video_clean/2025-11-15T16_59_48/Miniscope2025-11-15T16_59_48.avi
/media/toor/Seagate3/YOUNG_MICE/Mouse847/Round1/Linear/2025-11-16T16_53_12,measured,8829,8821.0,8.0,1.0,24008.0,39507.0,n/a (full-length clip),ok,4.0,/media/toor/Seagate2/Mouse847/data_need_video_clean/2025-11-16T16_53_12/Miniscope2025-11-16T16_53_12.avi
/media/toor/Seagate3/YOUNG_MICE/Mouse847/Round1/Linear/2025-11-17T17_52_11,measured,8216,8209.0,7.0,1.0,24007.0,40844.0,n/a (full-length clip),ok,4.0,/media/toor/Seagate2/Mouse847/untrimmed/2025-11-17T17_52_11/Miniscope2025-11-17T17_52_11.avi
/media/toor/Seagate3/YOUNG_MICE/Mouse847/Round1/Linear/2025-11-18T18_18_23,measured,8390,8388.0,2.0,1.0,24002.0,40339.0,n/a (full-length clip),ok,8.0,/media/toor/Seagate2/Mouse847/awaiting_dlc/2025-11-18T18_18_23/Miniscope2025-11-18T18_18_23.avi
/media/toor/Seagate3/YOUNG_MICE/Mouse847/Round1/Linear/2025-11-19T17_59_46,measured,8136,8136.0,0.0,1.0,24000.0,41182.0,n/a (full-length clip),ok,7.0,/media/toor/Seagate2/Mouse847/awaiting_dlc/2025-11-19T17_59_46/Miniscope2025-11-19T17_59_46.avi
/media/toor/Seagate3/YOUNG_MICE/Mouse847/Round1/Linear/2025-11-20T17_33_29,measured,8900,8892.0,8.0,1.0,24008.0,47894.0,n/a (full-length clip),ok,7.0,/media/toor/Seagate2/Mouse847/awaiting_dlc/2025-11-20T17_33_29/Miniscope2025-11-20T17_33_29.avi
/media/toor/Seagate3/YOUNG_MICE/Mouse847/Round1/Linear/2025-11-21T18_22_12,measured,8230,8220.0,10.0,1.0,24010.0,46318.0,n/a (full-length clip),ok,7.0,/media/toor/Seagate2/Mouse847/awaiting_dlc/2025-11-21T18_22_12/Miniscope2025-11-21T18_22_12.avi
/media/toor/Seagate3/YOUNG_MICE/Mouse847/Round1/Linear/2025-11-22T17_52_30,measured,8342,8340.0,2.0,1.0,24002.0,49732.0,n/a (full-length clip),ok,7.0,/media/toor/Seagate2/Mouse847/awaiting_dlc/2025-11-22T17_52_30/Miniscope2025-11-22T17_52_30.avi
/media/toor/Seagate3/YOUNG_MICE/Mouse847/Round1/Linear/2025-11-23T17_37_09,measured,8352,8352.0,0.0,1.0,24000.0,40557.0,n/a (full-length clip),ok,7.0,/media/toor/Seagate2/Mouse847/awaiting_dlc/2025-11-23T17_37_09/Miniscope2025-11-23T17_37_09.avi
/media/toor/Seagate3/YOUNG_MICE/Mouse847/Round1/Linear/2025-11-24T18_04_45,measured,19818,19811.0,7.0,1.0,24007.0,49350.0,n/a (full-length clip),ok,4.0,/media/toor/Seagate2/Mouse847/awaiting_dlc/2025-11-24T18_04_45/Miniscope2025-11-24T18_04_45.avi
/media/toor/Seagate3/YOUNG_MICE/Mouse847/Round1/Linear/2025-11-25T18_03_59,measured,12092,12082.0,10.0,1.0,24010.0,46158.0,n/a (full-length clip),ok,5.0,/media/toor/Seagate2/Mouse847/awaiting_dlc/2025-11-25T18_03_59/Miniscope2025-11-25T18_03_59.avi
/media/toor/Seagate3/YOUNG_MICE/Mouse847/Round1/Linear/2025-11-26T17_33_33,measured,8902,8892.0,10.0,1.0,24010.0,42630.0,n/a (full-length clip),ok,5.0,/media/toor/Seagate2/Mouse847/awaiting_dlc/2025-11-26T17_33_33/Miniscope2025-11-26T17_33_33.avi
/media/toor/Seagate3/YOUNG_MICE/Mouse847/Round1/Linear/2025-11-27T17_48_59,measured,10046,10040.0,6.0,1.0,24006.0,41058.0,n/a (full-length clip),ok,5.0,/media/toor/Seagate2/Mouse847/awaiting_dlc/2025-11-27T17_48_59/Miniscope2025-11-27T17_48_59.avi
/media/toor/Seagate3/YOUNG_MICE/Mouse847/Round1/Linear/2025-11-29T18_16_31,measured,8822,8822.0,0.0,1.0,24000.0,40190.0,n/a (full-length clip),ok,4.0,/media/toor/Seagate2/YOUNG_MICE/Mouse847/Miniscope2025-11-29T18_16_31.avi
/media/toor/Seagate3/YOUNG_MICE/Mouse847/Round1/Linear/2025-11-30T18_06_18,measured,8507,8496.0,11.0,1.0,24011.0,39916.0,n/a (full-length clip),ok,6.0,/media/toor/Seagate2/Mouse847/awaiting_caiman/2025-11-30T18_06_18/Miniscope2025-11-30T18_06_18.avi
/media/toor/Seagate3/YOUNG_MICE/Mouse943/Round1.5/Linear/2025-12-04T17_34_48,measured,8842,8842.0,0.0,1.0,24000.0,46265.0,n/a (full-length clip),ok,1.0,/media/toor/Seagate3/YOUNG_MICE/Mouse943/Linear/concat/2025-12-04T17_34_48/Miniscope2025-12-04T17_34_48.avi
/media/toor/Seagate3/YOUNG_MICE/Mouse943/Round1.5/Linear/2025-12-05T17_07_54,measured,8202,8200.0,2.0,1.0,24002.0,42167.0,n/a (full-length clip),ok,1.0,/media/toor/Seagate3/YOUNG_MICE/Mouse943/Linear/concat/2025-12-05T17_07_54/Miniscope2025-12-05T17_07_54.avi
/media/toor/Seagate3/YOUNG_MICE/Mouse943/Round1.5/Linear/2025-12-06T17_21_31,measured,17231,17225.0,6.0,1.0,24006.0,49363.0,n/a (full-length clip),ok,1.0,/media/toor/Seagate3/YOUNG_MICE/Mouse943/Linear/concat/2025-12-06T17_21_31/Miniscope2025-12-06T17_21_31.avi
/media/toor/Seagate3/YOUNG_MICE/Mouse943/Round1.5/Linear/2025-12-07T18_20_22,measured,7747,7740.0,7.0,1.0,24007.0,38781.0,n/a (full-length clip),ok,1.0,/media/toor/Seagate3/YOUNG_MICE/Mouse943/Linear/concat/2025-12-07T18_20_22/Miniscope2025-12-07T18_20_22.avi
/media/toor/Seagate3/YOUNG_MICE/Mouse943/Round1.5/Linear/2025-12-08T18_31_33,measured,9330,9330.0,0.0,1.0,24000.0,34492.0,n/a (full-length clip),ok,1.0,/media/toor/Seagate3/YOUNG_MICE/Mouse943/Linear/concat/2025-12-08T18_31_33/Miniscope2025-12-08T18_31_33.avi
/media/toor/Seagate3/YOUNG_MICE/Mouse943/Round1.5/Linear/2025-12-09T18_09_02,measured,390,386.0,4.0,1.0,24004.0,49152.0,n/a (full-length clip),ok,1.0,/media/toor/Seagate3/YOUNG_MICE/Mouse943/Linear/concat/2025-12-09T18_09_02/Miniscope2025-12-09T18_09_02.avi
/media/toor/Seagate3/YOUNG_MICE/Mouse943/Round1.5/Linear/2025-12-10T18_20_47,measured,12944,12944.0,0.0,1.0,17116.0,30060.0,CONFIRMS (truncated clip),ok,1.0,/media/toor/Seagate3/YOUNG_MICE/Mouse943/Linear/concat/2025-12-10T18_20_47/Miniscope2025-12-10T18_20_47.avi
/media/toor/Seagate3/YOUNG_MICE/Mouse943/Round1.5/Linear/2025-12-11T17_32_58,measured,245,245.0,0.0,1.0,24000.0,31315.0,n/a (full-length clip),ok,1.0,/media/toor/Seagate3/YOUNG_MICE/Mouse943/Linear/concat/2025-12-11T17_32_58/Miniscope2025-12-11T17_32_58.avi
/media/toor/Seagate3/YOUNG_MICE/Mouse943/Round1.5/Linear/2025-12-12T18_31_16,measured,191,191.0,0.0,1.0,24000.0,32225.0,n/a (full-length clip),ok,1.0,/media/toor/Seagate3/YOUNG_MICE/Mouse943/Linear/concat/2025-12-12T18_31_16/Miniscope2025-12-12T18_31_16.avi
/media/toor/Seagate3/YOUNG_MICE/Mouse943/Round1.5/Linear/2025-12-13T18_21_58,measured,9462,9457.0,5.0,1.0,10567.0,20024.0,CONFIRMS (truncated clip),ok,1.0,/media/toor/Seagate3/YOUNG_MICE/Mouse943/Linear/concat/2025-12-13T18_21_58/Miniscope2025-12-13T18_21_58.avi
/media/toor/Seagate3/YOUNG_MICE/Mouse943/Round1.5/Linear/2025-12-14T17_26_11,measured,9130,9127.0,3.0,1.0,24003.0,41900.0,n/a (full-length clip),ok,1.0,/media/toor/Seagate3/YOUNG_MICE/Mouse943/Linear/concat/2025-12-14T17_26_11/Miniscope2025-12-14T17_26_11.avi
/media/toor/Seagate3/YOUNG_MICE/Mouse943/Round1.5/Linear/2025-12-15T17_28_24,measured,8383,8372.0,11.0,1.0,24011.0,40142.0,n/a (full-length clip),ok,1.0,/media/toor/Seagate3/YOUNG_MICE/Mouse943/Linear/concat/2025-12-15T17_28_24/Miniscope2025-12-15T17_28_24.avi
/media/toor/Seagate3/YOUNG_MICE/Mouse943/Round1.5/Linear/2025-12-16T17_31_35,measured,8950,8940.0,10.0,1.0,15474.0,24414.0,CONFIRMS (truncated clip),ok,1.0,/media/toor/Seagate3/YOUNG_MICE/Mouse943/Linear/concat/2025-12-16T17_31_35/Miniscope2025-12-16T17_31_35.avi
/media/toor/Seagate3/YOUNG_MICE/Mouse943/Round1.5/Linear/2025-12-17T17_37_03,measured,208,206.0,2.0,1.0,24002.0,24897.0,n/a (full-length clip),ok,5.0,/media/toor/Seagate2/RAW DATA/Mouse943/Miniscope2025-12-17T17_37_03.avi
/media/toor/Seagate3/YOUNG_MICE/Mouse943/Round1.5/Linear/2025-12-18T09_40_24,measured,13150,13150.0,0.0,1.0,19653.0,32803.0,CONFIRMS (truncated clip),ok,1.0,/media/toor/Seagate3/YOUNG_MICE/Mouse943/Linear/concat/2025-12-18T09_40_24/Miniscope2025-12-18T09_40_24.avi
/media/toor/Seagate3/YOUNG_MICE/Mouse943/Round1.5/TMaze/2025-12-04T17_09_18,no_exact_match,15,,,,,,,,,
/media/toor/Seagate3/YOUNG_MICE/Mouse943/Round1.5/TMaze/2025-12-05T16_44_52,measured,10026,10024.0,2.0,1.0,24002.0,34169.0,n/a (full-length clip),ok,1.0,/media/toor/Seagate3/YOUNG_MICE/Mouse943/TMaze/concat/2025-12-05T16_44_52/Miniscope2025-12-05T16_44_52.avi
/media/toor/Seagate3/YOUNG_MICE/Mouse943/Round1.5/TMaze/2025-12-06T17_27_45,no_exact_match,707,,,,,,,,,
/media/toor/Seagate3/YOUNG_MICE/Mouse943/Round1.5/TMaze/2025-12-07T17_56_20,no_exact_match,220,,,,,,,,,
/media/toor/Seagate3/YOUNG_MICE/Mouse943/Round1.5/TMaze/2025-12-08T18_55_32,no_exact_match,5034,,,,,,,,,
/media/toor/Seagate3/YOUNG_MICE/Mouse943/Round1.5/TMaze/2025-12-09T17_38_53,no_exact_match,24,,,,,,,,,
/media/toor/Seagate3/YOUNG_MICE/Mouse943/Round1.5/TMaze/2025-12-10T18_46_51,no_exact_match,4175,,,,,,,,,
/media/toor/Seagate3/YOUNG_MICE/Mouse943/Round1.5/TMaze/2025-12-11T17_02_23,measured,10850,10850.0,0.0,1.0,24000.0,44429.0,n/a (full-length clip),ok,1.0,/media/toor/Seagate3/YOUNG_MICE/Mouse943/TMaze/concat/2025-12-11T17_02_23/Miniscope2025-12-11T17_02_23.avi
/media/toor/Seagate3/YOUNG_MICE/Mouse943/Round1.5/TMaze/2025-12-12T18_00_50,measured,9779,9775.0,4.0,1.0,24004.0,44910.0,n/a (full-length clip),ok,1.0,/media/toor/Seagate3/YOUNG_MICE/Mouse943/TMaze/concat/2025-12-12T18_00_50/Miniscope2025-12-12T18_00_50.avi
/media/toor/Seagate3/YOUNG_MICE/Mouse943/Round1.5/TMaze/2025-12-13T18_37_22,measured,8631,8631.0,0.0,1.0,24000.0,45417.0,n/a (full-length clip),ok,1.0,/media/toor/Seagate3/YOUNG_MICE/Mouse943/TMaze/concat/2025-12-13T18_37_22/Miniscope2025-12-13T18_37_22.avi
/media/toor/Seagate3/YOUNG_MICE/Mouse943/Round1.5/TMaze/2025-12-14T16_59_57,measured,10692,10692.0,0.0,1.0,24000.0,36486.0,n/a (full-length clip),ok,1.0,/media/toor/Seagate3/YOUNG_MICE/Mouse943/TMaze/concat/2025-12-14T16_59_57/Miniscope2025-12-14T16_59_57.avi
/media/toor/Seagate3/YOUNG_MICE/Mouse943/Round1.5/TMaze/2025-12-15T17_01_14,no_exact_match,91,,,,,,,,,
/media/toor/Seagate3/YOUNG_MICE/Mouse943/Round1.5/TMaze/2025-12-16T17_50_18,measured,582,574.0,8.0,1.0,24008.0,34221.0,n/a (full-length clip),ok,1.0,/media/toor/Seagate3/YOUNG_MICE/Mouse943/TMaze/concat/2025-12-16T17_50_18/Miniscope2025-12-16T17_50_18.avi
/media/toor/Seagate3/YOUNG_MICE/Mouse943/Round1.5/TMaze/2025-12-17T17_05_56,measured,8604,8603.0,1.0,1.0,24001.0,42612.0,n/a (full-length clip),ok,5.0,/media/toor/Seagate3/YOUNG_MICE/Mouse943/TMaze/concat/2025-12-17T17_05_56/Miniscope2025-12-17T17_05_56.avi
/media/toor/Seagate3/YOUNG_MICE/Mouse943/Round1.5/TMaze/2025-12-18T10_03_32,measured,674,669.0,5.0,1.0,24005.0,36594.0,n/a (full-length clip),ok,1.0,/media/toor/Seagate3/YOUNG_MICE/Mouse943/TMaze/concat/2025-12-18T10_03_32/Miniscope2025-12-18T10_03_32.avi
/media/toor/Seagate3/YOUNG_MICE/Mouse943/Round1/Linear/2025-11-17T17_15_35,measured,9406,9406.0,0.0,1.0,24000.0,47258.0,n/a (full-length clip),ok,4.0,/media/toor/Seagate2/Mouse943/2025-11-17T17_15_35/Miniscope2025-11-17T17_15_35.avi
/media/toor/Seagate3/YOUNG_MICE/Mouse943/Round1/Linear/2025-11-18T17_44_50,measured,10249,10240.0,9.0,1.0,24009.0,44926.0,n/a (full-length clip),ok,5.0,/media/toor/Seagate2/Mouse943/2025-11-18T17_44_50/Miniscope2025-11-18T17_44_50.avi
/media/toor/Seagate3/YOUNG_MICE/Mouse943/Round1/Linear/2025-11-19T17_32_53,measured,1,1.0,0.0,1.0,24000.0,35157.0,n/a (full-length clip),ok,2.0,/media/toor/Seagate2/Mouse943/2025-11-19T17_32_53/Miniscope2025-11-19T17_32_53.avi
/media/toor/Seagate3/YOUNG_MICE/Mouse943/Round1/Linear/2025-11-20T16_55_03,measured,9168,9157.0,11.0,1.0,24011.0,50683.0,n/a (full-length clip),ok,4.0,/media/toor/Seagate2/Mouse943/untrimmed/2025-11-20T16_55_03/Miniscope2025-11-20T16_55_03.avi
/media/toor/Seagate3/YOUNG_MICE/Mouse943/Round1/Linear/2025-11-21T17_35_42,measured,8404,8394.0,10.0,1.0,24010.0,53480.0,n/a (full-length clip),ok,4.0,/media/toor/Seagate2/Mouse943/2025-11-21T17_35_42/Miniscope2025-11-21T17_35_42.avi
/media/toor/Seagate3/YOUNG_MICE/Mouse943/Round1/Linear/2025-11-22T17_18_48,measured,8441,8433.0,8.0,1.0,24008.0,45085.0,n/a (full-length clip),ok,4.0,/media/toor/Seagate2/Mouse943/2025-11-22T17_18_48/Miniscope2025-11-22T17_18_48.avi
/media/toor/Seagate3/YOUNG_MICE/Mouse943/Round1/Linear/2025-11-23T17_01_53,measured,11995,11995.0,0.0,1.0,24000.0,44743.0,n/a (full-length clip),ok,1.0,/media/toor/Seagate3/YOUNG_MICE/Mouse943/Linear/concat/2025-11-23T17_01_53/Miniscope2025-11-23T17_01_53.avi
/media/toor/Seagate3/YOUNG_MICE/Mouse943/Round1/Linear/2025-11-24T17_32_16,measured,9974,9963.0,11.0,1.0,24011.0,42043.0,n/a (full-length clip),ok,1.0,/media/toor/Seagate3/YOUNG_MICE/Mouse943/Linear/concat/2025-11-24T17_32_16/Miniscope2025-11-24T17_32_16.avi
/media/toor/Seagate3/YOUNG_MICE/Mouse943/Round1/Linear/2025-11-25T17_31_54,measured,10522,10515.0,7.0,1.0,24007.0,41564.0,n/a (full-length clip),ok,3.0,/media/toor/Seagate3/YOUNG_MICE/Mouse943/Linear/concat/2025-11-25T17_31_54/Miniscope2025-11-25T17_31_54.avi
/media/toor/Seagate3/YOUNG_MICE/Mouse943/Round1/Linear/2025-11-26T17_02_57,measured,8175,8171.0,4.0,1.0,24004.0,39806.0,n/a (full-length clip),ok,4.0,/media/toor/Seagate2/Mouse943/awaiting_dlc/2025-11-26T17_02_57/Miniscope2025-11-26T17_02_57.avi
/media/toor/Seagate3/YOUNG_MICE/Mouse943/Round1/Linear/2025-11-27T17_18_37,measured,8811,8805.0,6.0,1.0,24006.0,39882.0,n/a (full-length clip),ok,1.0,/media/toor/Seagate3/YOUNG_MICE/Mouse943/Linear/concat/2025-11-27T17_18_37/Miniscope2025-11-27T17_18_37.avi
/media/toor/Seagate3/YOUNG_MICE/Mouse943/Round1/Linear/2025-11-29T17_37_18,measured,10987,10983.0,4.0,1.0,24004.0,40394.0,n/a (full-length clip),ok,1.0,/media/toor/Seagate3/YOUNG_MICE/Mouse943/Linear/concat/2025-11-29T17_37_18/Miniscope2025-11-29T17_37_18.avi
/media/toor/Seagate3/YOUNG_MICE/Mouse943/Round1/Linear/2025-11-30T17_33_16,measured,8940,8935.0,5.0,1.0,24005.0,39781.0,n/a (full-length clip),ok,1.0,/media/toor/Seagate3/YOUNG_MICE/Mouse943/Linear/concat/2025-11-30T17_33_16/Miniscope2025-11-30T17_33_16.avi
/media/toor/Seagate3/YOUNG_MICE/Mouse943/Round1/Linear/2025-12-01T17_49_14,measured,8687,8687.0,0.0,1.0,24000.0,41006.0,n/a (full-length clip),ok,3.0,/media/toor/Seagate2/Mouse943/awaiting_dlc/2025-12-01T17_49_14/Miniscope2025-12-01T17_49_14.avi
/media/toor/Seagate3/YOUNG_MICE/Mouse943/Round1/Linear/2025-12-02T17_58_09,measured,9246,9236.0,10.0,1.0,24010.0,40896.0,n/a (full-length clip),ok,1.0,/media/toor/Seagate3/YOUNG_MICE/Mouse943/Linear/concat/2025-12-02T17_58_09/Miniscope2025-12-02T17_58_09.avi
/media/toor/Seagate3/YOUNG_MICE/Mouse943/Round1/Linear/2025-12-03T17_58_08,measured,10236,10232.0,4.0,1.0,24004.0,44392.0,n/a (full-length clip),ok,1.0,/media/toor/Seagate3/YOUNG_MICE/Mouse943/Linear/concat/2025-12-03T17_58_08/Miniscope2025-12-03T17_58_08.avi
/media/toor/Seagate3/YOUNG_MICE/Mouse945/Round1.5/Linear/2026-02-10T17_37_18,measured,0,0.0,0.0,1.0,24000.0,29117.0,n/a (full-length clip),ok,1.0,/media/toor/Seagate3/YOUNG_MICE/Mouse945/Linear/concat/2026-02-10T17_37_18/Miniscope2026-02-10T17_37_18.avi
/media/toor/Seagate3/YOUNG_MICE/Mouse945/Round1.5/Linear/2026-02-11T17_12_38,measured,471,468.0,3.0,1.0,24003.0,30868.0,n/a (full-length clip),ok,1.0,/media/toor/Seagate3/YOUNG_MICE/Mouse945/Linear/concat/2026-02-11T17_12_38/Miniscope2026-02-11T17_12_38.avi
/media/toor/Seagate3/YOUNG_MICE/Mouse945/Round1.5/Linear/2026-02-12T16_55_14,measured,380,372.0,8.0,1.0,24008.0,31046.0,n/a (full-length clip),ok,1.0,/media/toor/Seagate3/YOUNG_MICE/Mouse945/Linear/concat/2026-02-12T16_55_14/Miniscope2026-02-12T16_55_14.avi
/media/toor/Seagate3/YOUNG_MICE/Mouse945/Round1.5/Linear/2026-02-13T17_36_20,measured,8860,8854.0,6.0,1.0,24006.0,42925.0,n/a (full-length clip),ok,1.0,/media/toor/Seagate3/YOUNG_MICE/Mouse945/Linear/concat/2026-02-13T17_36_20/Miniscope2026-02-13T17_36_20.avi
/media/toor/Seagate3/YOUNG_MICE/Mouse945/Round1.5/Linear/2026-02-14T17_48_19,measured,154,146.0,8.0,1.0,24008.0,32800.0,n/a (full-length clip),ok,1.0,/media/toor/Seagate3/YOUNG_MICE/Mouse945/Linear/concat/2026-02-14T17_48_19/Miniscope2026-02-14T17_48_19.avi
/media/toor/Seagate3/YOUNG_MICE/Mouse945/Round1.5/Linear/2026-02-15T18_27_09,measured,522,517.0,5.0,1.0,24005.0,32887.0,n/a (full-length clip),ok,4.0,/media/toor/Seagate2/YOUNG_MICE/Mouse945/Miniscope2026-02-15T18_27_09.avi
/media/toor/Seagate3/YOUNG_MICE/Mouse945/Round1.5/Linear/2026-02-16T15_04_39,measured,8747,8743.0,4.0,1.0,22579.0,31322.0,CONFIRMS (truncated clip),ok,1.0,/media/toor/Seagate3/YOUNG_MICE/Mouse945/Linear/concat/2026-02-16T15_04_39/Miniscope2026-02-16T15_04_39.avi
/media/toor/Seagate3/YOUNG_MICE/Mouse945/Round1.5/Linear/2026-02-17T16_41_37,measured,391,384.0,7.0,1.0,24007.0,33886.0,n/a (full-length clip),ok,1.0,/media/toor/Seagate3/YOUNG_MICE/Mouse945/Linear/concat/2026-02-17T16_41_37/Miniscope2026-02-17T16_41_37.avi
/media/toor/Seagate3/YOUNG_MICE/Mouse945/Round1.5/Linear/2026-02-18T15_33_38,measured,9317,9312.0,5.0,1.0,24005.0,40025.0,n/a (full-length clip),ok,1.0,/media/toor/Seagate3/YOUNG_MICE/Mouse945/Linear/concat/2026-02-18T15_33_38/Miniscope2026-02-18T15_33_38.avi
/media/toor/Seagate3/YOUNG_MICE/Mouse945/Round1.5/Linear/2026-02-19T17_43_59,measured,8154,8146.0,8.0,1.0,24008.0,39184.0,n/a (full-length clip),ok,1.0,/media/toor/Seagate3/YOUNG_MICE/Mouse945/Linear/concat/2026-02-19T17_43_59/Miniscope2026-02-19T17_43_59.avi
/media/toor/Seagate3/YOUNG_MICE/Mouse945/Round1.5/Linear/2026-02-20T16_15_18,measured,8692,8688.0,4.0,1.0,15790.0,24478.0,CONFIRMS (truncated clip),ok,1.0,/media/toor/Seagate3/YOUNG_MICE/Mouse945/Linear/concat/2026-02-20T16_15_18/Miniscope2026-02-20T16_15_18.avi
/media/toor/Seagate3/YOUNG_MICE/Mouse945/Round1.5/Linear/2026-02-21T17_08_15,measured,13491,13490.0,1.0,1.0,24001.0,43805.0,n/a (full-length clip),ok,1.0,/media/toor/Seagate3/YOUNG_MICE/Mouse945/Linear/concat/2026-02-21T17_08_15/Miniscope2026-02-21T17_08_15.avi
/media/toor/Seagate3/YOUNG_MICE/Mouse945/Round1.5/Linear/2026-02-23T18_11_23,measured,267,265.0,2.0,1.0,24002.0,31190.0,n/a (full-length clip),ok,1.0,/media/toor/Seagate3/YOUNG_MICE/Mouse945/Linear/concat/2026-02-23T18_11_23/Miniscope2026-02-23T18_11_23.avi
/media/toor/Seagate3/YOUNG_MICE/Mouse945/Round1.5/Linear/2026-02-24T17_18_42,measured,8317,8306.0,11.0,1.0,20112.0,28418.0,CONFIRMS (truncated clip),ok,1.0,/media/toor/Seagate3/YOUNG_MICE/Mouse945/Linear/concat/2026-02-24T17_18_42/Miniscope2026-02-24T17_18_42.avi
/media/toor/Seagate3/YOUNG_MICE/Mouse945/Round1.5/Linear/2026-02-25T16_48_50,measured,306,300.0,6.0,1.0,24006.0,33654.0,n/a (full-length clip),ok,1.0,/media/toor/Seagate3/YOUNG_MICE/Mouse945/Linear/concat/2026-02-25T16_48_50/Miniscope2026-02-25T16_48_50.avi
/media/toor/Seagate3/YOUNG_MICE/Mouse945/Round1.5/Linear/2026-02-26T16_29_43,measured,8287,8284.0,3.0,1.0,19606.0,27890.0,CONFIRMS (truncated clip),ok,1.0,/media/toor/Seagate3/YOUNG_MICE/Mouse945/Linear/concat/2026-02-26T16_29_43/Miniscope2026-02-26T16_29_43.avi
/media/toor/Seagate3/YOUNG_MICE/Mouse945/Round1.5/Linear/2026-02-27T18_24_33,measured,214,205.0,9.0,1.0,24009.0,32098.0,n/a (full-length clip),ok,1.0,/media/toor/Seagate3/YOUNG_MICE/Mouse945/Linear/concat/2026-02-27T18_24_33/Miniscope2026-02-27T18_24_33.avi
/media/toor/Seagate3/YOUNG_MICE/Mouse945/Round1.5/Linear/2026-02-28T17_25_39,measured,9213,9206.0,7.0,1.0,17876.0,27082.0,CONFIRMS (truncated clip),ok,1.0,/media/toor/Seagate3/YOUNG_MICE/Mouse945/Linear/concat/2026-02-28T17_25_39/Miniscope2026-02-28T17_25_39.avi
/media/toor/Seagate3/YOUNG_MICE/Mouse945/Round1.5/Linear/2026-03-01T18_41_54,measured,152,145.0,7.0,1.0,19844.0,19989.0,CONFIRMS (truncated clip),ok,5.0,/media/toor/Seagate2/YOUNG_MICE/Mouse945/Miniscope2026-03-01T18_41_54.avi
/media/toor/Seagate3/YOUNG_MICE/Mouse945/Round1.5/TMaze/2026-02-10T17_04_23,no_exact_match,136,,,,,,,,,
/media/toor/Seagate3/YOUNG_MICE/Mouse945/Round1.5/TMaze/2026-02-11T16_40_50,measured,8678,8677.0,1.0,1.0,24001.0,44584.0,n/a (full-length clip),ok,1.0,/media/toor/Seagate3/YOUNG_MICE/Mouse945/TMaze/concat/2026-02-11T16_40_50/Miniscope2026-02-11T16_40_50.avi
/media/toor/Seagate3/YOUNG_MICE/Mouse945/Round1.5/TMaze/2026-02-12T16_25_51,no_exact_match,966,,,,,,,,,
/media/toor/Seagate3/YOUNG_MICE/Mouse945/Round1.5/TMaze/2026-02-13T17_12_23,measured,8609,8601.0,8.0,1.0,24008.0,33218.0,n/a (full-length clip),ok,1.0,/media/toor/Seagate3/YOUNG_MICE/Mouse945/TMaze/concat/2026-02-13T17_12_23/Miniscope2026-02-13T17_12_23.avi
/media/toor/Seagate3/YOUNG_MICE/Mouse945/Round1.5/TMaze/2026-02-14T17_17_22,measured,9701,9697.0,4.0,1.0,24004.0,44018.0,n/a (full-length clip),ok,1.0,/media/toor/Seagate3/YOUNG_MICE/Mouse945/TMaze/concat/2026-02-14T17_17_22/Miniscope2026-02-14T17_17_22.avi
/media/toor/Seagate3/YOUNG_MICE/Mouse945/Round1.5/TMaze/2026-02-15T17_58_08,measured,9356,9345.0,11.0,1.0,24011.0,41492.0,n/a (full-length clip),ok,1.0,/media/toor/Seagate3/YOUNG_MICE/Mouse945/TMaze/concat/2026-02-15T17_58_08/Miniscope2026-02-15T17_58_08.avi
/media/toor/Seagate3/YOUNG_MICE/Mouse945/Round1.5/TMaze/2026-02-16T15_28_21,measured,0,0.0,0.0,1.0,24000.0,32871.0,n/a (full-length clip),ok,1.0,/media/toor/Seagate3/YOUNG_MICE/Mouse945/TMaze/concat/2026-02-16T15_28_21/Miniscope2026-02-16T15_28_21.avi
/media/toor/Seagate3/YOUNG_MICE/Mouse945/Round1.5/TMaze/2026-02-17T16_08_55,measured,9872,9862.0,10.0,1.0,24010.0,42658.0,n/a (full-length clip),ok,1.0,/media/toor/Seagate3/YOUNG_MICE/Mouse945/TMaze/concat/2026-02-17T16_08_55/Miniscope2026-02-17T16_08_55.avi
/media/toor/Seagate3/YOUNG_MICE/Mouse945/Round1.5/TMaze/2026-02-18T16_02_18,measured,476,468.0,8.0,1.0,24008.0,38679.0,n/a (full-length clip),ok,1.0,/media/toor/Seagate3/YOUNG_MICE/Mouse945/TMaze/concat/2026-02-18T16_02_18/Miniscope2026-02-18T16_02_18.avi
/media/toor/Seagate3/YOUNG_MICE/Mouse945/Round1.5/TMaze/2026-02-19T17_16_05,measured,8629,8629.0,0.0,1.0,24000.0,37577.0,n/a (full-length clip),ok,1.0,/media/toor/Seagate3/YOUNG_MICE/Mouse945/TMaze/concat/2026-02-19T17_16_05/Miniscope2026-02-19T17_16_05.avi
/media/toor/Seagate3/YOUNG_MICE/Mouse945/Round1.5/TMaze/2026-02-20T16_32_05,measured,601,600.0,1.0,1.0,24001.0,33052.0,n/a (full-length clip),ok,1.0,/media/toor/Seagate3/YOUNG_MICE/Mouse945/TMaze/concat/2026-02-20T16_32_05/Miniscope2026-02-20T16_32_05.avi
/media/toor/Seagate3/YOUNG_MICE/Mouse945/Round1.5/TMaze/2026-02-21T16_36_21,measured,8659,8653.0,6.0,1.0,24006.0,39566.0,n/a (full-length clip),ok,1.0,/media/toor/Seagate3/YOUNG_MICE/Mouse945/TMaze/concat/2026-02-21T16_36_21/Miniscope2026-02-21T16_36_21.avi
/media/toor/Seagate3/YOUNG_MICE/Mouse945/Round1.5/TMaze/2026-02-23T17_41_31,measured,8445,8438.0,7.0,1.0,24007.0,40635.0,n/a (full-length clip),ok,1.0,/media/toor/Seagate3/YOUNG_MICE/Mouse945/TMaze/concat/2026-02-23T17_41_31/Miniscope2026-02-23T17_41_31.avi
/media/toor/Seagate3/YOUNG_MICE/Mouse945/Round1.5/TMaze/2026-02-24T17_39_39,measured,536,529.0,7.0,1.0,24007.0,36981.0,n/a (full-length clip),ok,1.0,/media/toor/Seagate3/YOUNG_MICE/Mouse945/TMaze/concat/2026-02-24T17_39_39/Miniscope2026-02-24T17_39_39.avi
/media/toor/Seagate3/YOUNG_MICE/Mouse945/Round1.5/TMaze/2026-02-25T16_16_02,measured,9244,9236.0,8.0,1.0,24008.0,41224.0,n/a (full-length clip),ok,1.0,/media/toor/Seagate3/YOUNG_MICE/Mouse945/TMaze/concat/2026-02-25T16_16_02/Miniscope2026-02-25T16_16_02.avi
/media/toor/Seagate3/YOUNG_MICE/Mouse945/Round1.5/TMaze/2026-02-26T16_49_28,measured,324,324.0,0.0,1.0,24000.0,33059.0,n/a (full-length clip),ok,1.0,/media/toor/Seagate3/YOUNG_MICE/Mouse945/TMaze/concat/2026-02-26T16_49_28/Miniscope2026-02-26T16_49_28.avi
/media/toor/Seagate3/YOUNG_MICE/Mouse945/Round1.5/TMaze/2026-02-27T17_51_54,measured,9376,9365.0,11.0,1.0,24011.0,43900.0,n/a (full-length clip),ok,1.0,/media/toor/Seagate3/YOUNG_MICE/Mouse945/TMaze/concat/2026-02-27T17_51_54/Miniscope2026-02-27T17_51_54.avi
/media/toor/Seagate3/YOUNG_MICE/Mouse945/Round1.5/TMaze/2026-02-28T17_46_14,measured,243,240.0,3.0,1.0,24003.0,33907.0,n/a (full-length clip),ok,1.0,/media/toor/Seagate3/YOUNG_MICE/Mouse945/TMaze/concat/2026-02-28T17_46_14/Miniscope2026-02-28T17_46_14.avi
/media/toor/Seagate3/YOUNG_MICE/Mouse945/Round1.5/TMaze/2026-03-01T18_12_10,measured,8888,8879.0,9.0,1.0,24009.0,40856.0,n/a (full-length clip),ok,1.0,/media/toor/Seagate3/YOUNG_MICE/Mouse945/TMaze/concat/2026-03-01T18_12_10/Miniscope2026-03-01T18_12_10.avi
/media/toor/Seagate3/YOUNG_MICE/Mouse945/Round1/Linear/2026-01-21T17_26_52,measured,11888,11879.0,9.0,1.0,24009.0,63438.0,n/a (full-length clip),ok,2.0,/media/toor/Seagate3/YOUNG_MICE/Mouse945/Linear/concat/2026-01-21T17_26_52/Miniscope2026-01-21T17_26_52.avi
/media/toor/Seagate3/YOUNG_MICE/Mouse945/Round1/Linear/2026-01-22T16_13_55,measured,9522,9515.0,7.0,1.0,24007.0,52946.0,n/a (full-length clip),ok,2.0,/media/toor/Seagate3/YOUNG_MICE/Mouse945/Linear/concat/2026-01-22T16_13_55/Miniscope2026-01-22T16_13_55.avi
/media/toor/Seagate3/YOUNG_MICE/Mouse945/Round1/Linear/2026-01-23T16_11_57,measured,12170,12164.0,6.0,1.0,24006.0,52384.0,n/a (full-length clip),ok,2.0,/media/toor/Seagate3/YOUNG_MICE/Mouse945/Linear/concat/2026-01-23T16_11_57/Miniscope2026-01-23T16_11_57.avi
/media/toor/Seagate3/YOUNG_MICE/Mouse945/Round1/Linear/2026-01-24T16_07_58,measured,9464,9454.0,10.0,1.0,24010.0,47311.0,n/a (full-length clip),ok,2.0,/media/toor/Seagate3/YOUNG_MICE/Mouse945/Linear/concat/2026-01-24T16_07_58/Miniscope2026-01-24T16_07_58.avi
/media/toor/Seagate3/YOUNG_MICE/Mouse945/Round1/Linear/2026-01-25T16_38_57,measured,10306,10298.0,8.0,1.0,24008.0,44192.0,n/a (full-length clip),ok,2.0,/media/toor/Seagate3/YOUNG_MICE/Mouse945/Linear/concat/2026-01-25T16_38_57/Miniscope2026-01-25T16_38_57.avi
/media/toor/Seagate3/YOUNG_MICE/Mouse945/Round1/Linear/2026-01-26T17_01_36,measured,8810,8801.0,9.0,1.0,24009.0,40664.0,n/a (full-length clip),ok,2.0,/media/toor/Seagate3/YOUNG_MICE/Mouse945/Linear/concat/2026-01-26T17_01_36/Miniscope2026-01-26T17_01_36.avi
/media/toor/Seagate3/YOUNG_MICE/Mouse945/Round1/Linear/2026-01-27T16_42_53,measured,9375,9371.0,4.0,1.0,24004.0,45655.0,n/a (full-length clip),ok,2.0,/media/toor/Seagate3/YOUNG_MICE/Mouse945/Linear/concat/2026-01-27T16_42_53/Miniscope2026-01-27T16_42_53.avi
/media/toor/Seagate3/YOUNG_MICE/Mouse945/Round1/Linear/2026-01-28T16_39_36,measured,14110,14105.0,5.0,1.0,24005.0,47391.0,n/a (full-length clip),ok,2.0,/media/toor/Seagate3/YOUNG_MICE/Mouse945/Linear/concat/2026-01-28T16_39_36/Miniscope2026-01-28T16_39_36.avi
/media/toor/Seagate3/YOUNG_MICE/Mouse945/Round1/Linear/2026-01-29T16_27_50,measured,8453,8448.0,5.0,1.0,24005.0,39595.0,n/a (full-length clip),ok,2.0,/media/toor/Seagate3/YOUNG_MICE/Mouse945/Linear/concat/2026-01-29T16_27_50/Miniscope2026-01-29T16_27_50.avi
/media/toor/Seagate3/YOUNG_MICE/Mouse945/Round1/Linear/2026-01-30T17_14_09,measured,9029,9018.0,11.0,1.0,24011.0,43812.0,n/a (full-length clip),ok,2.0,/media/toor/Seagate3/YOUNG_MICE/Mouse945/Linear/concat/2026-01-30T17_14_09/Miniscope2026-01-30T17_14_09.avi
/media/toor/Seagate3/YOUNG_MICE/Mouse945/Round1/Linear/2026-01-31T14_48_26,measured,8684,8681.0,3.0,1.0,24003.0,40577.0,n/a (full-length clip),ok,2.0,/media/toor/Seagate3/YOUNG_MICE/Mouse945/Linear/concat/2026-01-31T14_48_26/Miniscope2026-01-31T14_48_26.avi
/media/toor/Seagate3/YOUNG_MICE/Mouse945/Round1/Linear/2026-02-01T16_25_53,measured,8500,8498.0,2.0,1.0,23078.0,31576.0,CONFIRMS (truncated clip),ok,2.0,/media/toor/Seagate3/YOUNG_MICE/Mouse945/Linear/concat/2026-02-01T16_25_53/Miniscope2026-02-01T16_25_53.avi
/media/toor/Seagate3/YOUNG_MICE/Mouse945/Round1/Linear/2026-02-02T16_03_36,measured,9969,9964.0,5.0,1.0,24005.0,42199.0,n/a (full-length clip),ok,2.0,/media/toor/Seagate3/YOUNG_MICE/Mouse945/Linear/concat/2026-02-02T16_03_36/Miniscope2026-02-02T16_03_36.avi
/media/toor/Seagate3/YOUNG_MICE/Mouse945/Round1/Linear/2026-02-03T16_44_19,measured,9160,9158.0,2.0,1.0,24002.0,39250.0,n/a (full-length clip),ok,1.0,/media/toor/Seagate3/YOUNG_MICE/Mouse945/Linear/concat/2026-02-03T16_44_19/Miniscope2026-02-03T16_44_19.avi
/media/toor/Seagate3/YOUNG_MICE/Mouse945/Round1/Linear/2026-02-04T16_20_45,measured,8329,8318.0,11.0,1.0,21740.0,30058.0,CONFIRMS (truncated clip),ok,1.0,/media/toor/Seagate3/YOUNG_MICE/Mouse945/Linear/concat/2026-02-04T16_20_45/Miniscope2026-02-04T16_20_45.avi
/media/toor/Seagate3/YOUNG_MICE/Mouse945/Round1/Linear/2026-02-05T16_24_37,measured,8309,8309.0,0.0,1.0,24000.0,36151.0,n/a (full-length clip),ok,1.0,/media/toor/Seagate3/YOUNG_MICE/Mouse945/Linear/concat/2026-02-05T16_24_37/Miniscope2026-02-05T16_24_37.avi
/media/toor/Seagate3/YOUNG_MICE/Mouse945/Round1/Linear/2026-02-06T16_33_46,measured,7643,7643.0,0.0,1.0,21571.0,29214.0,CONFIRMS (truncated clip),ok,1.0,/media/toor/Seagate3/YOUNG_MICE/Mouse945/Linear/concat/2026-02-06T16_33_46/Miniscope2026-02-06T16_33_46.avi
/media/toor/Seagate3/YOUNG_MICE/Mouse945/Round1/Linear/2026-02-07T17_05_17,measured,13169,13169.0,0.0,1.0,24000.0,42697.0,n/a (full-length clip),ok,1.0,/media/toor/Seagate3/YOUNG_MICE/Mouse945/Linear/concat/2026-02-07T17_05_17/Miniscope2026-02-07T17_05_17.avi
/media/toor/Seagate3/YOUNG_MICE/Mouse945/Round1/Linear/2026-02-08T15_42_05,measured,8742,8734.0,8.0,1.0,24008.0,41598.0,n/a (full-length clip),ok,1.0,/media/toor/Seagate3/YOUNG_MICE/Mouse945/Linear/concat/2026-02-08T15_42_05/Miniscope2026-02-08T15_42_05.avi
/media/toor/Seagate3/YOUNG_MICE/Mouse945/Round1/Linear/2026-02-09T17_05_16,measured,8952,8947.0,5.0,1.0,24005.0,40995.0,n/a (full-length clip),ok,1.0,/media/toor/Seagate3/YOUNG_MICE/Mouse945/Linear/concat/2026-02-09T17_05_16/Miniscope2026-02-09T17_05_16.avi
/media/toor/Seagate3/YOUNG_MICE/Mouse946/Round1.5/Linear/2026-02-10T16_37_18,measured,373,370.0,3.0,1.0,24003.0,33372.0,n/a (full-length clip),ok,1.0,/media/toor/Seagate3/YOUNG_MICE/Mouse946/Linear/concat/2026-02-10T16_37_18/Miniscope2026-02-10T16_37_18.avi
/media/toor/Seagate3/YOUNG_MICE/Mouse946/Round1.5/Linear/2026-02-11T16_05_45,measured,8029,8024.0,5.0,1.0,24005.0,45180.0,n/a (full-length clip),ok,1.0,/media/toor/Seagate3/YOUNG_MICE/Mouse946/Linear/concat/2026-02-11T16_05_45/Miniscope2026-02-11T16_05_45.avi
/media/toor/Seagate3/YOUNG_MICE/Mouse946/Round1.5/Linear/2026-02-12T18_02_03,measured,180,169.0,11.0,1.0,24011.0,31344.0,n/a (full-length clip),ok,1.0,/media/toor/Seagate3/YOUNG_MICE/Mouse946/Linear/concat/2026-02-12T18_02_03/Miniscope2026-02-12T18_02_03.avi
/media/toor/Seagate3/YOUNG_MICE/Mouse946/Round1.5/Linear/2026-02-13T16_37_24,measured,8145,8137.0,8.0,1.0,24008.0,39296.0,n/a (full-length clip),ok,1.0,/media/toor/Seagate3/YOUNG_MICE/Mouse946/Linear/concat/2026-02-13T16_37_24/Miniscope2026-02-13T16_37_24.avi
/media/toor/Seagate3/YOUNG_MICE/Mouse946/Round1.5/Linear/2026-02-14T18_55_39,measured,7986,7981.0,5.0,1.0,24005.0,33307.0,n/a (full-length clip),ok,1.0,/media/toor/Seagate3/YOUNG_MICE/Mouse946/Linear/concat/2026-02-14T18_55_39/Miniscope2026-02-14T18_55_39.avi
/media/toor/Seagate3/YOUNG_MICE/Mouse946/Round1.5/Linear/2026-02-15T19_22_41,measured,358,353.0,5.0,1.0,24005.0,32576.0,n/a (full-length clip),ok,1.0,/media/toor/Seagate3/YOUNG_MICE/Mouse946/Linear/concat/2026-02-15T19_22_41/Miniscope2026-02-15T19_22_41.avi
/media/toor/Seagate3/YOUNG_MICE/Mouse946/Round1.5/Linear/2026-02-16T15_59_24,measured,15377,15377.0,0.0,1.0,18289.0,33666.0,CONFIRMS (truncated clip),ok,1.0,/media/toor/Seagate3/YOUNG_MICE/Mouse946/Linear/concat/2026-02-16T15_59_24/Miniscope2026-02-16T15_59_24.avi
/media/toor/Seagate3/YOUNG_MICE/Mouse946/Round1.5/Linear/2026-02-17T17_40_42,measured,201,193.0,8.0,1.0,24008.0,35198.0,n/a (full-length clip),ok,1.0,/media/toor/Seagate3/YOUNG_MICE/Mouse946/Linear/concat/2026-02-17T17_40_42/Miniscope2026-02-17T17_40_42.avi
/media/toor/Seagate3/YOUNG_MICE/Mouse946/Round1.5/Linear/2026-02-18T17_14_56,measured,253,252.0,1.0,1.0,24001.0,30732.0,n/a (full-length clip),ok,1.0,/media/toor/Seagate3/YOUNG_MICE/Mouse946/Linear/concat/2026-02-18T17_14_56/Miniscope2026-02-18T17_14_56.avi
/media/toor/Seagate3/YOUNG_MICE/Mouse946/Round1.5/Linear/2026-02-19T16_26_01,measured,11961,11953.0,8.0,1.0,17588.0,29541.0,CONFIRMS (truncated clip),ok,1.0,/media/toor/Seagate3/YOUNG_MICE/Mouse946/Linear/concat/2026-02-19T16_26_01/Miniscope2026-02-19T16_26_01.avi
/media/toor/Seagate3/YOUNG_MICE/Mouse946/Round1.5/Linear/2026-02-20T17_22_23,measured,8042,8042.0,0.0,1.0,24000.0,38664.0,n/a (full-length clip),ok,1.0,/media/toor/Seagate3/YOUNG_MICE/Mouse946/Linear/concat/2026-02-20T17_22_23/Miniscope2026-02-20T17_22_23.avi
/media/toor/Seagate3/YOUNG_MICE/Mouse946/Round1.5/Linear/2026-02-21T15_46_18,measured,10246,10243.0,3.0,1.0,18852.0,29095.0,CONFIRMS (truncated clip),ok,1.0,/media/toor/Seagate3/YOUNG_MICE/Mouse946/Linear/concat/2026-02-21T15_46_18/Miniscope2026-02-21T15_46_18.avi
/media/toor/Seagate3/YOUNG_MICE/Mouse946/Round1.5/Linear/2026-02-23T16_50_12,measured,9108,9108.0,0.0,1.0,18280.0,27388.0,CONFIRMS (truncated clip),ok,1.0,/media/toor/Seagate3/YOUNG_MICE/Mouse946/Linear/concat/2026-02-23T16_50_12/Miniscope2026-02-23T16_50_12.avi
/media/toor/Seagate3/YOUNG_MICE/Mouse946/Round1.5/Linear/2026-02-24T18_38_32,measured,439,433.0,6.0,1.0,24006.0,30786.0,n/a (full-length clip),ok,1.0,/media/toor/Seagate3/YOUNG_MICE/Mouse946/Linear/concat/2026-02-24T18_38_32/Miniscope2026-02-24T18_38_32.avi
/media/toor/Seagate3/YOUNG_MICE/Mouse946/Round1.5/Linear/2026-02-25T15_28_49,measured,8375,8370.0,5.0,1.0,18651.0,27021.0,CONFIRMS (truncated clip),ok,1.0,/media/toor/Seagate3/YOUNG_MICE/Mouse946/Linear/concat/2026-02-25T15_28_49/Miniscope2026-02-25T15_28_49.avi
/media/toor/Seagate3/YOUNG_MICE/Mouse946/Round1.5/Linear/2026-02-26T17_46_52,measured,149,147.0,2.0,1.0,24002.0,31499.0,n/a (full-length clip),ok,1.0,/media/toor/Seagate3/YOUNG_MICE/Mouse946/Linear/concat/2026-02-26T17_46_52/Miniscope2026-02-26T17_46_52.avi
/media/toor/Seagate3/YOUNG_MICE/Mouse946/Round1.5/Linear/2026-02-27T16_58_30,measured,9168,9157.0,11.0,1.0,17353.0,26510.0,CONFIRMS (truncated clip),ok,1.0,/media/toor/Seagate3/YOUNG_MICE/Mouse946/Linear/concat/2026-02-27T16_58_30/Miniscope2026-02-27T16_58_30.avi
/media/toor/Seagate3/YOUNG_MICE/Mouse946/Round1.5/Linear/2026-02-28T18_44_21,measured,276,274.0,2.0,1.0,24002.0,31939.0,n/a (full-length clip),ok,1.0,/media/toor/Seagate3/YOUNG_MICE/Mouse946/Linear/concat/2026-02-28T18_44_21/Miniscope2026-02-28T18_44_21.avi
/media/toor/Seagate3/YOUNG_MICE/Mouse946/Round1.5/Linear/2026-03-01T17_24_23,measured,8379,8379.0,0.0,1.0,21384.0,29763.0,CONFIRMS (truncated clip),ok,1.0,/media/toor/Seagate3/YOUNG_MICE/Mouse946/Linear/concat/2026-03-01T17_24_23/Miniscope2026-03-01T17_24_23.avi
/media/toor/Seagate3/YOUNG_MICE/Mouse946/Round1.5/TMaze/2026-02-10T15_59_47,measured,8365,8363.0,2.0,1.0,24002.0,47208.0,n/a (full-length clip),ok,1.0,/media/toor/Seagate3/YOUNG_MICE/Mouse946/TMaze/concat/2026-02-10T15_59_47/Miniscope2026-02-10T15_59_47.avi
/media/toor/Seagate3/YOUNG_MICE/Mouse946/Round1.5/TMaze/2026-02-11T15_36_24,measured,8078,8068.0,10.0,1.0,24010.0,34709.0,n/a (full-length clip),ok,1.0,/media/toor/Seagate3/YOUNG_MICE/Mouse946/TMaze/concat/2026-02-11T15_36_24/Miniscope2026-02-11T15_36_24.avi
/media/toor/Seagate3/YOUNG_MICE/Mouse946/Round1.5/TMaze/2026-02-12T17_23_14,measured,5154,5152.0,2.0,1.0,24002.0,37782.0,n/a (full-length clip),ok,1.0,/media/toor/Seagate3/YOUNG_MICE/Mouse946/TMaze/concat/2026-02-12T17_23_14/Miniscope2026-02-12T17_23_14.avi
/media/toor/Seagate3/YOUNG_MICE/Mouse946/Round1.5/TMaze/2026-02-13T16_13_34,measured,9325,9316.0,9.0,1.0,24009.0,33648.0,n/a (full-length clip),ok,1.0,/media/toor/Seagate3/YOUNG_MICE/Mouse946/TMaze/concat/2026-02-13T16_13_34/Miniscope2026-02-13T16_13_34.avi
/media/toor/Seagate3/YOUNG_MICE/Mouse946/Round1.5/TMaze/2026-02-14T18_21_21,measured,9027,9018.0,9.0,1.0,24009.0,38436.0,n/a (full-length clip),ok,1.0,/media/toor/Seagate3/YOUNG_MICE/Mouse946/TMaze/concat/2026-02-14T18_21_21/Miniscope2026-02-14T18_21_21.avi
/media/toor/Seagate3/YOUNG_MICE/Mouse946/Round1.5/TMaze/2026-02-15T17_16_12,measured,17372,17372.0,0.0,1.0,24000.0,48847.0,n/a (full-length clip),ok,1.0,/media/toor/Seagate3/YOUNG_MICE/Mouse946/TMaze/concat/2026-02-15T17_16_12/Miniscope2026-02-15T17_16_12.avi
/media/toor/Seagate3/YOUNG_MICE/Mouse946/Round1.5/TMaze/2026-02-16T16_25_16,measured,702,702.0,0.0,1.0,24000.0,34938.0,n/a (full-length clip),ok,1.0,/media/toor/Seagate3/YOUNG_MICE/Mouse946/TMaze/concat/2026-02-16T16_25_16/Miniscope2026-02-16T16_25_16.avi
/media/toor/Seagate3/YOUNG_MICE/Mouse946/Round1.5/TMaze/2026-02-17T17_10_03,measured,8437,8435.0,2.0,1.0,24002.0,38093.0,n/a (full-length clip),ok,1.0,/media/toor/Seagate3/YOUNG_MICE/Mouse946/TMaze/concat/2026-02-17T17_10_03/Miniscope2026-02-17T17_10_03.avi
/media/toor/Seagate3/YOUNG_MICE/Mouse946/Round1.5/TMaze/2026-02-18T16_43_03,measured,9661,9651.0,10.0,1.0,24010.0,42298.0,n/a (full-length clip),ok,1.0,/media/toor/Seagate3/YOUNG_MICE/Mouse946/TMaze/concat/2026-02-18T16_43_03/Miniscope2026-02-18T16_43_03.avi
/media/toor/Seagate3/YOUNG_MICE/Mouse946/Round1.5/TMaze/2026-02-19T16_47_52,measured,565,561.0,4.0,1.0,24004.0,36248.0,n/a (full-length clip),ok,1.0,/media/toor/Seagate3/YOUNG_MICE/Mouse946/TMaze/concat/2026-02-19T16_47_52/Miniscope2026-02-19T16_47_52.avi
/media/toor/Seagate3/YOUNG_MICE/Mouse946/Round1.5/TMaze/2026-02-20T16_58_26,measured,9132,9127.0,5.0,1.0,19918.0,29045.0,CONFIRMS (truncated clip),ok,3.0,/media/toor/Seagate2/YOUNG_MICE/Mouse946/Miniscope2026-02-20T16_58_26.avi
/media/toor/Seagate3/YOUNG_MICE/Mouse946/Round1.5/TMaze/2026-02-21T16_08_19,measured,441,432.0,9.0,1.0,24009.0,36570.0,n/a (full-length clip),ok,1.0,/media/toor/Seagate3/YOUNG_MICE/Mouse946/TMaze/concat/2026-02-21T16_08_19/Miniscope2026-02-21T16_08_19.avi
/media/toor/Seagate3/YOUNG_MICE/Mouse946/Round1.5/TMaze/2026-02-23T17_13_43,measured,410,404.0,6.0,1.0,24006.0,33850.0,n/a (full-length clip),ok,1.0,/media/toor/Seagate3/YOUNG_MICE/Mouse946/TMaze/concat/2026-02-23T17_13_43/Miniscope2026-02-23T17_13_43.avi
/media/toor/Seagate3/YOUNG_MICE/Mouse946/Round1.5/TMaze/2026-02-24T18_08_50,measured,7447,7447.0,0.0,1.0,24000.0,42050.0,n/a (full-length clip),ok,1.0,/media/toor/Seagate3/YOUNG_MICE/Mouse946/TMaze/concat/2026-02-24T18_08_50/Miniscope2026-02-24T18_08_50.avi
/media/toor/Seagate3/YOUNG_MICE/Mouse946/Round1.5/TMaze/2026-02-25T15_49_17,measured,192,185.0,7.0,1.0,24007.0,34543.0,n/a (full-length clip),ok,1.0,/media/toor/Seagate3/YOUNG_MICE/Mouse946/TMaze/concat/2026-02-25T15_49_17/Miniscope2026-02-25T15_49_17.avi
/media/toor/Seagate3/YOUNG_MICE/Mouse946/Round1.5/TMaze/2026-02-26T17_15_21,measured,9261,9257.0,4.0,1.0,24004.0,42762.0,n/a (full-length clip),ok,1.0,/media/toor/Seagate3/YOUNG_MICE/Mouse946/TMaze/concat/2026-02-26T17_15_21/Miniscope2026-02-26T17_15_21.avi
/media/toor/Seagate3/YOUNG_MICE/Mouse946/Round1.5/TMaze/2026-02-27T17_20_16,no_exact_match,626,,,,,,,,,
/media/toor/Seagate3/YOUNG_MICE/Mouse946/Round1.5/TMaze/2026-02-28T18_13_07,measured,8913,8905.0,8.0,1.0,24008.0,42004.0,n/a (full-length clip),ok,1.0,/media/toor/Seagate3/YOUNG_MICE/Mouse946/TMaze/concat/2026-02-28T18_13_07/Miniscope2026-02-28T18_13_07.avi
/media/toor/Seagate3/YOUNG_MICE/Mouse946/Round1.5/TMaze/2026-03-01T17_46_57,no_exact_match,536,,,,,,,,,
/media/toor/Seagate3/YOUNG_MICE/Mouse946/Round1/Linear/2026-01-21T16_01_20,measured,10918,10917.0,1.0,1.0,24001.0,58902.0,n/a (full-length clip),ok,6.0,/media/toor/Seagate2/YOUNG_MICE/Mouse946/Miniscope2026-01-21T16_01_20.avi
/media/toor/Seagate3/YOUNG_MICE/Mouse946/Round1/Linear/2026-01-22T17_02_59,measured,10882,10882.0,0.0,1.0,24000.0,56823.0,n/a (full-length clip),ok,6.0,/media/toor/Seagate2/YOUNG_MICE/Mouse946/Miniscope2026-01-22T17_02_59.avi
/media/toor/Seagate3/YOUNG_MICE/Mouse946/Round1/Linear/2026-01-23T15_38_26,measured,10363,10363.0,0.0,1.0,24000.0,42989.0,n/a (full-length clip),ok,6.0,/media/toor/Seagate2/YOUNG_MICE/Mouse946/Miniscope2026-01-23T15_38_26.avi
/media/toor/Seagate3/YOUNG_MICE/Mouse946/Round1/Linear/2026-01-24T16_43_49,measured,9305,9305.0,0.0,1.0,24000.0,42109.0,n/a (full-length clip),ok,6.0,/media/toor/Seagate2/YOUNG_MICE/Mouse946/Miniscope2026-01-24T16_43_49.avi
/media/toor/Seagate3/YOUNG_MICE/Mouse946/Round1/Linear/2026-01-25T16_08_08,measured,8625,8625.0,0.0,1.0,24000.0,41302.0,n/a (full-length clip),ok,6.0,/media/toor/Seagate2/YOUNG_MICE/Mouse946/Miniscope2026-01-25T16_08_08.avi
/media/toor/Seagate3/YOUNG_MICE/Mouse946/Round1/Linear/2026-01-26T16_27_46,measured,10744,10744.0,0.0,1.0,24000.0,43901.0,n/a (full-length clip),ok,5.0,/media/toor/Seagate2/YOUNG_MICE/Mouse946/Miniscope2026-01-26T16_27_46.avi
/media/toor/Seagate3/YOUNG_MICE/Mouse946/Round1/Linear/2026-01-27T16_08_54,measured,9065,9054.0,11.0,1.0,24011.0,40215.0,n/a (full-length clip),ok,6.0,/media/toor/Seagate2/YOUNG_MICE/Mouse946/Miniscope2026-01-27T16_08_54.avi
/media/toor/Seagate3/YOUNG_MICE/Mouse946/Round1/Linear/2026-01-28T17_15_46,measured,9502,9501.0,1.0,1.0,24001.0,43261.0,n/a (full-length clip),ok,6.0,/media/toor/Seagate2/YOUNG_MICE/Mouse946/Miniscope2026-01-28T17_15_46.avi
/media/toor/Seagate3/YOUNG_MICE/Mouse946/Round1/Linear/2026-01-29T15_55_09,measured,9069,9069.0,0.0,1.0,24000.0,42895.0,n/a (full-length clip),ok,6.0,/media/toor/Seagate2/YOUNG_MICE/Mouse946/Miniscope2026-01-29T15_55_09.avi
/media/toor/Seagate3/YOUNG_MICE/Mouse946/Round1/Linear/2026-01-30T16_42_21,measured,10005,10004.0,1.0,1.0,24001.0,41199.0,n/a (full-length clip),ok,6.0,/media/toor/Seagate2/YOUNG_MICE/Mouse946/Miniscope2026-01-30T16_42_21.avi
/media/toor/Seagate3/YOUNG_MICE/Mouse946/Round1/Linear/2026-01-31T15_19_37,measured,10463,10462.0,1.0,1.0,24001.0,42228.0,n/a (full-length clip),ok,6.0,/media/toor/Seagate2/YOUNG_MICE/Mouse946/Miniscope2026-01-31T15_19_37.avi
/media/toor/Seagate3/YOUNG_MICE/Mouse946/Round1/Linear/2026-02-01T16_57_06,measured,11030,11030.0,0.0,1.0,24000.0,42473.0,n/a (full-length clip),ok,6.0,/media/toor/Seagate2/YOUNG_MICE/Mouse946/Miniscope2026-02-01T16_57_06.avi
/media/toor/Seagate3/YOUNG_MICE/Mouse946/Round1/Linear/2026-02-02T16_35_57,measured,9799,9790.0,9.0,1.0,24009.0,41535.0,n/a (full-length clip),ok,5.0,/media/toor/Seagate2/YOUNG_MICE/Mouse946/Miniscope2026-02-02T16_35_57.avi
/media/toor/Seagate3/YOUNG_MICE/Mouse946/Round1/Linear/2026-02-03T16_05_44,measured,9144,9142.0,2.0,1.0,24002.0,43372.0,n/a (full-length clip),ok,2.0,/media/toor/Seagate3/YOUNG_MICE/Mouse946/Linear/concat/2026-02-03T16_05_44/Miniscope2026-02-03T16_05_44.avi
/media/toor/Seagate3/YOUNG_MICE/Mouse946/Round1/Linear/2026-02-04T15_40_49,measured,8768,8768.0,0.0,1.0,24000.0,40658.0,n/a (full-length clip),ok,2.0,/media/toor/Seagate3/YOUNG_MICE/Mouse946/Linear/concat/2026-02-04T15_40_49/Miniscope2026-02-04T15_40_49.avi
/media/toor/Seagate3/YOUNG_MICE/Mouse946/Round1/Linear/2026-02-05T16_54_25,measured,10288,10280.0,8.0,1.0,24008.0,43306.0,n/a (full-length clip),ok,2.0,/media/toor/Seagate3/YOUNG_MICE/Mouse946/Linear/concat/2026-02-05T16_54_25/Miniscope2026-02-05T16_54_25.avi
/media/toor/Seagate3/YOUNG_MICE/Mouse946/Round1/Linear/2026-02-06T16_02_16,measured,9162,9158.0,4.0,1.0,24004.0,41595.0,n/a (full-length clip),ok,2.0,/media/toor/Seagate3/YOUNG_MICE/Mouse946/Linear/concat/2026-02-06T16_02_16/Miniscope2026-02-06T16_02_16.avi
/media/toor/Seagate3/YOUNG_MICE/Mouse946/Round1/Linear/2026-02-07T17_48_04,measured,7485,7478.0,7.0,1.0,24007.0,40520.0,n/a (full-length clip),ok,2.0,/media/toor/Seagate3/YOUNG_MICE/Mouse946/Linear/concat/2026-02-07T17_48_04/Miniscope2026-02-07T17_48_04.avi
/media/toor/Seagate3/YOUNG_MICE/Mouse946/Round1/Linear/2026-02-08T15_10_35,measured,8299,8299.0,0.0,1.0,24000.0,41381.0,n/a (full-length clip),ok,2.0,/media/toor/Seagate3/YOUNG_MICE/Mouse946/Linear/concat/2026-02-08T15_10_35/Miniscope2026-02-08T15_10_35.avi
/media/toor/Seagate3/YOUNG_MICE/Mouse946/Round1/Linear/2026-02-09T16_34_29,measured,8015,8007.0,8.0,1.0,24008.0,39443.0,n/a (full-length clip),ok,2.0,/media/toor/Seagate3/YOUNG_MICE/Mouse946/Linear/concat/2026-02-09T16_34_29/Miniscope2026-02-09T16_34_29.avi
/media/toor/Seagate5/ARCHIVE/Mouse1637_testDLC/Round1/2024-05-23T18_14_05,measured,10274,10272.0,2.0,1.0,24002.0,41573.0,n/a (full-length clip),ok,3.0,/media/toor/Seagate5/ARCHIVE/Mouse1637_testDLC/Round1/Linear_untrimmed/ses-20240523T181405/miniscope2024-05-23T18_14_05.avi
/media/toor/Seagate5/ARCHIVE/Mouse1637_testDLC/Round1/2024-05-24T18_42_16,measured,9301,9300.0,1.0,1.0,24001.0,42135.0,n/a (full-length clip),ok,3.0,/media/toor/Seagate5/ARCHIVE/Mouse1637_testDLC/Round1/Linear_untrimmed/ses-20240524T184216/miniscope2024-05-24T18_42_16.avi
/media/toor/Seagate5/ARCHIVE/Mouse1637_testDLC/Round1/Linear/2024-05-25T18_27_34,measured,9838,9828.0,10.0,1.0,24010.0,41630.0,n/a (full-length clip),ok,3.0,/media/toor/Seagate5/ARCHIVE/Mouse1637_testDLC/Round1/Linear_untrimmed/ses-20240525T182734/miniscope2024-05-25T18_27_34.avi
/media/toor/Seagate5/ARCHIVE/Mouse1637_testDLC/Round1/Linear/2024-05-26T14_39_05,measured,9013,9012.0,1.0,1.0,24001.0,42775.0,n/a (full-length clip),ok,3.0,/media/toor/Seagate5/ARCHIVE/Mouse1637_testDLC/Round1/Linear_untrimmed/ses-20240526T143905/miniscope2024-05-26T14_39_05.avi
/media/toor/Seagate5/ARCHIVE/Mouse1637_testDLC/Round1/Linear/2024-05-27T14_03_29,measured,9129,9120.0,9.0,1.0,24009.0,45878.0,n/a (full-length clip),ok,3.0,/media/toor/Seagate5/ARCHIVE/Mouse1637_testDLC/Round1/Linear_untrimmed/ses-20240527T140329/miniscope2024-05-27T14_03_29.avi
/media/toor/Seagate5/ARCHIVE/Mouse1637_testDLC/Round1/Linear/2024-05-28T12_36_37,measured,9514,9504.0,10.0,1.0,24010.0,50689.0,n/a (full-length clip),ok,3.0,/media/toor/Seagate5/ARCHIVE/Mouse1637_testDLC/Round1/Linear_untrimmed/ses-20240528T123637/miniscope2024-05-28T12_36_37.avi
/media/toor/Seagate5/ARCHIVE/Mouse1637_testDLC/Round1/Linear/2024-05-29T16_51_58,measured,7608,7608.0,0.0,1.0,24000.0,42438.0,n/a (full-length clip),ok,3.0,/media/toor/Seagate5/ARCHIVE/Mouse1637_testDLC/Round1/Linear_untrimmed/ses-20240529T165158/miniscope2024-05-29T16_51_58.avi
/media/toor/Seagate5/ARCHIVE/Mouse1637_testDLC/Round1/Linear/2024-05-30T14_37_47,measured,9448,9444.0,4.0,1.0,24004.0,41555.0,n/a (full-length clip),ok,3.0,/media/toor/Seagate5/ARCHIVE/Mouse1637_testDLC/Round1/Linear_untrimmed/ses-20240530T143747/miniscope2024-05-30T14_37_47.avi
/media/toor/Seagate5/ARCHIVE/Mouse1637_testDLC/Round1/Linear/2024-05-31T13_36_37,measured,9107,9096.0,11.0,1.0,24011.0,41778.0,n/a (full-length clip),ok,3.0,/media/toor/Seagate5/ARCHIVE/Mouse1637_testDLC/Round1/Linear_untrimmed/ses-20240531T133637/miniscope2024-05-31T13_36_37.avi
/media/toor/Seagate5/ARCHIVE/Mouse1637_testDLC/Round1/Linear/2024-06-01T16_57_24,measured,8403,8400.0,3.0,1.0,24003.0,42834.0,n/a (full-length clip),ok,3.0,/media/toor/Seagate5/ARCHIVE/Mouse1637_testDLC/Round1/Linear_untrimmed/ses-20240601T165724/miniscope2024-06-01T16_57_24.avi
/media/toor/Seagate5/ARCHIVE/Mouse1637_testDLC/Round1/Linear/2024-06-02T13_36_34,measured,9103,9096.0,7.0,1.0,24007.0,41555.0,n/a (full-length clip),ok,3.0,/media/toor/Seagate5/ARCHIVE/Mouse1637_testDLC/Round1/Linear_untrimmed/ses-20240602T133634/miniscope2024-06-02T13_36_34.avi
/media/toor/Seagate5/ARCHIVE/Mouse1637_testDLC/Round1/Linear/2024-06-03T11_49_24,measured,9420,9420.0,0.0,1.0,24000.0,45621.0,n/a (full-length clip),ok,3.0,/media/toor/Seagate5/ARCHIVE/Mouse1637_testDLC/Round1/Linear_untrimmed/ses-20240603T114924/miniscope2024-06-03T11_49_24.avi
/media/toor/Seagate5/ARCHIVE/Mouse1637_testDLC/Round1/Linear/2024-06-04T10_37_19,measured,9329,9324.0,5.0,1.0,24005.0,42711.0,n/a (full-length clip),ok,3.0,/media/toor/Seagate5/ARCHIVE/Mouse1637_testDLC/Round1/Linear_untrimmed/ses-20240604T103719/miniscope2024-06-04T10_37_19.avi
/media/toor/Seagate5/ARCHIVE/Mouse1637_testDLC/Round1/Linear/2024-06-05T09_22_16,measured,9043,9036.0,7.0,1.0,24007.0,46892.0,n/a (full-length clip),ok,3.0,/media/toor/Seagate5/ARCHIVE/Mouse1637_testDLC/Round1/Linear_untrimmed/ses-20240605T092216/miniscope2024-06-05T09_22_16.avi
/media/toor/Seagate5/ARCHIVE/Mouse1637_testDLC/Round1/Linear/2024-06-06T14_35_51,measured,8886,8880.0,6.0,1.0,24006.0,40759.0,n/a (full-length clip),ok,3.0,/media/toor/Seagate5/ARCHIVE/Mouse1637_testDLC/Round1/Linear_untrimmed/ses-20240606T143551/miniscope2024-06-06T14_35_51.avi
/media/toor/Seagate5/ARCHIVE/Mouse1637_testDLC/Round1/Linear/2024-06-07T12_55_13,measured,8712,8712.0,0.0,1.0,24000.0,39924.0,n/a (full-length clip),ok,3.0,/media/toor/Seagate5/ARCHIVE/Mouse1637_testDLC/Round1/Linear_untrimmed/ses-20240607T125513/miniscope2024-06-07T12_55_13.avi
/media/toor/Seagate5/ARCHIVE/Mouse1637_testDLC/Round1/Linear/2024-06-08T15_56_23,measured,9248,9240.0,8.0,1.0,24008.0,40266.0,n/a (full-length clip),ok,3.0,/media/toor/Seagate5/ARCHIVE/Mouse1637_testDLC/Round1/Linear_untrimmed/ses-20240608T155623/miniscope2024-06-08T15_56_23.avi
/media/toor/Seagate5/ARCHIVE/Mouse1637_testDLC/Round1/Linear/2024-06-09T14_51_48,measured,8830,8820.0,10.0,1.0,24010.0,41658.0,n/a (full-length clip),ok,3.0,/media/toor/Seagate5/ARCHIVE/Mouse1637_testDLC/Round1/Linear_untrimmed/ses-20240609T145148/miniscope2024-06-09T14_51_48.avi
/media/toor/SeagateClean/Mouse163/Round1.5/2024-06-28T15_49_56 - LINEAR DOES NOT BELONG TO THIS MOUSE,measured,9641,9636.0,5.0,1.0,22505.0,35427.0,n/a (full-length clip),ok,2.0,/media/toor/SeagatePortableDrive/AgingMiceNWB/sub-Mouse163/Round1.5/Linear/ses-20240628T154956/miniscope2024-06-28T15_49_56.avi
/media/toor/SeagateClean/Mouse163/Round1.5/2024-06-28T16_15_16 - TMAZE DOES NOT BELONG TO THIS MOUSE,measured,3000,3000.0,0.0,1.0,24000.0,32574.0,n/a (full-length clip),ok,3.0,/media/toor/Seagate2/Mouse163/Round1.5/TMaze_untrimmed/ses-20240628T161516/miniscope2024-06-28T16_15_16.avi
/media/toor/SeagateClean/Mouse163/Round1.5/Linear/2024-06-10T15_21_18,measured,8883,8856.0,27.0,1.0,22507.0,38732.0,n/a (full-length clip),ok,2.0,/media/toor/SeagatePortableDrive/AgingMiceNWB/sub-Mouse163/Round1.5/Linear/ses-20240610T152118/miniscope2024-06-10T15_21_18.avi
/media/toor/SeagateClean/Mouse163/Round1.5/Linear/2024-06-11T13_39_40,no_exact_match,5000,,,,,,,,,
/media/toor/SeagateClean/Mouse163/Round1.5/Linear/2024-06-12T16_17_53,no_exact_match,5000,,,,,,,,,
/media/toor/SeagateClean/Mouse163/Round1.5/Linear/2024-06-13T17_07_55,no_exact_match,5000,,,,,,,,,
/media/toor/SeagateClean/Mouse163/Round1.5/Linear/2024-06-14T16_50_32,no_exact_match,5000,,,,,,,,,
/media/toor/SeagateClean/Mouse163/Round1.5/Linear/2024-06-15T17_23_28,no_exact_match,5000,,,,,,,,,
/media/toor/SeagateClean/Mouse163/Round1.5/Linear/2024-06-16T09_21_16,no_exact_match,5027,,,,,,,,,
/media/toor/SeagateClean/Mouse163/Round1.5/Linear/2024-06-17T16_53_10,no_exact_match,5051,,,,,,,,,
/media/toor/SeagateClean/Mouse163/Round1.5/Linear/2024-06-18T13_51_09,no_exact_match,5000,,,,,,,,,
/media/toor/SeagateClean/Mouse163/Round1.5/Linear/2024-06-19T09_50_05,no_exact_match,5000,,,,,,,,,
/media/toor/SeagateClean/Mouse163/Round1.5/Linear/2024-06-20T15_05_28,no_exact_match,5440,,,,,,,,,
/media/toor/SeagateClean/Mouse163/Round1.5/Linear/2024-06-21T12_22_32,measured,9108,9108.0,0.0,1.0,22500.0,41431.0,n/a (full-length clip),ok,2.0,/media/toor/SeagatePortableDrive/AgingMiceNWB/sub-Mouse163/Round1.5/Linear/ses-20240621T122232/miniscope2024-06-21T12_22_32.avi
/media/toor/SeagateClean/Mouse163/Round1.5/Linear/2024-06-22T16_18_13,no_exact_match,5061,,,,,,,,,
/media/toor/SeagateClean/Mouse163/Round1.5/Linear/2024-06-23T11_33_59,no_exact_match,5092,,,,,,,,,
/media/toor/SeagateClean/Mouse163/Round1.5/Linear/2024-06-24T13_22_44,no_exact_match,5000,,,,,,,,,
/media/toor/SeagateClean/Mouse163/Round1.5/Linear/2024-06-25T16_28_40,no_exact_match,5145,,,,,,,,,
/media/toor/SeagateClean/Mouse163/Round1.5/Linear/2024-06-26T16_20_39,no_exact_match,5270,,,,,,,,,
/media/toor/SeagateClean/Mouse163/Round1.5/Linear/2024-06-27T15_04_01,no_exact_match,5000,,,,,,,,,
/media/toor/SeagateClean/Mouse163/Round1.5/Linear/2024-06-29T18_42_20,measured,8948,8940.0,8.0,1.0,22506.0,33899.0,n/a (full-length clip),ok,2.0,/media/toor/SeagatePortableDrive/AgingMiceNWB/sub-Mouse163/Round1.5/Linear/ses-20240629T184220/miniscope2024-06-29T18_42_20.avi
/media/toor/SeagateClean/Mouse163/Round1.5/TMaze/2024-06-10T14_53_44,no_exact_match,9342,,,,,,,,,
/media/toor/SeagateClean/Mouse163/Round1.5/TMaze/2024-06-11T13_08_57,measured,8938,8928.0,10.0,1.0,24010.0,42771.0,n/a (full-length clip),ok,3.0,/media/toor/Seagate2/Mouse163/Round1.5/TMaze_untrimmed/ses-20240611T130857/miniscope2024-06-11T13_08_57.avi
/media/toor/SeagateClean/Mouse163/Round1.5/TMaze/2024-06-12T15_47_58,measured,9646,9636.0,10.0,1.0,24010.0,42837.0,n/a (full-length clip),ok,3.0,/media/toor/Seagate2/Mouse163/Round1.5/TMaze_untrimmed/ses-20240612T154758/miniscope2024-06-12T15_47_58.avi
/media/toor/SeagateClean/Mouse163/Round1.5/TMaze/2024-06-13T16_38_13,measured,9366,9360.0,6.0,1.0,24006.0,42019.0,n/a (full-length clip),ok,3.0,/media/toor/Seagate2/Mouse163/Round1.5/TMaze_untrimmed/ses-20240613T163813/miniscope2024-06-13T16_38_13.avi
/media/toor/SeagateClean/Mouse163/Round1.5/TMaze/2024-06-14T16_20_17,measured,9073,9072.0,1.0,1.0,24001.0,42010.0,n/a (full-length clip),ok,3.0,/media/toor/Seagate2/Mouse163/Round1.5/TMaze_untrimmed/ses-20240614T162017/miniscope2024-06-14T16_20_17.avi
/media/toor/SeagateClean/Mouse163/Round1.5/TMaze/2024-06-15T16_53_38,measured,8847,8844.0,3.0,1.0,24003.0,41794.0,n/a (full-length clip),ok,3.0,/media/toor/Seagate2/Mouse163/Round1.5/TMaze_untrimmed/ses-20240615T165338/miniscope2024-06-15T16_53_38.avi
/media/toor/SeagateClean/Mouse163/Round1.5/TMaze/2024-06-16T08_53_08,measured,8286,8280.0,6.0,1.0,24006.0,39837.0,n/a (full-length clip),ok,3.0,/media/toor/Seagate2/Mouse163/Round1.5/TMaze_untrimmed/ses-20240616T085308/miniscope2024-06-16T08_53_08.avi
/media/toor/SeagateClean/Mouse163/Round1.5/TMaze/2024-06-17T16_23_35,measured,8744,8736.0,8.0,1.0,24008.0,41220.0,n/a (full-length clip),ok,3.0,/media/toor/Seagate2/Mouse163/Round1.5/TMaze_untrimmed/ses-20240617T162335/miniscope2024-06-17T16_23_35.avi
/media/toor/SeagateClean/Mouse163/Round1.5/TMaze/2024-06-18T13_21_30,measured,8994,8988.0,6.0,1.0,24006.0,42108.0,n/a (full-length clip),ok,3.0,/media/toor/Seagate2/Mouse163/Round1.5/TMaze_untrimmed/ses-20240618T132130/miniscope2024-06-18T13_21_30.avi
/media/toor/SeagateClean/Mouse163/Round1.5/TMaze/2024-06-19T09_20_02,measured,8576,8568.0,8.0,1.0,24008.0,42910.0,n/a (full-length clip),ok,3.0,/media/toor/Seagate2/Mouse163/Round1.5/TMaze_untrimmed/ses-20240619T092002/miniscope2024-06-19T09_20_02.avi
/media/toor/SeagateClean/Mouse163/Round1.5/TMaze/2024-06-20T14_29_27,measured,8428,8424.0,4.0,1.0,24004.0,46892.0,n/a (full-length clip),ok,3.0,/media/toor/Seagate2/Mouse163/Round1.5/TMaze_untrimmed/ses-20240620T142927/miniscope2024-06-20T14_29_27.avi
/media/toor/SeagateClean/Mouse163/Round1.5/TMaze/2024-06-21T12_51_59,measured,5000,4992.0,8.0,1.0,24008.0,33959.0,n/a (full-length clip),ok,3.0,/media/toor/Seagate2/Mouse163/Round1.5/TMaze_untrimmed/ses-20240621T125159/miniscope2024-06-21T12_51_59.avi
/media/toor/SeagateClean/Mouse163/Round1.5/TMaze/2024-06-22T15_49_19,measured,9010,9000.0,10.0,1.0,24010.0,40400.0,n/a (full-length clip),ok,3.0,/media/toor/Seagate2/Mouse163/Round1.5/TMaze_untrimmed/ses-20240622T154919/miniscope2024-06-22T15_49_19.avi
/media/toor/SeagateClean/Mouse163/Round1.5/TMaze/2024-06-23T11_04_34,measured,9211,9204.0,7.0,1.0,24007.0,41524.0,n/a (full-length clip),ok,3.0,/media/toor/Seagate2/Mouse163/Round1.5/TMaze_untrimmed/ses-20240623T110434/miniscope2024-06-23T11_04_34.avi
/media/toor/SeagateClean/Mouse163/Round1.5/TMaze/2024-06-24T13_47_01,measured,3000,3000.0,0.0,1.0,24000.0,37986.0,n/a (full-length clip),ok,3.0,/media/toor/Seagate2/Mouse163/Round1.5/TMaze_untrimmed/ses-20240624T134701/miniscope2024-06-24T13_47_01.avi
/media/toor/SeagateClean/Mouse163/Round1.5/TMaze/2024-06-25T15_59_36,measured,8584,8580.0,4.0,1.0,24004.0,41416.0,n/a (full-length clip),ok,3.0,/media/toor/Seagate2/Mouse163/Round1.5/TMaze_untrimmed/ses-20240625T155936/miniscope2024-06-25T15_59_36.avi
/media/toor/SeagateClean/Mouse163/Round1.5/TMaze/2024-06-26T15_51_27,measured,9234,9228.0,6.0,1.0,24006.0,41640.0,n/a (full-length clip),ok,3.0,/media/toor/Seagate2/Mouse163/Round1.5/TMaze_untrimmed/ses-20240626T155127/miniscope2024-06-26T15_51_27.avi
/media/toor/SeagateClean/Mouse163/Round1.5/TMaze/2024-06-27T14_33_45,measured,8950,8940.0,10.0,1.0,24010.0,43019.0,n/a (full-length clip),ok,3.0,/media/toor/Seagate2/Mouse163/Round1.5/TMaze_untrimmed/ses-20240627T143345/miniscope2024-06-27T14_33_45.avi
/media/toor/SeagateClean/Mouse163/Round1.5/TMaze/2024-06-29T19_07_05,measured,3000,3000.0,0.0,1.0,24000.0,33382.0,n/a (full-length clip),ok,3.0,/media/toor/Seagate2/Mouse163/Round1.5/TMaze_untrimmed/ses-20240629T190705/miniscope2024-06-29T19_07_05.avi
/media/toor/SeagateClean/Mouse163/Round1/Linear/2024-05-21T15_55_45,no_exact_match,5087,,,,,,,,,
/media/toor/SeagateClean/Mouse163/Round1/Linear/2024-05-22T17_12_36,measured,9245,9240.0,5.0,1.0,22505.0,40391.0,n/a (full-length clip),ok,2.0,/media/toor/SeagatePortableDrive/AgingMiceNWB/sub-Mouse163/Round1/Linear/ses-20240522T171236/miniscope2024-05-22T17_12_36.avi
/media/toor/SeagateClean/Mouse163/Round1/Linear/2024-05-23T18_44_49,measured,8613,8604.0,9.0,1.0,22509.0,63333.0,n/a (full-length clip),ok,1.0,/media/toor/SeagatePortableDrive/AGING_MICE/Mouse163/FirstRound/miniscope2024-05-23T18_44_49.avi
/media/toor/SeagateClean/Mouse163/Round1/Linear/2024-05-24T18_09_48,measured,12585,12576.0,9.0,1.0,22508.0,44196.0,n/a (full-length clip),ok,2.0,/media/toor/SeagatePortableDrive/AgingMiceNWB/sub-Mouse163/Round1/Linear/ses-20240524T180948/miniscope2024-05-24T18_09_48.avi
/media/toor/SeagateClean/Mouse163/Round1/Linear/2024-05-25T17_10_02,measured,11022,11016.0,6.0,1.0,22506.0,52790.0,n/a (full-length clip),ok,2.0,/media/toor/SeagatePortableDrive/AgingMiceNWB/sub-Mouse163/Round1/Linear/ses-20240525T171002/miniscope2024-05-25T17_10_02.avi
/media/toor/SeagateClean/Mouse163/Round1/Linear/2024-05-26T14_08_18,measured,8696,8664.0,32.0,1.0,22507.0,42017.0,n/a (full-length clip),ok,2.0,/media/toor/SeagatePortableDrive/AgingMiceNWB/sub-Mouse163/Round1/Linear/ses-20240526T140818/miniscope2024-05-26T14_08_18.avi
/media/toor/SeagateClean/Mouse163/Round1/Linear/2024-05-27T15_10_56,measured,9494,9480.0,14.0,1.0,22511.0,45124.0,n/a (full-length clip),ok,2.0,/media/toor/SeagatePortableDrive/AgingMiceNWB/sub-Mouse163/Round1/Linear/ses-20240527T151056/miniscope2024-05-27T15_10_56.avi
/media/toor/SeagateClean/Mouse163/Round1/Linear/2024-05-28T12_02_30,measured,9541,9536.0,5.0,1.0,22505.0,45992.0,n/a (full-length clip),ok,2.0,/media/toor/SeagatePortableDrive/AgingMiceNWB/sub-Mouse163/Round1/Linear/ses-20240528T120230/miniscope2024-05-28T12_02_30.avi
/media/toor/SeagateClean/Mouse163/Round1/Linear/2024-05-29T18_43_41,measured,11101,11100.0,1.0,1.0,22504.0,44756.0,n/a (full-length clip),ok,2.0,/media/toor/SeagatePortableDrive/AgingMiceNWB/sub-Mouse163/Round1/Linear/ses-20240529T184341/miniscope2024-05-29T18_43_41.avi
/media/toor/SeagateClean/Mouse163/Round1/Linear/2024-05-30T13_32_54,measured,9040,9036.0,4.0,1.0,22500.0,45328.0,n/a (full-length clip),ok,2.0,/media/toor/SeagatePortableDrive/AgingMiceNWB/sub-Mouse163/Round1/Linear/ses-20240530T133254/miniscope2024-05-30T13_32_54.avi
/media/toor/SeagateClean/Mouse163/Round1/Linear/2024-05-31T12_33_02,measured,9432,9432.0,0.0,1.0,22500.0,44231.0,n/a (full-length clip),ok,2.0,/media/toor/SeagatePortableDrive/AgingMiceNWB/sub-Mouse163/Round1/Linear/ses-20240531T123302/miniscope2024-05-31T12_33_02.avi
/media/toor/SeagateClean/Mouse163/Round1/Linear/2024-06-01T15_55_36,measured,9126,9120.0,6.0,1.0,22504.0,42691.0,n/a (full-length clip),ok,2.0,/media/toor/SeagatePortableDrive/AgingMiceNWB/sub-Mouse163/Round1/Linear/ses-20240601T155536/miniscope2024-06-01T15_55_36.avi
/media/toor/SeagateClean/Mouse163/Round1/Linear/2024-06-02T15_10_17,measured,8515,8508.0,7.0,1.0,22510.0,46109.0,n/a (full-length clip),ok,2.0,/media/toor/SeagatePortableDrive/AgingMiceNWB/sub-Mouse163/Round1/Linear/ses-20240602T151017/miniscope2024-06-02T15_10_17.avi
/media/toor/SeagateClean/Mouse163/Round1/Linear/2024-06-03T12_26_40,measured,9219,9216.0,3.0,1.0,22502.0,49554.0,n/a (full-length clip),ok,2.0,/media/toor/SeagatePortableDrive/AgingMiceNWB/sub-Mouse163/Round1/Linear/ses-20240603T122640/miniscope2024-06-03T12_26_40.avi
/media/toor/SeagateClean/Mouse163/Round1/Linear/2024-06-04T10_03_04,measured,10066,10056.0,10.0,1.0,22510.0,47161.0,n/a (full-length clip),ok,2.0,/media/toor/SeagatePortableDrive/AgingMiceNWB/sub-Mouse163/Round1/Linear/ses-20240604T100304/miniscope2024-06-04T10_03_04.avi
/media/toor/SeagateClean/Mouse163/Round1/Linear/2024-06-05T10_16_00,no_exact_match,5000,,,,,,,,,
/media/toor/SeagateClean/Mouse163/Round1/Linear/2024-06-06T14_05_01,measured,10500,10500.0,0.0,1.0,22500.0,42372.0,n/a (full-length clip),ok,2.0,/media/toor/SeagatePortableDrive/AgingMiceNWB/sub-Mouse163/Round1/Linear/ses-20240606T140501/miniscope2024-06-06T14_05_01.avi
/media/toor/SeagateClean/Mouse163/Round1/Linear/2024-06-07T12_22_25,no_exact_match,12062,,,,,,,,,
/media/toor/SeagateClean/Mouse163/Round1/Linear/2024-06-08T16_54_20,measured,8508,8496.0,12.0,1.0,22511.0,40276.0,n/a (full-length clip),ok,2.0,/media/toor/SeagatePortableDrive/AgingMiceNWB/sub-Mouse163/Round1/Linear/ses-20240608T165420/miniscope2024-06-08T16_54_20.avi
/media/toor/SeagateClean/Mouse163/Round1/Linear/2024-06-09T13_50_40,measured,8587,8580.0,7.0,1.0,22506.0,43069.0,n/a (full-length clip),ok,2.0,/media/toor/SeagatePortableDrive/AgingMiceNWB/sub-Mouse163/Round1/Linear/ses-20240609T135040/miniscope2024-06-09T13_50_40.avi
/media/toor/SeagateClean/Mouse1636/RAW_DATA/2024-06-29T17_56_53,no_trimmed_miniscope,9480,,,,,,,,,
/media/toor/SeagateClean/Mouse1636/Round1.5/2024-06-20T15_41_54 - linear do not use mouse sick,measured,11481,11472.0,9.0,1.0,7018.0,18490.0,CONFIRMS (truncated clip),ok,2.0,/media/toor/SeagatePortableDrive/AgingMiceNWB/sub-Mouse1636/Round1.5/Linear_untrimmed/dlc_done/ses-20240620T154154/miniscope2024-06-20T15_41_54.avi
/media/toor/SeagateClean/Mouse1636/Round1.5/2024-06-21T14_16_59 - linear do not use mouse on ad lib water,measured,10179,10176.0,3.0,1.0,8033.0,18209.0,CONFIRMS (truncated clip),ok,2.0,/media/toor/SeagatePortableDrive/AgingMiceNWB/sub-Mouse1636/Round1.5/Linear_untrimmed/ses-20240621T141659/miniscope2024-06-21T14_16_59.avi
/media/toor/SeagateClean/Mouse1636/Round1.5/Linear/2024-06-10T17_18_39,measured,797,792.0,5.0,1.0,24005.0,25604.0,n/a (full-length clip),ok,2.0,/media/toor/SeagatePortableDrive/AgingMiceNWB/sub-Mouse1636/Round1.5/Linear_untrimmed/ses-20240610T171839/miniscope2024-06-10T17_18_39.avi
/media/toor/SeagateClean/Mouse1636/Round1.5/Linear/2024-06-11T15_28_05,measured,612,612.0,0.0,1.0,24000.0,26458.0,n/a (full-length clip),ok,2.0,/media/toor/SeagatePortableDrive/AgingMiceNWB/sub-Mouse1636/Round1.5/Linear_untrimmed/ses-20240611T152805/miniscope2024-06-11T15_28_05.avi
/media/toor/SeagateClean/Mouse1636/Round1.5/Linear/2024-06-12T14_29_19,measured,413,408.0,5.0,1.0,24005.0,24731.0,n/a (full-length clip),ok,2.0,/media/toor/SeagatePortableDrive/AgingMiceNWB/sub-Mouse1636/Round1.5/Linear_untrimmed/ses-20240612T142919/miniscope2024-06-12T14_29_19.avi
/media/toor/SeagateClean/Mouse1636/Round1.5/Linear/2024-06-13T14_47_56,measured,449,444.0,5.0,1.0,24005.0,32413.0,n/a (full-length clip),ok,2.0,/media/toor/SeagatePortableDrive/AgingMiceNWB/sub-Mouse1636/Round1.5/Linear_untrimmed/ses-20240613T144756/miniscope2024-06-13T14_47_56.avi
/media/toor/SeagateClean/Mouse1636/Round1.5/Linear/2024-06-14T13_47_55,measured,672,672.0,0.0,1.0,24000.0,33824.0,n/a (full-length clip),ok,2.0,/media/toor/SeagatePortableDrive/AgingMiceNWB/sub-Mouse1636/Round1.5/Linear_untrimmed/ses-20240614T134755/miniscope2024-06-14T13_47_55.avi
/media/toor/SeagateClean/Mouse1636/Round1.5/Linear/2024-06-15T18_20_06,measured,408,408.0,0.0,1.0,24000.0,32699.0,n/a (full-length clip),ok,2.0,/media/toor/SeagatePortableDrive/AgingMiceNWB/sub-Mouse1636/Round1.5/Linear_untrimmed/ses-20240615T182006/miniscope2024-06-15T18_20_06.avi
/media/toor/SeagateClean/Mouse1636/Round1.5/Linear/2024-06-16T12_06_38,measured,265,264.0,1.0,1.0,24001.0,33047.0,n/a (full-length clip),ok,2.0,/media/toor/SeagatePortableDrive/AgingMiceNWB/sub-Mouse1636/Round1.5/Linear_untrimmed/dlc_done/ses-20240616T120638/miniscope2024-06-16T12_06_38.avi
/media/toor/SeagateClean/Mouse1636/Round1.5/Linear/2024-06-17T11_34_09,measured,443,432.0,11.0,1.0,24011.0,32354.0,n/a (full-length clip),ok,2.0,/media/toor/SeagatePortableDrive/AgingMiceNWB/sub-Mouse1636/Round1.5/Linear_untrimmed/dlc_done/ses-20240617T113409/miniscope2024-06-17T11_34_09.avi
/media/toor/SeagateClean/Mouse1636/Round1.5/Linear/2024-06-18T12_55_31,measured,159,156.0,3.0,1.0,24003.0,32684.0,n/a (full-length clip),ok,2.0,/media/toor/SeagatePortableDrive/AgingMiceNWB/sub-Mouse1636/Round1.5/Linear_untrimmed/ses-20240618T125531/miniscope2024-06-18T12_55_31.avi
/media/toor/SeagateClean/Mouse1636/Round1.5/Linear/2024-06-19T13_09_38,measured,836,828.0,8.0,1.0,24008.0,33758.0,n/a (full-length clip),ok,2.0,/media/toor/SeagatePortableDrive/AgingMiceNWB/sub-Mouse1636/Round1.5/Linear_untrimmed/ses-20240619T130938/miniscope2024-06-19T13_09_38.avi
/media/toor/SeagateClean/Mouse1636/Round1.5/Linear/2024-06-25T15_06_13,measured,742,732.0,10.0,1.0,24010.0,26925.0,n/a (full-length clip),ok,2.0,/media/toor/SeagatePortableDrive/AgingMiceNWB/sub-Mouse1636/Round1.5/Linear_untrimmed/ses-20240625T150613/miniscope2024-06-25T15_06_13.avi
/media/toor/SeagateClean/Mouse1636/Round1.5/Linear/2024-06-26T13_16_53,measured,8537,8532.0,5.0,1.0,24005.0,33171.0,n/a (full-length clip),ok,2.0,/media/toor/SeagatePortableDrive/AgingMiceNWB/sub-Mouse1636/Round1.5/Linear_untrimmed/ses-20240626T131653/miniscope2024-06-26T13_16_53.avi
/media/toor/SeagateClean/Mouse1636/Round1.5/Linear/2024-06-27T13_47_46,measured,8761,8760.0,1.0,1.0,20831.0,29591.0,CONFIRMS (truncated clip),ok,3.0,/media/toor/Seagate2/Mouse1639/Round1.5/Linear_untrimmed/2024-06-27T13_47_46/miniscope2024-06-27T13_47_46.avi
/media/toor/SeagateClean/Mouse1636/Round1.5/Linear/2024-06-29T17_56_53,measured,9480,9456.0,24.0,1.0,19758.0,29214.0,CONFIRMS (truncated clip),ok,3.0,/media/toor/SeagateClean/Mouse1636/RAW_DATA/2024-06-29T17_56_53/miniscope2024-06-29T17_56_53.avi
/media/toor/SeagateClean/Mouse1636/Round1.5/TMaze/2024-06-10T16_43_15,measured,9375,9372.0,3.0,1.0,24003.0,38014.0,n/a (full-length clip),ok,2.0,/media/toor/SeagatePortableDrive/AgingMiceNWB/sub-Mouse1636/Round1.5/TMaze_untrimmed/ses-20240610T164315/miniscope2024-06-10T16_43_15.avi
/media/toor/SeagateClean/Mouse1636/Round1.5/TMaze/2024-06-11T14_57_14,measured,9239,9228.0,11.0,1.0,24011.0,42847.0,n/a (full-length clip),ok,2.0,/media/toor/SeagatePortableDrive/AgingMiceNWB/sub-Mouse1636/Round1.5/TMaze_untrimmed/ses-20240611T145714/miniscope2024-06-11T14_57_14.avi
/media/toor/SeagateClean/Mouse1636/Round1.5/TMaze/2024-06-12T13_59_49,measured,9138,9132.0,6.0,1.0,24006.0,41907.0,n/a (full-length clip),ok,2.0,/media/toor/SeagatePortableDrive/AgingMiceNWB/sub-Mouse1636/Round1.5/TMaze_untrimmed/ses-20240612T135949/miniscope2024-06-12T13_59_49.avi
/media/toor/SeagateClean/Mouse1636/Round1.5/TMaze/2024-06-13T14_17_20,measured,8734,8724.0,10.0,1.0,24010.0,43816.0,n/a (full-length clip),ok,2.0,/media/toor/SeagatePortableDrive/AgingMiceNWB/sub-Mouse1636/Round1.5/TMaze_untrimmed/ses-20240613T141720/miniscope2024-06-13T14_17_20.avi
/media/toor/SeagateClean/Mouse1636/Round1.5/TMaze/2024-06-14T13_18_46,measured,8847,8844.0,3.0,1.0,24003.0,40701.0,n/a (full-length clip),ok,2.0,/media/toor/SeagatePortableDrive/AgingMiceNWB/sub-Mouse1636/Round1.5/TMaze_untrimmed/ses-20240614T131846/miniscope2024-06-14T13_18_46.avi
/media/toor/SeagateClean/Mouse1636/Round1.5/TMaze/2024-06-15T17_49_08,measured,9635,9624.0,11.0,1.0,24011.0,43697.0,n/a (full-length clip),ok,2.0,/media/toor/SeagatePortableDrive/AgingMiceNWB/sub-Mouse1636/Round1.5/TMaze_untrimmed/ses-20240615T174908/miniscope2024-06-15T17_49_08.avi
/media/toor/SeagateClean/Mouse1636/Round1.5/TMaze/2024-06-18T12_23_57,measured,9069,9060.0,9.0,1.0,24009.0,44703.0,n/a (full-length clip),ok,2.0,/media/toor/SeagatePortableDrive/AgingMiceNWB/sub-Mouse1636/Round1.5/TMaze_untrimmed/ses-20240618T122357/miniscope2024-06-18T12_23_57.avi
/media/toor/SeagateClean/Mouse1636/Round1.5/TMaze/2024-06-19T12_38_45,measured,10106,10104.0,2.0,1.0,24002.0,43535.0,n/a (full-length clip),ok,2.0,/media/toor/SeagatePortableDrive/AgingMiceNWB/sub-Mouse1636/Round1.5/TMaze_untrimmed/ses-20240619T123845/miniscope2024-06-19T12_38_45.avi
/media/toor/SeagateClean/Mouse1636/Round1.5/TMaze/2024-06-25T15_25_55,measured,8245,8244.0,1.0,1.0,24001.0,43520.0,n/a (full-length clip),ok,2.0,/media/toor/SeagatePortableDrive/AgingMiceNWB/sub-Mouse1636/Round1.5/TMaze_untrimmed/ses-20240625T152555/miniscope2024-06-25T15_25_55.avi
/media/toor/SeagateClean/Mouse1636/Round1.5/TMaze/2024-06-26T13_40_48,measured,7000,6996.0,4.0,1.0,24004.0,37257.0,n/a (full-length clip),ok,2.0,/media/toor/SeagatePortableDrive/AgingMiceNWB/sub-Mouse1636/Round1.5/TMaze_untrimmed/ses-20240626T134048/miniscope2024-06-26T13_40_48.avi
/media/toor/SeagateClean/Mouse1636/Round1.5/TMaze/2024-06-27T14_09_07,measured,3000,3000.0,0.0,1.0,24000.0,32820.0,n/a (full-length clip),ok,3.0,/media/toor/Seagate2/Mouse1639/Round1.5/TMaze_untrimmed/2024-06-27T14_09_07/miniscope2024-06-27T14_09_07.avi
/media/toor/SeagateClean/Mouse1636/Round1.5/TMaze/2024-06-28T17_37_44,measured,8696,8688.0,8.0,1.0,24008.0,42875.0,n/a (full-length clip),ok,2.0,/media/toor/SeagatePortableDrive/AgingMiceNWB/sub-Mouse1636/Round1.5/TMaze_untrimmed/ses-20240628T173744/miniscope2024-06-28T17_37_44.avi
/media/toor/SeagateClean/Mouse1636/Round1.5/TMaze/2024-06-29T18_18_00,measured,7000,6996.0,4.0,1.0,24004.0,33221.0,n/a (full-length clip),ok,2.0,/media/toor/SeagatePortableDrive/AgingMiceNWB/sub-Mouse1636/Round1.5/TMaze_untrimmed/ses-20240629T181800/miniscope2024-06-29T18_18_00.avi
/media/toor/SeagateClean/Mouse1636/Round1/Linear/2024-05-22T18_10_40,measured,9097,9096.0,1.0,1.0,24001.0,44074.0,n/a (full-length clip),ok,2.0,/media/toor/SeagatePortableDrive/AgingMiceNWB/sub-Mouse1636/Round1/Linear_untrimmed/ses-20240522T181040/miniscope2024-05-22T18_10_40.avi
/media/toor/SeagateClean/Mouse1636/Round1/Linear/2024-05-23T17_41_51,measured,9727,9720.0,7.0,1.0,24007.0,41192.0,n/a (full-length clip),ok,2.0,/media/toor/SeagatePortableDrive/AgingMiceNWB/sub-Mouse1636/Round1/Linear_untrimmed/ses-20240523T174151/miniscope2024-05-23T17_41_51.avi
/media/toor/SeagateClean/Mouse1636/Round1/Linear/2024-05-24T17_36_51,measured,9117,9108.0,9.0,1.0,24009.0,44572.0,n/a (full-length clip),ok,2.0,/media/toor/SeagatePortableDrive/AgingMiceNWB/sub-Mouse1636/Round1/Linear_untrimmed/ses-20240524T173651/miniscope2024-05-24T17_36_51.avi
/media/toor/SeagateClean/Mouse1636/Round1/Linear/2024-05-25T17_49_48,measured,10746,10740.0,6.0,1.0,24006.0,51262.0,n/a (full-length clip),ok,2.0,/media/toor/SeagatePortableDrive/AgingMiceNWB/sub-Mouse1636/Round1/Linear_untrimmed/ses-20240525T174948/miniscope2024-05-25T17_49_48.avi
/media/toor/SeagateClean/Mouse1636/Round1/Linear/2024-05-26T15_10_14,measured,9083,9072.0,11.0,1.0,24011.0,40428.0,n/a (full-length clip),ok,2.0,/media/toor/SeagatePortableDrive/AgingMiceNWB/sub-Mouse1636/Round1/Linear_untrimmed/ses-20240526T151014/miniscope2024-05-26T15_10_14.avi
/media/toor/SeagateClean/Mouse1636/Round1/Linear/2024-05-27T13_27_43,measured,9551,9540.0,11.0,1.0,24011.0,49037.0,n/a (full-length clip),ok,2.0,/media/toor/SeagatePortableDrive/AgingMiceNWB/sub-Mouse1636/Round1/Linear_untrimmed/ses-20240527T132743/miniscope2024-05-27T13_27_43.avi
/media/toor/SeagateClean/Mouse1636/Round1/Linear/2024-05-28T13_23_26,measured,9918,9912.0,6.0,1.0,24006.0,46161.0,n/a (full-length clip),ok,2.0,/media/toor/SeagatePortableDrive/AgingMiceNWB/sub-Mouse1636/Round1/Linear_untrimmed/ses-20240528T132326/miniscope2024-05-28T13_23_26.avi
/media/toor/SeagateClean/Mouse1636/Round1/Linear/2024-05-29T17_56_04,measured,28345,28344.0,1.0,1.0,24001.0,63184.0,n/a (full-length clip),ok,2.0,/media/toor/SeagatePortableDrive/AgingMiceNWB/sub-Mouse1636/Round1/Linear_untrimmed/ses-20240529T175604/miniscope2024-05-29T17_56_04.avi
/media/toor/SeagateClean/Mouse1636/Round1/Linear/2024-05-30T13_02_37,measured,9256,9252.0,4.0,1.0,24004.0,41872.0,n/a (full-length clip),ok,2.0,/media/toor/SeagatePortableDrive/AgingMiceNWB/sub-Mouse1636/Round1/Linear_untrimmed/ses-20240530T130237/miniscope2024-05-30T13_02_37.avi
/media/toor/SeagateClean/Mouse1636/Round1/Linear/2024-06-01T15_22_59,measured,8622,8616.0,6.0,1.0,24006.0,44229.0,n/a (full-length clip),ok,2.0,/media/toor/SeagatePortableDrive/AgingMiceNWB/sub-Mouse1636/Round1/Linear_untrimmed/ses-20240601T152259/miniscope2024-06-01T15_22_59.avi
/media/toor/SeagateClean/Mouse1636/Round1/Linear/2024-06-02T14_38_15,measured,9042,9036.0,6.0,1.0,24006.0,43795.0,n/a (full-length clip),ok,2.0,/media/toor/SeagatePortableDrive/AgingMiceNWB/sub-Mouse1636/Round1/Linear_untrimmed/ses-20240602T143815/miniscope2024-06-02T14_38_15.avi
/media/toor/SeagateClean/Mouse1636/Round1/Linear/2024-06-03T13_02_02,measured,9489,9480.0,9.0,1.0,24009.0,42347.0,n/a (full-length clip),ok,2.0,/media/toor/SeagatePortableDrive/AgingMiceNWB/sub-Mouse1636/Round1/Linear_untrimmed/ses-20240603T130202/miniscope2024-06-03T13_02_02.avi
/media/toor/SeagateClean/Mouse1636/Round1/Linear/2024-06-04T09_26_04,measured,10241,10236.0,5.0,1.0,24005.0,50674.0,n/a (full-length clip),ok,2.0,/media/toor/SeagatePortableDrive/AgingMiceNWB/sub-Mouse1636/Round1/Linear_untrimmed/ses-20240604T092604/miniscope2024-06-04T09_26_04.avi
/media/toor/SeagateClean/Mouse1636/Round1/Linear/2024-06-06T13_02_30,measured,11604,11604.0,0.0,1.0,24000.0,43888.0,n/a (full-length clip),ok,2.0,/media/toor/SeagatePortableDrive/AgingMiceNWB/sub-Mouse1636/Round1/Linear_untrimmed/ses-20240606T130230/miniscope2024-06-06T13_02_30.avi
/media/toor/SeagateClean/Mouse1636/Round1/Linear/2024-06-07T13_24_35,measured,11335,11328.0,7.0,1.0,24007.0,44090.0,n/a (full-length clip),ok,2.0,/media/toor/SeagatePortableDrive/AgingMiceNWB/sub-Mouse1636/Round1/Linear_untrimmed/ses-20240607T132435/miniscope2024-06-07T13_24_35.avi
/media/toor/SeagateClean/Mouse1636/Round1/Linear/2024-06-08T16_25_38,measured,8721,8712.0,9.0,1.0,24009.0,39551.0,n/a (full-length clip),ok,2.0,/media/toor/SeagatePortableDrive/AgingMiceNWB/sub-Mouse1636/Round1/Linear_untrimmed/ses-20240608T162538/miniscope2024-06-08T16_25_38.avi
/media/toor/SeagateClean/Mouse1636/Round1/Linear/2024-06-09T14_22_18,measured,8783,8772.0,11.0,1.0,24011.0,39461.0,n/a (full-length clip),ok,2.0,/media/toor/SeagatePortableDrive/AgingMiceNWB/sub-Mouse1636/Round1/Linear_untrimmed/ses-20240609T142218/miniscope2024-06-09T14_22_18.avi
/media/toor/SeagateClean/Mouse1637/Round1.5/Linear/2024-06-10T18_27_47,measured,8379,8376.0,3.0,1.0,22503.0,32531.0,n/a (full-length clip),ok,2.0,/media/toor/SeagatePortableDrive/AgingMiceNWB/sub-Mouse1637/Round1.5/Linear/ses-20240610T182747/miniscope2024-06-10T18_27_47.avi
/media/toor/SeagateClean/Mouse1637/Round1.5/Linear/2024-06-11T14_35_02,measured,465,456.0,9.0,1.0,22509.0,25615.0,n/a (full-length clip),ok,2.0,/media/toor/SeagatePortableDrive/AgingMiceNWB/sub-Mouse1637/Round1.5/Linear/ses-20240611T143502/miniscope2024-06-11T14_35_02.avi
/media/toor/SeagateClean/Mouse1637/Round1.5/Linear/2024-06-12T13_37_36,measured,613,600.0,13.0,1.0,22505.0,26431.0,n/a (full-length clip),ok,2.0,/media/toor/SeagatePortableDrive/AgingMiceNWB/sub-Mouse1637/Round1.5/Linear/ses-20240612T133736/miniscope2024-06-12T13_37_36.avi
/media/toor/SeagateClean/Mouse1637/Round1.5/Linear/2024-06-13T16_01_19,measured,409,408.0,1.0,1.0,22501.0,34570.0,n/a (full-length clip),ok,2.0,/media/toor/SeagatePortableDrive/AgingMiceNWB/sub-Mouse1637/Round1.5/Linear/ses-20240613T160119/miniscope2024-06-13T16_01_19.avi
/media/toor/SeagateClean/Mouse1637/Round1.5/Linear/2024-06-14T17_49_23,measured,707,696.0,11.0,1.0,22509.0,33406.0,n/a (full-length clip),ok,2.0,/media/toor/SeagatePortableDrive/AgingMiceNWB/sub-Mouse1637/Round1.5/Linear/ses-20240614T174923/miniscope2024-06-14T17_49_23.avi
/media/toor/SeagateClean/Mouse1637/Round1.5/Linear/2024-06-15T15_29_12,measured,358,348.0,10.0,1.0,22510.0,34105.0,n/a (full-length clip),ok,2.0,/media/toor/SeagatePortableDrive/AgingMiceNWB/sub-Mouse1637/Round1.5/Linear/ses-20240615T152912/miniscope2024-06-15T15_29_12.avi
/media/toor/SeagateClean/Mouse1637/Round1.5/Linear/2024-06-16T10_16_06,measured,300,300.0,0.0,1.0,22500.0,32914.0,n/a (full-length clip),ok,2.0,/media/toor/SeagatePortableDrive/AgingMiceNWB/sub-Mouse1637/Round1.5/Linear/ses-20240616T101606/miniscope2024-06-16T10_16_06.avi
/media/toor/SeagateClean/Mouse1637/Round1.5/Linear/2024-06-17T17_49_02,measured,260,252.0,8.0,1.0,22502.0,32486.0,n/a (full-length clip),ok,2.0,/media/toor/SeagatePortableDrive/AgingMiceNWB/sub-Mouse1637/Round1.5/Linear/ses-20240617T174902/miniscope2024-06-17T17_49_02.avi
/media/toor/SeagateClean/Mouse1637/Round1.5/Linear/2024-06-18T16_00_58,measured,530,528.0,2.0,1.0,22502.0,31925.0,n/a (full-length clip),ok,2.0,/media/toor/SeagatePortableDrive/AgingMiceNWB/sub-Mouse1637/Round1.5/Linear/ses-20240618T160058/miniscope2024-06-18T16_00_58.avi
/media/toor/SeagateClean/Mouse1637/Round1.5/Linear/2024-06-19T10_45_15,measured,751,744.0,7.0,1.0,22505.0,32940.0,n/a (full-length clip),ok,2.0,/media/toor/SeagatePortableDrive/AgingMiceNWB/sub-Mouse1637/Round1.5/Linear/ses-20240619T104515/miniscope2024-06-19T10_45_15.avi
/media/toor/SeagateClean/Mouse1637/Round1.5/Linear/2024-06-20T14_04_10,measured,849,828.0,21.0,1.0,22503.0,32722.0,n/a (full-length clip),ok,2.0,/media/toor/SeagatePortableDrive/AgingMiceNWB/sub-Mouse1637/Round1.5/Linear/ses-20240620T140410/miniscope2024-06-20T14_04_10.avi
/media/toor/SeagateClean/Mouse1637/Round1.5/Linear/2024-06-21T13_22_46,measured,8316,8316.0,0.0,1.0,22500.0,33386.0,n/a (full-length clip),ok,2.0,/media/toor/SeagatePortableDrive/AgingMiceNWB/sub-Mouse1637/Round1.5/Linear/ses-20240621T132246/miniscope2024-06-21T13_22_46.avi
/media/toor/SeagateClean/Mouse1637/Round1.5/Linear/2024-06-22T17_15_00,measured,496,492.0,4.0,1.0,22504.0,33382.0,n/a (full-length clip),ok,2.0,/media/toor/SeagatePortableDrive/AgingMiceNWB/sub-Mouse1637/Round1.5/Linear/ses-20240622T171500/miniscope2024-06-22T17_15_00.avi
/media/toor/SeagateClean/Mouse1637/Round1.5/Linear/2024-06-23T09_40_38,measured,669,612.0,57.0,1.0,22511.0,34555.0,n/a (full-length clip),ok,2.0,/media/toor/SeagatePortableDrive/AgingMiceNWB/sub-Mouse1637/Round1.5/Linear/ses-20240623T094038/miniscope2024-06-23T09_40_38.avi
/media/toor/SeagateClean/Mouse1637/Round1.5/Linear/2024-06-24T15_10_37,measured,8927,8916.0,11.0,1.0,22511.0,33060.0,n/a (full-length clip),ok,2.0,/media/toor/SeagatePortableDrive/AgingMiceNWB/sub-Mouse1637/Round1.5/Linear/ses-20240624T151037/miniscope2024-06-24T15_10_37.avi
/media/toor/SeagateClean/Mouse1637/Round1.5/Linear/2024-06-25T18_04_58,measured,424,420.0,4.0,1.0,22504.0,29577.0,n/a (full-length clip),ok,2.0,/media/toor/SeagatePortableDrive/AgingMiceNWB/sub-Mouse1637/Round1.5/Linear/ses-20240625T180458/miniscope2024-06-25T18_04_58.avi
/media/toor/SeagateClean/Mouse1637/Round1.5/Linear/2024-06-26T14_39_53,measured,1058,1008.0,50.0,1.0,22506.0,32129.0,n/a (full-length clip),ok,2.0,/media/toor/SeagatePortableDrive/AgingMiceNWB/sub-Mouse1637/Round1.5/Linear/ses-20240626T143953/miniscope2024-06-26T14_39_53.avi
/media/toor/SeagateClean/Mouse1637/Round1.5/Linear/2024-06-27T16_43_57,measured,534,528.0,6.0,1.0,22506.0,32822.0,n/a (full-length clip),ok,2.0,/media/toor/SeagatePortableDrive/AgingMiceNWB/sub-Mouse1637/Round1.5/Linear/ses-20240627T164357/miniscope2024-06-27T16_43_57.avi
/media/toor/SeagateClean/Mouse1637/Round1.5/Linear/2024-06-28T14_00_26,measured,9339,9240.0,99.0,1.0,22506.0,38117.0,n/a (full-length clip),ok,2.0,/media/toor/SeagatePortableDrive/AgingMiceNWB/sub-Mouse1637/Round1.5/Linear/ses-20240628T140026/miniscope2024-06-28T14_00_26.avi
/media/toor/SeagateClean/Mouse1637/Round1.5/Linear/2024-06-29T17_09_22,measured,9506,9492.0,14.0,1.0,22367.0,31859.0,CONFIRMS (truncated clip),ok,2.0,/media/toor/SeagatePortableDrive/AgingMiceNWB/sub-Mouse1637/Round1.5/Linear/ses-20240629T170922/miniscope2024-06-29T17_09_22.avi
/media/toor/SeagateClean/Mouse1637/Round1.5/TMaze/2024-06-10T17_53_09,measured,9665,9660.0,5.0,1.0,22505.0,42000.0,n/a (full-length clip),ok,2.0,/media/toor/SeagatePortableDrive/AgingMiceNWB/sub-Mouse1637/Round1.5/TMaze/ses-20240610T175309/miniscope2024-06-10T17_53_09.avi
/media/toor/SeagateClean/Mouse1637/Round1.5/TMaze/2024-06-11T14_04_49,measured,9447,9444.0,3.0,1.0,22503.0,42294.0,n/a (full-length clip),ok,2.0,/media/toor/SeagatePortableDrive/AgingMiceNWB/sub-Mouse1637/Round1.5/TMaze/ses-20240611T140449/miniscope2024-06-11T14_04_49.avi
/media/toor/SeagateClean/Mouse1637/Round1.5/TMaze/2024-06-12T13_05_34,measured,9568,9564.0,4.0,1.0,22504.0,44923.0,n/a (full-length clip),ok,2.0,/media/toor/SeagatePortableDrive/AgingMiceNWB/sub-Mouse1637/Round1.5/TMaze/ses-20240612T130534/miniscope2024-06-12T13_05_34.avi
/media/toor/SeagateClean/Mouse1637/Round1.5/TMaze/2024-06-13T15_32_54,measured,10172,10164.0,8.0,1.0,22508.0,42081.0,n/a (full-length clip),ok,2.0,/media/toor/SeagatePortableDrive/AgingMiceNWB/sub-Mouse1637/Round1.5/TMaze/ses-20240613T153254/miniscope2024-06-13T15_32_54.avi
/media/toor/SeagateClean/Mouse1637/Round1.5/TMaze/2024-06-14T17_19_31,measured,8556,8556.0,0.0,1.0,22500.0,41993.0,n/a (full-length clip),ok,2.0,/media/toor/SeagatePortableDrive/AgingMiceNWB/sub-Mouse1637/Round1.5/TMaze/ses-20240614T171931/miniscope2024-06-14T17_19_31.avi
/media/toor/SeagateClean/Mouse1637/Round1.5/TMaze/2024-06-15T14_59_45,measured,10165,10164.0,1.0,1.0,22501.0,41431.0,n/a (full-length clip),ok,2.0,/media/toor/SeagatePortableDrive/AgingMiceNWB/sub-Mouse1637/Round1.5/TMaze/ses-20240615T145945/miniscope2024-06-15T14_59_45.avi
/media/toor/SeagateClean/Mouse1637/Round1.5/TMaze/2024-06-16T09_47_26,measured,8749,8748.0,1.0,1.0,22501.0,40897.0,n/a (full-length clip),ok,2.0,/media/toor/SeagatePortableDrive/AgingMiceNWB/sub-Mouse1637/Round1.5/TMaze/ses-20240616T094726/miniscope2024-06-16T09_47_26.avi
/media/toor/SeagateClean/Mouse1637/Round1.5/TMaze/2024-06-17T17_20_01,measured,8427,8424.0,3.0,1.0,22503.0,40131.0,n/a (full-length clip),ok,2.0,/media/toor/SeagatePortableDrive/AgingMiceNWB/sub-Mouse1637/Round1.5/TMaze/ses-20240617T172001/miniscope2024-06-17T17_20_01.avi
/media/toor/SeagateClean/Mouse1637/Round1.5/TMaze/2024-06-18T15_31_59,measured,9854,9852.0,2.0,1.0,22502.0,41333.0,n/a (full-length clip),ok,2.0,/media/toor/SeagatePortableDrive/AgingMiceNWB/sub-Mouse1637/Round1.5/TMaze/ses-20240618T153159/miniscope2024-06-18T15_31_59.avi
/media/toor/SeagateClean/Mouse1637/Round1.5/TMaze/2024-06-19T10_16_49,measured,8750,8748.0,2.0,1.0,22502.0,40091.0,n/a (full-length clip),ok,2.0,/media/toor/SeagatePortableDrive/AgingMiceNWB/sub-Mouse1637/Round1.5/TMaze/ses-20240619T101649/miniscope2024-06-19T10_16_49.avi
/media/toor/SeagateClean/Mouse1637/Round1.5/TMaze/2024-06-20T13_33_38,measured,9448,9444.0,4.0,1.0,22504.0,41742.0,n/a (full-length clip),ok,2.0,/media/toor/SeagatePortableDrive/AgingMiceNWB/sub-Mouse1637/Round1.5/TMaze/ses-20240620T133338/miniscope2024-06-20T13_33_38.avi
/media/toor/SeagateClean/Mouse1637/Round1.5/TMaze/2024-06-21T13_47_43,measured,5000,4992.0,8.0,1.0,22508.0,35722.0,n/a (full-length clip),ok,2.0,/media/toor/SeagatePortableDrive/AgingMiceNWB/sub-Mouse1637/Round1.5/TMaze/ses-20240621T134743/miniscope2024-06-21T13_47_43.avi
/media/toor/SeagateClean/Mouse1637/Round1.5/TMaze/2024-06-22T16_45_33,measured,8481,8472.0,9.0,1.0,22509.0,41048.0,n/a (full-length clip),ok,2.0,/media/toor/SeagatePortableDrive/AgingMiceNWB/sub-Mouse1637/Round1.5/TMaze/ses-20240622T164533/miniscope2024-06-22T16_45_33.avi
/media/toor/SeagateClean/Mouse1637/Round1.5/TMaze/2024-06-23T09_09_11,measured,8819,8808.0,11.0,1.0,22511.0,44377.0,n/a (full-length clip),ok,2.0,/media/toor/SeagatePortableDrive/AgingMiceNWB/sub-Mouse1637/Round1.5/TMaze/ses-20240623T090911/miniscope2024-06-23T09_09_11.avi
/media/toor/SeagateClean/Mouse1637/Round1.5/TMaze/2024-06-24T15_34_25,measured,5000,4992.0,8.0,1.0,22508.0,37204.0,n/a (full-length clip),ok,2.0,/media/toor/SeagatePortableDrive/AgingMiceNWB/sub-Mouse1637/Round1.5/TMaze/ses-20240624T153425/miniscope2024-06-24T15_34_25.avi
/media/toor/SeagateClean/Mouse1637/Round1.5/TMaze/2024-06-25T17_37_17,measured,8261,8256.0,5.0,1.0,22505.0,39617.0,n/a (full-length clip),ok,2.0,/media/toor/SeagatePortableDrive/AgingMiceNWB/sub-Mouse1637/Round1.5/TMaze/ses-20240625T173717/miniscope2024-06-25T17_37_17.avi
/media/toor/SeagateClean/Mouse1637/Round1.5/TMaze/2024-06-26T14_09_02,measured,8293,8292.0,1.0,1.0,22501.0,43078.0,n/a (full-length clip),ok,2.0,/media/toor/SeagatePortableDrive/AgingMiceNWB/sub-Mouse1637/Round1.5/TMaze/ses-20240626T140902/miniscope2024-06-26T14_09_02.avi
/media/toor/SeagateClean/Mouse1637/Round1.5/TMaze/2024-06-27T16_15_00,measured,9138,9132.0,6.0,1.0,22506.0,40680.0,n/a (full-length clip),ok,2.0,/media/toor/SeagatePortableDrive/AgingMiceNWB/sub-Mouse1637/Round1.5/TMaze/ses-20240627T161500/miniscope2024-06-27T16_15_00.avi
/media/toor/SeagateClean/Mouse1637/Round1.5/TMaze/2024-06-28T14_39_53,measured,5000,4992.0,8.0,1.0,22508.0,36626.0,n/a (full-length clip),ok,2.0,/media/toor/SeagatePortableDrive/AgingMiceNWB/sub-Mouse1637/Round1.5/TMaze/ses-20240628T143953/miniscope2024-06-28T14_39_53.avi
/media/toor/SeagateClean/Mouse1637/Round1.5/TMaze/2024-06-29T17_32_11,measured,5000,4992.0,8.0,1.0,22508.0,32284.0,n/a (full-length clip),ok,2.0,/media/toor/SeagatePortableDrive/AgingMiceNWB/sub-Mouse1637/Round1.5/TMaze/ses-20240629T173211/miniscope2024-06-29T17_32_11.avi
/media/toor/SeagateClean/Mouse1637/Round1/Linear/2024-05-23T18_14_05,measured,10288,10272.0,16.0,1.0,22503.0,41573.0,n/a (full-length clip),ok,3.0,/media/toor/Seagate5/ARCHIVE/Mouse1637_testDLC/Round1/Linear_untrimmed/ses-20240523T181405/miniscope2024-05-23T18_14_05.avi
/media/toor/SeagateClean/Mouse1637/Round1/Linear/2024-05-24T18_42_16,measured,9301,9300.0,1.0,1.0,22500.0,42135.0,n/a (full-length clip),ok,3.0,/media/toor/Seagate5/ARCHIVE/Mouse1637_testDLC/Round1/Linear_untrimmed/ses-20240524T184216/miniscope2024-05-24T18_42_16.avi
/media/toor/SeagateClean/Mouse1637/Round1/Linear/2024-05-25T18_27_34,measured,9838,9828.0,10.0,1.0,22510.0,41630.0,n/a (full-length clip),ok,3.0,/media/toor/Seagate5/ARCHIVE/Mouse1637_testDLC/Round1/Linear_untrimmed/ses-20240525T182734/miniscope2024-05-25T18_27_34.avi
/media/toor/SeagateClean/Mouse1637/Round1/Linear/2024-05-26T14_39_05,measured,9007,9000.0,7.0,1.0,22506.0,42775.0,n/a (full-length clip),ok,3.0,/media/toor/Seagate5/ARCHIVE/Mouse1637_testDLC/Round1/Linear_untrimmed/ses-20240526T143905/miniscope2024-05-26T14_39_05.avi
/media/toor/SeagateClean/Mouse1637/Round1/Linear/2024-05-27T14_03_29,measured,9129,9120.0,9.0,1.0,22507.0,45878.0,n/a (full-length clip),ok,3.0,/media/toor/Seagate5/ARCHIVE/Mouse1637_testDLC/Round1/Linear_untrimmed/ses-20240527T140329/miniscope2024-05-27T14_03_29.avi
/media/toor/SeagateClean/Mouse1637/Round1/Linear/2024-05-28T12_36_37,measured,9561,9516.0,45.0,1.0,22510.0,50689.0,n/a (full-length clip),ok,3.0,/media/toor/Seagate5/ARCHIVE/Mouse1637_testDLC/Round1/Linear_untrimmed/ses-20240528T123637/miniscope2024-05-28T12_36_37.avi
/media/toor/SeagateClean/Mouse1637/Round1/Linear/2024-05-29T16_51_58,measured,7608,7596.0,12.0,1.0,22505.0,42438.0,n/a (full-length clip),ok,3.0,/media/toor/Seagate5/ARCHIVE/Mouse1637_testDLC/Round1/Linear_untrimmed/ses-20240529T165158/miniscope2024-05-29T16_51_58.avi
/media/toor/SeagateClean/Mouse1637/Round1/Linear/2024-05-30T14_37_47,measured,9447,9444.0,3.0,1.0,22503.0,41555.0,n/a (full-length clip),ok,3.0,/media/toor/Seagate5/ARCHIVE/Mouse1637_testDLC/Round1/Linear_untrimmed/ses-20240530T143747/miniscope2024-05-30T14_37_47.avi
/media/toor/SeagateClean/Mouse1637/Round1/Linear/2024-05-31T13_36_37,measured,9107,9096.0,11.0,1.0,22511.0,41778.0,n/a (full-length clip),ok,3.0,/media/toor/Seagate5/ARCHIVE/Mouse1637_testDLC/Round1/Linear_untrimmed/ses-20240531T133637/miniscope2024-05-31T13_36_37.avi
/media/toor/SeagateClean/Mouse1637/Round1/Linear/2024-06-01T16_57_24,measured,8403,8400.0,3.0,1.0,22502.0,42834.0,n/a (full-length clip),ok,3.0,/media/toor/Seagate5/ARCHIVE/Mouse1637_testDLC/Round1/Linear_untrimmed/ses-20240601T165724/miniscope2024-06-01T16_57_24.avi
/media/toor/SeagateClean/Mouse1637/Round1/Linear/2024-06-02T13_36_34,measured,9130,9096.0,34.0,1.0,22503.0,41555.0,n/a (full-length clip),ok,3.0,/media/toor/Seagate5/ARCHIVE/Mouse1637_testDLC/Round1/Linear_untrimmed/ses-20240602T133634/miniscope2024-06-02T13_36_34.avi
/media/toor/SeagateClean/Mouse1637/Round1/Linear/2024-06-03T11_49_24,measured,9506,9492.0,14.0,1.0,22503.0,45621.0,n/a (full-length clip),ok,3.0,/media/toor/Seagate5/ARCHIVE/Mouse1637_testDLC/Round1/Linear_untrimmed/ses-20240603T114924/miniscope2024-06-03T11_49_24.avi
/media/toor/SeagateClean/Mouse1637/Round1/Linear/2024-06-04T10_37_19,measured,9330,9324.0,6.0,1.0,22506.0,42711.0,n/a (full-length clip),ok,3.0,/media/toor/Seagate5/ARCHIVE/Mouse1637_testDLC/Round1/Linear_untrimmed/ses-20240604T103719/miniscope2024-06-04T10_37_19.avi
/media/toor/SeagateClean/Mouse1637/Round1/Linear/2024-06-05T09_22_16,measured,9043,9036.0,7.0,1.0,22507.0,46892.0,n/a (full-length clip),ok,3.0,/media/toor/Seagate5/ARCHIVE/Mouse1637_testDLC/Round1/Linear_untrimmed/ses-20240605T092216/miniscope2024-06-05T09_22_16.avi
/media/toor/SeagateClean/Mouse1637/Round1/Linear/2024-06-06T14_35_51,measured,8886,8880.0,6.0,1.0,22506.0,40759.0,n/a (full-length clip),ok,3.0,/media/toor/Seagate5/ARCHIVE/Mouse1637_testDLC/Round1/Linear_untrimmed/ses-20240606T143551/miniscope2024-06-06T14_35_51.avi
/media/toor/SeagateClean/Mouse1637/Round1/Linear/2024-06-07T12_55_13,measured,8712,8712.0,0.0,1.0,22500.0,39924.0,n/a (full-length clip),ok,3.0,/media/toor/Seagate5/ARCHIVE/Mouse1637_testDLC/Round1/Linear_untrimmed/ses-20240607T125513/miniscope2024-06-07T12_55_13.avi
/media/toor/SeagateClean/Mouse1637/Round1/Linear/2024-06-08T15_56_23,measured,9250,9240.0,10.0,1.0,22508.0,40266.0,n/a (full-length clip),ok,3.0,/media/toor/Seagate5/ARCHIVE/Mouse1637_testDLC/Round1/Linear_untrimmed/ses-20240608T155623/miniscope2024-06-08T15_56_23.avi
/media/toor/SeagateClean/Mouse1637/Round1/Linear/2024-06-09T14_51_48,measured,8828,8820.0,8.0,1.0,22508.0,41658.0,n/a (full-length clip),ok,3.0,/media/toor/Seagate5/ARCHIVE/Mouse1637_testDLC/Round1/Linear_untrimmed/ses-20240609T145148/miniscope2024-06-09T14_51_48.avi
/media/toor/SeagateClean/Mouse1637/Round3.5/Linear/2024-10-31T13_40_30,measured,8191,8184.0,7.0,1.0,22506.0,42830.0,n/a (full-length clip),ok,1.0,/media/toor/SeagatePortableDrive/AGING_MICE/Mouse1637/Round3.5/miniscope2024-10-31T13_40_30.avi
/media/toor/SeagateClean/Mouse1637/Round3.5/Linear/2024-11-01T13_08_11,measured,8519,8508.0,11.0,1.0,22511.0,41411.0,n/a (full-length clip),ok,1.0,/media/toor/SeagatePortableDrive/AGING_MICE/Mouse1637/Round3.5/miniscope2024-11-01T13_08_11.avi
/media/toor/SeagateClean/Mouse1637/Round3.5/Linear/2024-11-02T13_06_59,measured,8682,8664.0,18.0,1.0,22505.0,40129.0,n/a (full-length clip),ok,1.0,/media/toor/SeagatePortableDrive/AGING_MICE/Mouse1637/Round3.5/miniscope2024-11-02T13_06_59.avi
/media/toor/SeagateClean/Mouse1637/Round3.5/Linear/2024-11-03T13_10_29,measured,11051,11040.0,11.0,1.0,22511.0,44116.0,n/a (full-length clip),ok,1.0,/media/toor/SeagatePortableDrive/AGING_MICE/Mouse1637/Round3.5/miniscope2024-11-03T13_10_29.avi
/media/toor/SeagateClean/Mouse1637/Round3.5/Linear/2024-11-04T14_19_30,measured,8689,8676.0,13.0,1.0,22509.0,40709.0,n/a (full-length clip),ok,1.0,/media/toor/SeagatePortableDrive/AGING_MICE/Mouse1637/Round3.5/miniscope2024-11-04T14_19_30.avi
/media/toor/SeagateClean/Mouse1637/Round3.5/Linear/2024-11-05T14_39_19,measured,8358,8340.0,18.0,1.0,22501.0,43063.0,n/a (full-length clip),ok,1.0,/media/toor/SeagatePortableDrive/AGING_MICE/Mouse1637/Round3.5/miniscope2024-11-05T14_39_19.avi
/media/toor/SeagateClean/Mouse1637/Round3.5/Linear/2024-11-06T14_59_26,measured,8984,8964.0,20.0,1.0,22505.0,41167.0,n/a (full-length clip),ok,1.0,/media/toor/SeagatePortableDrive/AGING_MICE/Mouse1637/Round3.5/miniscope2024-11-06T14_59_26.avi
/media/toor/SeagateClean/Mouse1637/Round3.5/Linear/2024-11-07T14_12_14,measured,8755,8724.0,31.0,1.0,22510.0,41108.0,n/a (full-length clip),ok,1.0,/media/toor/SeagatePortableDrive/AGING_MICE/Mouse1637/Round3.5/miniscope2024-11-07T14_12_14.avi
/media/toor/SeagateClean/Mouse1637/Round3.5/Linear/2024-11-08T14_14_47,measured,9334,9324.0,10.0,1.0,22510.0,40843.0,n/a (full-length clip),ok,1.0,/media/toor/SeagatePortableDrive/AGING_MICE/Mouse1637/Round3.5/miniscope2024-11-08T14_14_47.avi
/media/toor/SeagateClean/Mouse1637/Round3.5/Linear/2024-11-09T14_30_28,measured,8412,8400.0,12.0,1.0,22505.0,40254.0,n/a (full-length clip),ok,1.0,/media/toor/SeagatePortableDrive/AGING_MICE/Mouse1637/Round3.5/miniscope2024-11-09T14_30_28.avi
/media/toor/SeagateClean/Mouse1637/Round3.5/Linear/2024-11-10T14_57_58,measured,8153,8148.0,5.0,1.0,22503.0,40915.0,n/a (full-length clip),ok,1.0,/media/toor/SeagatePortableDrive/AGING_MICE/Mouse1637/Round3.5/miniscope2024-11-10T14_57_58.avi
/media/toor/SeagateClean/Mouse1637/Round3.5/Linear/2024-11-11T14_09_51,measured,8460,8460.0,0.0,1.0,22500.0,41735.0,n/a (full-length clip),ok,1.0,/media/toor/SeagatePortableDrive/AGING_MICE/Mouse1637/Round3.5/miniscope2024-11-11T14_09_51.avi
/media/toor/SeagateClean/Mouse1637/Round3.5/Linear/2024-11-12T11_52_38,measured,8901,8880.0,21.0,1.0,22509.0,40907.0,n/a (full-length clip),ok,1.0,/media/toor/SeagatePortableDrive/AGING_MICE/Mouse1637/Round3.5/miniscope2024-11-12T11_52_38.avi
/media/toor/SeagateClean/Mouse1637/Round3.5/Linear/2024-11-13T13_14_55,measured,8369,8352.0,17.0,1.0,22504.0,39356.0,n/a (full-length clip),ok,1.0,/media/toor/SeagatePortableDrive/AGING_MICE/Mouse1637/Round3.5/miniscope2024-11-13T13_14_55.avi
/media/toor/SeagateClean/Mouse1637/Round3/Linear/2024-10-02T13_38_21,measured,1089,1068.0,21.0,1.0,22502.0,34212.0,n/a (full-length clip),ok,1.0,/media/toor/SeagatePortableDrive/AGING_MICE/Mouse1637/ThirdRound/miniscope2024-10-02T13_38_21.avi
/media/toor/SeagateClean/Mouse1637/Round3/Linear/2024-10-03T14_16_18,measured,9465,9444.0,21.0,1.0,22511.0,43101.0,n/a (full-length clip),ok,1.0,/media/toor/SeagatePortableDrive/AGING_MICE/Mouse1637/ThirdRound/miniscope2024-10-03T14_16_18.avi
/media/toor/SeagateClean/Mouse1637/Round3/Linear/2024-10-04T13_17_47,measured,8773,8760.0,13.0,1.0,22511.0,39749.0,n/a (full-length clip),ok,1.0,/media/toor/SeagatePortableDrive/AGING_MICE/Mouse1637/ThirdRound/miniscope2024-10-04T13_17_47.avi
/media/toor/SeagateClean/Mouse1637/Round3/Linear/2024-10-05T15_02_39,measured,697,696.0,1.0,1.0,22501.0,35187.0,n/a (full-length clip),ok,1.0,/media/toor/SeagatePortableDrive/AGING_MICE/Mouse1637/ThirdRound/miniscope2024-10-05T15_02_39.avi
/media/toor/SeagateClean/Mouse1637/Round3/Linear/2024-10-06T12_48_27,measured,980,972.0,8.0,1.0,22505.0,34095.0,n/a (full-length clip),ok,1.0,/media/toor/SeagatePortableDrive/AGING_MICE/Mouse1637/ThirdRound/miniscope2024-10-06T12_48_27.avi
/media/toor/SeagateClean/Mouse1637/Round3/Linear/2024-10-07T14_02_49,measured,1012,960.0,52.0,1.0,22507.0,33572.0,n/a (full-length clip),ok,1.0,/media/toor/SeagatePortableDrive/AGING_MICE/Mouse1637/ThirdRound/miniscope2024-10-07T14_02_49.avi
/media/toor/SeagateClean/Mouse1637/Round3/Linear/2024-10-08T13_45_20,measured,673,588.0,85.0,1.0,22506.0,32478.0,n/a (full-length clip),ok,1.0,/media/toor/SeagatePortableDrive/AGING_MICE/Mouse1637/ThirdRound/miniscope2024-10-08T13_45_20.avi
/media/toor/SeagateClean/Mouse1637/Round3/Linear/2024-10-09T14_12_40,measured,583,576.0,7.0,1.0,22505.0,32125.0,n/a (full-length clip),ok,1.0,/media/toor/SeagatePortableDrive/AGING_MICE/Mouse1637/ThirdRound/miniscope2024-10-09T14_12_40.avi
/media/toor/SeagateClean/Mouse1637/Round3/Linear/2024-10-10T12_58_46,measured,698,672.0,26.0,1.0,22504.0,33272.0,n/a (full-length clip),ok,1.0,/media/toor/SeagatePortableDrive/AGING_MICE/Mouse1637/ThirdRound/miniscope2024-10-10T12_58_46.avi
/media/toor/SeagateClean/Mouse1637/Round3/Linear/2024-10-11T15_17_23,measured,525,516.0,9.0,1.0,22508.0,32764.0,n/a (full-length clip),ok,1.0,/media/toor/SeagatePortableDrive/AGING_MICE/Mouse1637/ThirdRound/miniscope2024-10-11T15_17_23.avi
/media/toor/SeagateClean/Mouse1637/Round3/Linear/2024-10-12T14_58_08,measured,473,468.0,5.0,1.0,22501.0,33468.0,n/a (full-length clip),ok,1.0,/media/toor/SeagatePortableDrive/AGING_MICE/Mouse1637/ThirdRound/miniscope2024-10-12T14_58_08.avi
/media/toor/SeagateClean/Mouse1637/Round3/Linear/2024-10-14T13_05_45,no_exact_match,639,,,,,,,,,
/media/toor/SeagateClean/Mouse1637/Round3/Linear/2024-10-15T14_43_02,no_exact_match,594,,,,,,,,,
/media/toor/SeagateClean/Mouse1637/Round3/Linear/2024-10-16T13_38_56,no_exact_match,755,,,,,,,,,
/media/toor/SeagateClean/Mouse1637/Round3/Linear/2024-10-17T15_02_01,no_exact_match,1091,,,,,,,,,
/media/toor/SeagateClean/Mouse1637/Round3/Linear/2024-10-18T13_46_24,measured,699,660.0,39.0,1.0,22504.0,31988.0,n/a (full-length clip),ok,1.0,/media/toor/SeagatePortableDrive/AGING_MICE/Mouse1637/ThirdRound/miniscope2024-10-18T13_46_24.avi
/media/toor/SeagateClean/Mouse1637/Round3/Linear/2024-10-19T16_09_05,measured,301,300.0,1.0,1.0,22501.0,31925.0,n/a (full-length clip),ok,1.0,/media/toor/SeagatePortableDrive/AGING_MICE/Mouse1637/ThirdRound/miniscope2024-10-19T16_09_05.avi
/media/toor/SeagateClean/Mouse1637/Round3/Linear/2024-10-20T14_33_04,measured,427,420.0,7.0,1.0,22505.0,34632.0,n/a (full-length clip),ok,1.0,/media/toor/SeagatePortableDrive/AGING_MICE/Mouse1637/ThirdRound/miniscope2024-10-20T14_33_04.avi
/media/toor/SeagateClean/Mouse1637/Round3/Linear/2024-10-21T15_00_44,no_exact_match,456,,,,,,,,,
/media/toor/SeagateClean/Mouse1637/Round3/Linear/2024-10-22T12_51_41,no_exact_match,596,,,,,,,,,
/media/toor/SeagateClean/Mouse1637/Round3/Linear/2024-10-23T13_53_18,no_exact_match,635,,,,,,,,,
/media/toor/SeagateClean/Mouse1637/Round3/Linear/2024-10-24T14_09_39,no_exact_match,512,,,,,,,,,
/media/toor/SeagateClean/Mouse1637/Round3/Linear/2024-10-25T13_40_17,no_exact_match,468,,,,,,,,,
/media/toor/SeagateClean/Mouse1637/Round3/Linear/2024-10-26T13_14_59,measured,683,648.0,35.0,1.0,22502.0,35606.0,n/a (full-length clip),ok,1.0,/media/toor/SeagatePortableDrive/AGING_MICE/Mouse1637/ThirdRound/miniscope2024-10-26T13_14_59.avi
/media/toor/SeagateClean/Mouse1637/Round3/Linear/2024-10-27T15_22_15,measured,630,600.0,30.0,1.0,22503.0,31741.0,n/a (full-length clip),ok,1.0,/media/toor/SeagatePortableDrive/AGING_MICE/Mouse1637/ThirdRound/miniscope2024-10-27T15_22_15.avi
/media/toor/SeagateClean/Mouse1637/Round3/Linear/2024-10-28T14_54_19,measured,1068,1008.0,60.0,1.0,22501.0,36397.0,n/a (full-length clip),ok,1.0,/media/toor/SeagatePortableDrive/AGING_MICE/Mouse1637/ThirdRound/miniscope2024-10-28T14_54_19.avi
/media/toor/SeagateClean/Mouse1637/Round3/Linear/2024-10-29T15_19_08,measured,456,456.0,0.0,1.0,22500.0,31872.0,n/a (full-length clip),ok,1.0,/media/toor/SeagatePortableDrive/AGING_MICE/Mouse1637/ThirdRound/miniscope2024-10-29T15_19_08.avi
/media/toor/SeagateClean/Mouse1637/Round3/Linear/2024-10-30T14_36_05,measured,672,660.0,12.0,1.0,22506.0,32370.0,n/a (full-length clip),ok,1.0,/media/toor/SeagatePortableDrive/AGING_MICE/Mouse1637/ThirdRound/miniscope2024-10-30T14_36_05.avi
/media/toor/SeagateClean/Mouse1639/Round1.5/Linear/2024-06-13T13_52_41,measured,5000,4992.0,8.0,1.0,24008.0,31845.0,n/a (full-length clip),ok,3.0,/media/toor/Seagate2/Mouse1639/Round1.5/Linear_untrimmed/2024-06-13T13_52_41/miniscope2024-06-13T13_52_41.avi
/media/toor/SeagateClean/Mouse1639/Round1.5/Linear/2024-06-14T18_45_28,measured,5000,4992.0,8.0,1.0,24008.0,33824.0,n/a (full-length clip),ok,3.0,/media/toor/Seagate2/Mouse1639/Round1.5/Linear_untrimmed/2024-06-14T18_45_28/miniscope2024-06-14T18_45_28.avi
/media/toor/SeagateClean/Mouse1639/Round1.5/Linear/2024-06-15T16_27_44,measured,5000,4992.0,8.0,1.0,24008.0,32309.0,n/a (full-length clip),ok,3.0,/media/toor/Seagate2/Mouse1639/Round1.5/Linear_untrimmed/2024-06-15T16_27_44/miniscope2024-06-15T16_27_44.avi
/media/toor/SeagateClean/Mouse1639/Round1.5/Linear/2024-06-16T11_12_23,measured,5000,4992.0,8.0,1.0,24008.0,32911.0,n/a (full-length clip),ok,3.0,/media/toor/Seagate2/Mouse1639/Round1.5/Linear_untrimmed/2024-06-16T11_12_23/miniscope2024-06-16T11_12_23.avi
/media/toor/SeagateClean/Mouse1639/Round1.5/Linear/2024-06-17T12_28_56,measured,5000,4992.0,8.0,1.0,24008.0,32603.0,n/a (full-length clip),ok,3.0,/media/toor/Seagate2/Mouse1639/Round1.5/Linear_untrimmed/2024-06-17T12_28_56/miniscope2024-06-17T12_28_56.avi
/media/toor/SeagateClean/Mouse1639/Round1.5/Linear/2024-06-18T15_06_31,measured,5000,4992.0,8.0,1.0,24008.0,32588.0,n/a (full-length clip),ok,3.0,/media/toor/Seagate2/Mouse1639/Round1.5/Linear_untrimmed/2024-06-18T15_06_31/miniscope2024-06-18T15_06_31.avi
/media/toor/SeagateClean/Mouse1639/Round1.5/Linear/2024-06-19T12_12_26,measured,5000,4992.0,8.0,1.0,24008.0,33521.0,n/a (full-length clip),ok,3.0,/media/toor/Seagate2/Mouse1639/Round1.5/Linear_untrimmed/2024-06-19T12_12_26/miniscope2024-06-19T12_12_26.avi
/media/toor/SeagateClean/Mouse1639/Round1.5/Linear/2024-06-20T15_59_49,measured,11890,11880.0,10.0,1.0,23749.0,35629.0,CONFIRMS (truncated clip),ok,3.0,/media/toor/Seagate2/Mouse1639/Round1.5/Linear_untrimmed/2024-06-20T15_59_49/miniscope2024-06-20T15_59_49.avi
/media/toor/SeagateClean/Mouse1639/Round1.5/Linear/2024-06-21T14_58_49,measured,5000,4992.0,8.0,1.0,20343.0,25335.0,CONFIRMS (truncated clip),ok,3.0,/media/toor/Seagate2/Mouse1639/Round1.5/Linear_untrimmed/2024-06-21T14_58_49/miniscope2024-06-21T14_58_49.avi
/media/toor/SeagateClean/Mouse1639/Round1.5/Linear/2024-06-22T15_01_27,measured,9015,9011.0,4.0,1.0,19139.0,28150.0,CONFIRMS (truncated clip),ok,3.0,/media/toor/Seagate2/Mouse1639/Round1.5/Linear_untrimmed/2024-06-22T15_01_27/miniscope2024-06-22T15_01_27.avi
/media/toor/SeagateClean/Mouse1639/Round1.5/Linear/2024-06-23T10_06_28,measured,9154,9144.0,10.0,1.0,24010.0,43202.0,n/a (full-length clip),ok,3.0,/media/toor/Seagate2/Mouse1639/Round1.5/Linear_untrimmed/2024-06-23T10_06_28/miniscope2024-06-23T10_06_28.avi
/media/toor/SeagateClean/Mouse1639/Round1.5/Linear/2024-06-24T14_44_30,measured,5000,4992.0,8.0,1.0,24008.0,32787.0,n/a (full-length clip),ok,3.0,/media/toor/Seagate2/Mouse1639/Round1.5/Linear_untrimmed/2024-06-24T14_44_30/miniscope2024-06-24T14_44_30.avi
/media/toor/SeagateClean/Mouse1639/Round1.5/Linear/2024-06-25T16_54_55,measured,8671,8664.0,7.0,1.0,17601.0,26265.0,CONFIRMS (truncated clip),ok,3.0,/media/toor/Seagate2/Mouse1639/Round1.5/Linear_untrimmed/2024-06-25T16_54_55/miniscope2024-06-25T16_54_55.avi
/media/toor/SeagateClean/Mouse1639/Round1.5/Linear/2024-06-26T15_06_41,measured,9167,9156.0,11.0,1.0,16727.0,25883.0,CONFIRMS (truncated clip),ok,3.0,/media/toor/Seagate2/Mouse1639/Round1.5/Linear_untrimmed/2024-06-26T15_06_41/miniscope2024-06-26T15_06_41.avi
/media/toor/SeagateClean/Mouse1639/Round1.5/Linear/2024-06-27T15_28_46,measured,8959,8952.0,7.0,1.0,18505.0,27457.0,CONFIRMS (truncated clip),ok,3.0,/media/toor/Seagate2/Mouse1639/Round1.5/Linear_untrimmed/2024-06-27T15_28_46/miniscope2024-06-27T15_28_46.avi
/media/toor/SeagateClean/Mouse1639/Round1.5/Linear/2024-06-28T15_31_33,measured,5000,4992.0,8.0,1.0,17546.0,22538.0,CONFIRMS (truncated clip),ok,3.0,/media/toor/Seagate2/Mouse1639/Round1.5/Linear_untrimmed/2024-06-28T15_31_33/miniscope2024-06-28T15_31_33.avi
/media/toor/SeagateClean/Mouse1639/Round1.5/Linear/2024-06-29T19_31_37,measured,8670,8664.0,6.0,1.0,17924.0,26588.0,CONFIRMS (truncated clip),ok,3.0,/media/toor/Seagate2/Mouse1639/Round1.5/Linear_untrimmed/2024-06-29T19_31_37/miniscope2024-06-29T19_31_37.avi
/media/toor/SeagateClean/Mouse1639/Round1.5/TMaze/2024-06-13T13_22_52,measured,9404,9396.0,8.0,1.0,24008.0,42218.0,n/a (full-length clip),ok,4.0,/media/toor/Seagate2/Mouse1639/Round1.5/Linear_untrimmed/2024-06-13T13_22_52/miniscope2024-06-13T13_22_52.avi
/media/toor/SeagateClean/Mouse1639/Round1.5/TMaze/2024-06-14T18_15_58,measured,9186,9180.0,6.0,1.0,24006.0,41450.0,n/a (full-length clip),ok,4.0,/media/toor/Seagate2/Mouse1639/Round1.5/Linear_untrimmed/2024-06-14T18_15_58/miniscope2024-06-14T18_15_58.avi
/media/toor/SeagateClean/Mouse1639/Round1.5/TMaze/2024-06-15T15_57_38,measured,8467,8460.0,7.0,1.0,24007.0,42885.0,n/a (full-length clip),ok,3.0,/media/toor/Seagate2/Mouse1639/Round1.5/TMaze_untrimmed/2024-06-15T15_57_38/miniscope2024-06-15T15_57_38.avi
/media/toor/SeagateClean/Mouse1639/Round1.5/TMaze/2024-06-16T10_41_55,measured,8808,8808.0,0.0,1.0,24000.0,42768.0,n/a (full-length clip),ok,3.0,/media/toor/Seagate2/Mouse1639/Round1.5/TMaze_untrimmed/2024-06-16T10_41_55/miniscope2024-06-16T10_41_55.avi
/media/toor/SeagateClean/Mouse1639/Round1.5/TMaze/2024-06-17T12_00_15,measured,8455,8449.0,6.0,1.0,24006.0,40432.0,n/a (full-length clip),ok,3.0,/media/toor/Seagate2/Mouse1639/Round1.5/TMaze_untrimmed/2024-06-17T12_00_15/miniscope2024-06-17T12_00_15.avi
/media/toor/SeagateClean/Mouse1639/Round1.5/TMaze/2024-06-18T14_39_25,measured,654,648.0,6.0,1.0,24006.0,32308.0,n/a (full-length clip),ok,3.0,/media/toor/Seagate2/Mouse1639/Round1.5/TMaze_untrimmed/2024-06-18T14_39_25/miniscope2024-06-18T14_39_25.avi
/media/toor/SeagateClean/Mouse1639/Round1.5/TMaze/2024-06-19T11_41_30,measured,8921,8916.0,5.0,1.0,24005.0,43786.0,n/a (full-length clip),ok,3.0,/media/toor/Seagate2/Mouse1639/Round1.5/TMaze_untrimmed/2024-06-19T11_41_30/miniscope2024-06-19T11_41_30.avi
/media/toor/SeagateClean/Mouse1639/Round1.5/TMaze/2024-06-20T16_25_17,measured,719,708.0,11.0,1.0,24011.0,25660.0,n/a (full-length clip),ok,3.0,/media/toor/Seagate2/Mouse1639/Round1.5/TMaze_untrimmed/2024-06-20T16_25_17/miniscope2024-06-20T16_25_17.avi
/media/toor/SeagateClean/Mouse1639/Round1.5/TMaze/2024-06-21T14_34_25,measured,7966,7956.0,10.0,1.0,24010.0,34041.0,n/a (full-length clip),ok,3.0,/media/toor/Seagate2/Mouse1639/Round1.5/TMaze_untrimmed/2024-06-21T14_34_25/miniscope2024-06-21T14_34_25.avi
/media/toor/SeagateClean/Mouse1639/Round1.5/TMaze/2024-06-22T15_22_15,measured,627,624.0,3.0,1.0,24003.0,32408.0,n/a (full-length clip),ok,3.0,/media/toor/Seagate2/Mouse1639/Round1.5/TMaze_untrimmed/2024-06-22T15_22_15/miniscope2024-06-22T15_22_15.avi
/media/toor/SeagateClean/Mouse1639/Round1.5/TMaze/2024-06-23T10_36_54,measured,2594,2592.0,2.0,1.0,24002.0,36480.0,n/a (full-length clip),ok,3.0,/media/toor/Seagate2/Mouse1639/Round1.5/TMaze_untrimmed/2024-06-23T10_36_54/miniscope2024-06-23T10_36_54.avi
/media/toor/SeagateClean/Mouse1639/Round1.5/TMaze/2024-06-24T14_15_20,measured,9765,9756.0,9.0,1.0,24009.0,41419.0,n/a (full-length clip),ok,3.0,/media/toor/Seagate2/Mouse1639/Round1.5/TMaze_untrimmed/2024-06-24T14_15_20/miniscope2024-06-24T14_15_20.avi
/media/toor/SeagateClean/Mouse1639/Round1.5/TMaze/2024-06-25T17_14_17,measured,409,408.0,1.0,1.0,24001.0,31427.0,n/a (full-length clip),ok,3.0,/media/toor/Seagate2/Mouse1639/Round1.5/TMaze_untrimmed/2024-06-25T17_14_17/miniscope2024-06-25T17_14_17.avi
/media/toor/SeagateClean/Mouse1639/Round1.5/TMaze/2024-06-26T15_26_18,measured,770,768.0,2.0,1.0,24002.0,31998.0,n/a (full-length clip),ok,3.0,/media/toor/Seagate2/Mouse1639/Round1.5/TMaze_untrimmed/2024-06-26T15_26_18/miniscope2024-06-26T15_26_18.avi
/media/toor/SeagateClean/Mouse1639/Round1.5/TMaze/2024-06-27T15_49_12,measured,517,516.0,1.0,1.0,24001.0,32878.0,n/a (full-length clip),ok,3.0,/media/toor/Seagate2/Mouse1639/Round1.5/TMaze_untrimmed/2024-06-27T15_49_12/miniscope2024-06-27T15_49_12.avi
/media/toor/SeagateClean/Mouse1639/Round1.5/TMaze/2024-06-28T15_07_15,measured,9894,9888.0,6.0,1.0,23216.0,33104.0,CONFIRMS (truncated clip),ok,3.0,/media/toor/Seagate2/Mouse1639/Round1.5/TMaze_untrimmed/2024-06-28T15_07_15/miniscope2024-06-28T15_07_15.avi
/media/toor/SeagateClean/Mouse1639/Round1.5/TMaze/2024-06-29T19_50_39,measured,661,660.0,1.0,1.0,18775.0,19435.0,CONFIRMS (truncated clip),ok,3.0,/media/toor/Seagate2/Mouse1639/Round1.5/TMaze_untrimmed/2024-06-29T19_50_39/miniscope2024-06-29T19_50_39.avi
/media/toor/SeagateClean/Mouse1639/Round1/Linear/2024-05-23T17_10_09,measured,5000,4992.0,8.0,1.0,24008.0,34872.0,n/a (full-length clip),ok,2.0,/media/toor/Seagate2/Mouse1639/Round1/Linear_untrimmed/2024-05-23T17_10_09/miniscope2024-05-23T17_10_09.avi
/media/toor/SeagateClean/Mouse1639/Round1/Linear/2024-05-24T17_02_07,measured,8807,8796.0,11.0,1.0,24011.0,46309.0,n/a (full-length clip),ok,2.0,/media/toor/Seagate2/Mouse1639/Round1/Linear_untrimmed/2024-05-24T17_02_07/miniscope2024-05-24T17_02_07.avi
/media/toor/SeagateClean/Mouse1639/Round1/Linear/2024-05-25T19_15_57,measured,5000,4992.0,8.0,1.0,12001.0,16993.0,CONFIRMS (truncated clip),ok,2.0,/media/toor/Seagate2/Mouse1639/Round1/Linear_untrimmed/2024-05-25T19_15_57/miniscope2024-05-25T19_15_57.avi
/media/toor/SeagateClean/Mouse1639/Round1/Linear/2024-05-26T13_33_52,measured,9830,9828.0,2.0,1.0,24002.0,46349.0,n/a (full-length clip),ok,2.0,/media/toor/Seagate2/Mouse1639/Round1/Linear_untrimmed/2024-05-26T13_33_52/miniscope2024-05-26T13_33_52.avi
/media/toor/SeagateClean/Mouse1639/Round1/Linear/2024-05-27T14_38_30,measured,9184,9180.0,4.0,1.0,24004.0,44118.0,n/a (full-length clip),ok,3.0,/media/toor/Seagate2/Mouse1639/Round1/Linear_untrimmed/2024-05-27T14_38_30/miniscope2024-05-27T14_38_30.avi
/media/toor/SeagateClean/Mouse1639/Round1/Linear/2024-05-28T13_57_12,measured,9250,9240.0,10.0,1.0,24010.0,47401.0,n/a (full-length clip),ok,3.0,/media/toor/Seagate2/Mouse1639/Round1/Linear_untrimmed/2024-05-28T13_57_12/miniscope2024-05-28T13_57_12.avi
/media/toor/SeagateClean/Mouse1639/Round1/Linear/2024-05-29T17_24_09,measured,9105,9096.0,9.0,1.0,24009.0,41205.0,n/a (full-length clip),ok,3.0,/media/toor/Seagate2/Mouse1639/Round1/Linear_untrimmed/2024-05-29T17_24_09/miniscope2024-05-29T17_24_09.avi
/media/toor/SeagateClean/Mouse1639/Round1/Linear/2024-05-30T14_05_49,measured,10845,10836.0,9.0,1.0,24009.0,47267.0,n/a (full-length clip),ok,3.0,/media/toor/Seagate2/Mouse1639/Round1/Linear_untrimmed/2024-05-30T14_05_49/miniscope2024-05-30T14_05_49.avi
/media/toor/SeagateClean/Mouse1639/Round1/Linear/2024-05-31T13_05_57,measured,8868,8868.0,0.0,1.0,24000.0,40469.0,n/a (full-length clip),ok,3.0,/media/toor/Seagate2/Mouse1639/Round1/Linear_untrimmed/2024-05-31T13_05_57/miniscope2024-05-31T13_05_57.avi
/media/toor/SeagateClean/Mouse1639/Round1/Linear/2024-06-01T16_27_44,measured,8822,8820.0,2.0,1.0,24002.0,40692.0,n/a (full-length clip),ok,3.0,/media/toor/Seagate2/Mouse1639/Round1/Linear_untrimmed/2024-06-01T16_27_44/miniscope2024-06-01T16_27_44.avi
/media/toor/SeagateClean/Mouse1639/Round1/Linear/2024-06-02T14_06_58,measured,9446,9444.0,2.0,1.0,24002.0,41413.0,n/a (full-length clip),ok,3.0,/media/toor/Seagate2/Mouse1639/Round1/Linear_untrimmed/2024-06-02T14_06_58/miniscope2024-06-02T14_06_58.avi
/media/toor/SeagateClean/Mouse1639/Round1/Linear/2024-06-03T13_32_48,measured,9067,9060.0,7.0,1.0,24007.0,41844.0,n/a (full-length clip),ok,3.0,/media/toor/Seagate2/Mouse1639/Round1/Linear_untrimmed/2024-06-03T13_32_48/miniscope2024-06-03T13_32_48.avi
/media/toor/SeagateClean/Mouse1639/Round1/Linear/2024-06-04T08_50_54,measured,11106,11100.0,6.0,1.0,24006.0,47884.0,n/a (full-length clip),ok,3.0,/media/toor/Seagate2/Mouse1639/Round1/Linear_untrimmed/2024-06-04T08_50_54/miniscope2024-06-04T08_50_54.avi
/media/toor/SeagateClean/Mouse1639/Round1/Linear/2024-06-05T10_42_51,measured,10021,10020.0,1.0,1.0,24001.0,39400.0,n/a (full-length clip),ok,2.0,/media/toor/Seagate2/Mouse1639/Round1/Linear_untrimmed/2024-06-05T10_42_51/miniscope2024-06-05T10_42_51.avi
/media/toor/SeagateClean/Mouse1639/Round1/Linear/2024-06-06T13_34_19,measured,9113,9108.0,5.0,1.0,24005.0,41278.0,n/a (full-length clip),ok,3.0,/media/toor/Seagate2/Mouse1639/Round1/Linear_untrimmed/2024-06-06T13_34_19/miniscope2024-06-06T13_34_19.avi
/media/toor/SeagateClean/Mouse1639/Round1/Linear/2024-06-07T13_58_48,measured,7933,7764.0,169.0,1.0,24001.0,42381.0,n/a (full-length clip),ok,3.0,/media/toor/Seagate2/Mouse1639/Round1/Linear_untrimmed/2024-06-07T13_58_48/miniscope2024-06-07T13_58_48.avi
/media/toor/SeagateClean/Mouse1639/Round3/Linear/2024-10-02T14_09_12,measured,9292,9288.0,4.0,1.0,24004.0,43862.0,n/a (full-length clip),ok,3.0,/media/toor/Seagate2/Mouse1639/Round3/Linear_untrimmed/2024-10-02T14_09_12/miniscope2024-10-02T14_09_12.avi
/media/toor/SeagateClean/Mouse1639/Round3/Linear/2024-10-03T13_46_50,measured,1224,1224.0,0.0,1.0,24000.0,38354.0,n/a (full-length clip),ok,2.0,/media/toor/Seagate2/Mouse1639/Round3/Linear_untrimmed/2024-10-03T13_46_50/miniscope2024-10-03T13_46_50.avi
/media/toor/SeagateClean/Mouse1639/Round3/Linear/2024-10-04T12_50_19,measured,1915,1908.0,7.0,1.0,24007.0,36926.0,n/a (full-length clip),ok,2.0,/media/toor/Seagate2/Mouse1639/Round3/Linear_untrimmed/2024-10-04T12_50_19/miniscope2024-10-04T12_50_19.avi
/media/toor/SeagateClean/Mouse1639/Round3/Linear/2024-10-05T16_06_36,measured,758,756.0,2.0,1.0,24002.0,33312.0,n/a (full-length clip),ok,2.0,/media/toor/Seagate2/Mouse1639/Round3/Linear_untrimmed/2024-10-05T16_06_36/miniscope2024-10-05T16_06_36.avi
/media/toor/SeagateClean/Mouse1639/Round3/Linear/2024-10-06T13_27_29,measured,2642,2640.0,2.0,1.0,7970.0,10610.0,CONFIRMS (truncated clip),ok,2.0,/media/toor/Seagate2/Mouse1639/Round3/Linear_untrimmed/2024-10-06T13_27_29/miniscope2024-10-06T13_27_29.avi
/media/toor/SeagateClean/Mouse1639/Round3/Linear/2024-10-09T13_15_21,measured,699,696.0,3.0,1.0,24003.0,36338.0,n/a (full-length clip),ok,2.0,/media/toor/Seagate2/Mouse1639/Round3/Linear_untrimmed/2024-10-09T13_15_21/miniscope2024-10-09T13_15_21.avi
/media/toor/SeagateClean/Mouse1639/Round3/Linear/2024-10-10T13_55_26,measured,524,516.0,8.0,1.0,24008.0,34774.0,n/a (full-length clip),ok,2.0,/media/toor/Seagate2/Mouse1639/Round3/Linear_untrimmed/2024-10-10T13_55_26/miniscope2024-10-10T13_55_26.avi
/media/toor/SeagateClean/Mouse1639/Round3/Linear/2024-10-11T14_21_13,measured,417,408.0,9.0,1.0,24009.0,33434.0,n/a (full-length clip),ok,2.0,/media/toor/Seagate2/Mouse1639/Round3/Linear_untrimmed/2024-10-11T14_21_13/miniscope2024-10-11T14_21_13.avi
/media/toor/SeagateClean/Mouse1639/Round3/Linear/2024-10-13T13_34_29,measured,561,552.0,9.0,1.0,24009.0,33407.0,n/a (full-length clip),ok,2.0,/media/toor/Seagate2/Mouse1639/Round3/Linear_untrimmed/2024-10-13T13_34_29/miniscope2024-10-13T13_34_29.avi
/media/toor/SeagateClean/Mouse1639/Round3/Linear/2024-10-14T13_58_59,measured,538,528.0,10.0,1.0,24010.0,31750.0,n/a (full-length clip),ok,2.0,/media/toor/Seagate2/Mouse1639/Round3/Linear_untrimmed/2024-10-14T13_58_59/miniscope2024-10-14T13_58_59.avi
/media/toor/SeagateClean/Mouse1639/Round3/Linear/2024-10-15T13_49_39,measured,611,600.0,11.0,1.0,24011.0,32357.0,n/a (full-length clip),ok,2.0,/media/toor/Seagate2/Mouse1639/Round3/Linear_untrimmed/2024-10-15T13_49_39/miniscope2024-10-15T13_49_39.avi
/media/toor/SeagateClean/Mouse1639/Round3/Linear/2024-10-16T14_31_09,measured,661,660.0,1.0,1.0,24001.0,31788.0,n/a (full-length clip),ok,2.0,/media/toor/Seagate2/Mouse1639/Round3/Linear_untrimmed/2024-10-16T14_31_09/miniscope2024-10-16T14_31_09.avi
/media/toor/SeagateClean/Mouse1639/Round3/Linear/2024-10-17T14_06_13,measured,429,420.0,9.0,1.0,24009.0,33456.0,n/a (full-length clip),ok,2.0,/media/toor/Seagate2/Mouse1639/Round3/Linear_untrimmed/2024-10-17T14_06_13/miniscope2024-10-17T14_06_13.avi
/media/toor/SeagateClean/Mouse1639/Round3/Linear/2024-10-18T14_42_40,measured,447,444.0,3.0,1.0,24003.0,33298.0,n/a (full-length clip),ok,2.0,/media/toor/Seagate2/Mouse1639/Round3/Linear_untrimmed/2024-10-18T14_42_40/miniscope2024-10-18T14_42_40.avi
/media/toor/SeagateClean/Mouse1639/Round3/Linear/2024-10-19T15_14_46,measured,642,636.0,6.0,1.0,24006.0,33089.0,n/a (full-length clip),ok,2.0,/media/toor/Seagate2/Mouse1639/Round3/Linear_untrimmed/2024-10-19T15_14_46/miniscope2024-10-19T15_14_46.avi
/media/toor/SeagateClean/Mouse1639/Round3/Linear/2024-10-21T14_07_35,measured,444,444.0,0.0,1.0,24000.0,32455.0,n/a (full-length clip),ok,2.0,/media/toor/Seagate2/Mouse1639/Round3/Linear_untrimmed/2024-10-21T14_07_35/miniscope2024-10-21T14_07_35.avi
/media/toor/SeagateClean/Mouse1639/Round3/Linear/2024-10-22T13_48_53,measured,730,720.0,10.0,1.0,24010.0,31794.0,n/a (full-length clip),ok,2.0,/media/toor/Seagate2/Mouse1639/Round3/Linear_untrimmed/2024-10-22T13_48_53/miniscope2024-10-22T13_48_53.avi
/media/toor/SeagateClean/Mouse1639/Round3/Linear/2024-10-23T13_01_49,measured,463,456.0,7.0,1.0,24007.0,31803.0,n/a (full-length clip),ok,2.0,/media/toor/Seagate2/Mouse1639/Round3/Linear_untrimmed/2024-10-23T13_01_49/miniscope2024-10-23T13_01_49.avi
/media/toor/SeagateClean/Mouse1639/Round3/Linear/2024-10-24T15_05_35,measured,445,444.0,1.0,1.0,24001.0,33119.0,n/a (full-length clip),ok,2.0,/media/toor/Seagate2/Mouse1639/Round3/Linear_untrimmed/2024-10-24T15_05_35/miniscope2024-10-24T15_05_35.avi
/media/toor/SeagateClean/Mouse1639/Round3/Linear/2024-10-25T12_48_11,measured,776,768.0,8.0,1.0,24008.0,32359.0,n/a (full-length clip),ok,2.0,/media/toor/Seagate2/Mouse1639/Round3/Linear_untrimmed/2024-10-25T12_48_11/miniscope2024-10-25T12_48_11.avi
/media/toor/SeagateClean/Mouse1639/Round3/Linear/2024-10-26T14_12_14,measured,707,696.0,11.0,1.0,24011.0,32001.0,n/a (full-length clip),ok,2.0,/media/toor/Seagate2/Mouse1639/Round3/Linear_untrimmed/2024-10-26T14_12_14/miniscope2024-10-26T14_12_14.avi
/media/toor/SeagateClean/Mouse1639/Round3/Linear/2024-10-27T14_30_47,measured,775,768.0,7.0,1.0,24007.0,31243.0,n/a (full-length clip),ok,2.0,/media/toor/Seagate2/Mouse1639/Round3/Linear_untrimmed/2024-10-27T14_30_47/miniscope2024-10-27T14_30_47.avi
/media/toor/SeagateClean/Mouse1639/Round3/Linear/2024-10-28T15_47_54,measured,630,624.0,6.0,1.0,24006.0,33365.0,n/a (full-length clip),ok,2.0,/media/toor/Seagate2/Mouse1639/Round3/Linear_untrimmed/2024-10-28T15_47_54/miniscope2024-10-28T15_47_54.avi
/media/toor/SeagateClean/Mouse1639/Round3/Linear/2024-10-29T14_25_39,measured,412,408.0,4.0,1.0,24004.0,32891.0,n/a (full-length clip),ok,2.0,/media/toor/Seagate2/Mouse1639/Round3/Linear_untrimmed/2024-10-29T14_25_39/miniscope2024-10-29T14_25_39.avi
/media/toor/SeagateClean/Mouse1639/Round3/TMaze/2024-10-02T14_41_31,no_exact_match,5000,,,,,,,,,
/media/toor/SeagateClean/Mouse1639/Round3/TMaze/2024-10-03T13_15_08,measured,10117,10116.0,1.0,1.0,22501.0,44995.0,n/a (full-length clip),ok,2.0,/media/toor/Seagate2/Mouse1639/Round3/TMaze_untrimmed/2024-10-03T13_15_08/miniscope2024-10-03T13_15_08.avi
/media/toor/SeagateClean/Mouse1639/Round3/TMaze/2024-10-04T12_17_06,measured,9746,9744.0,2.0,1.0,22502.0,46691.0,n/a (full-length clip),ok,2.0,/media/toor/Seagate2/Mouse1639/Round3/TMaze_untrimmed/2024-10-04T12_17_06/miniscope2024-10-04T12_17_06.avi
/media/toor/SeagateClean/Mouse1639/Round3/TMaze/2024-10-05T15_31_25,measured,9325,9324.0,1.0,1.0,22501.0,49716.0,n/a (full-length clip),ok,2.0,/media/toor/Seagate2/Mouse1639/Round3/TMaze_untrimmed/2024-10-05T15_31_25/miniscope2024-10-05T15_31_25.avi
/media/toor/SeagateClean/Mouse1639/Round3/TMaze/2024-10-09T12_44_33,measured,10132,10128.0,4.0,1.0,22504.0,43592.0,n/a (full-length clip),ok,2.0,/media/toor/Seagate2/Mouse1639/Round3/TMaze_untrimmed/2024-10-09T12_44_33/miniscope2024-10-09T12_44_33.avi
/media/toor/SeagateClean/Mouse1639/Round3/TMaze/2024-10-10T13_24_35,measured,9122,9120.0,2.0,1.0,22502.0,43269.0,n/a (full-length clip),ok,2.0,/media/toor/Seagate2/Mouse1639/Round3/TMaze_untrimmed/2024-10-10T13_24_35/miniscope2024-10-10T13_24_35.avi
/media/toor/SeagateClean/Mouse1639/Round3/TMaze/2024-10-11T13_49_03,measured,9993,9984.0,9.0,1.0,22509.0,45416.0,n/a (full-length clip),ok,2.0,/media/toor/Seagate2/Mouse1639/Round3/TMaze_untrimmed/2024-10-11T13_49_03/miniscope2024-10-11T13_49_03.avi
/media/toor/SeagateClean/Mouse1639/Round3/TMaze/2024-10-13T13_03_25,measured,9061,9060.0,1.0,1.0,22501.0,44168.0,n/a (full-length clip),ok,2.0,/media/toor/Seagate2/Mouse1639/Round3/TMaze_untrimmed/2024-10-13T13_03_25/miniscope2024-10-13T13_03_25.avi
/media/toor/SeagateClean/Mouse1639/Round3/TMaze/2024-10-14T13_30_32,measured,8713,8712.0,1.0,1.0,22501.0,40453.0,n/a (full-length clip),ok,2.0,/media/toor/Seagate2/Mouse1639/Round3/TMaze_untrimmed/2024-10-14T13_30_32/miniscope2024-10-14T13_30_32.avi
/media/toor/SeagateClean/Mouse1639/Round3/TMaze/2024-10-15T13_21_12,measured,9399,9396.0,3.0,1.0,22503.0,40486.0,n/a (full-length clip),ok,2.0,/media/toor/Seagate2/Mouse1639/Round3/TMaze_untrimmed/2024-10-15T13_21_12/miniscope2024-10-15T13_21_12.avi
/media/toor/SeagateClean/Mouse1639/Round3/TMaze/2024-10-16T14_03_07,measured,8775,8772.0,3.0,1.0,22503.0,40104.0,n/a (full-length clip),ok,2.0,/media/toor/Seagate2/Mouse1639/Round3/TMaze_untrimmed/2024-10-16T14_03_07/miniscope2024-10-16T14_03_07.avi
/media/toor/SeagateClean/Mouse1639/Round3/TMaze/2024-10-17T13_35_01,measured,9024,9024.0,0.0,1.0,22500.0,43679.0,n/a (full-length clip),ok,2.0,/media/toor/Seagate2/Mouse1639/Round3/TMaze_untrimmed/2024-10-17T13_35_01/miniscope2024-10-17T13_35_01.avi
/media/toor/SeagateClean/Mouse1639/Round3/TMaze/2024-10-18T14_10_37,measured,9362,9360.0,2.0,1.0,22502.0,45935.0,n/a (full-length clip),ok,2.0,/media/toor/Seagate2/Mouse1639/Round3/TMaze_untrimmed/2024-10-18T14_10_37/miniscope2024-10-18T14_10_37.avi
/media/toor/SeagateClean/Mouse1639/Round3/TMaze/2024-10-19T14_43_39,measured,9014,9012.0,2.0,1.0,22502.0,44348.0,n/a (full-length clip),ok,2.0,/media/toor/Seagate2/Mouse1639/Round3/TMaze_untrimmed/2024-10-19T14_43_39/miniscope2024-10-19T14_43_39.avi
/media/toor/SeagateClean/Mouse1639/Round3/TMaze/2024-10-21T13_35_16,measured,8661,8652.0,9.0,1.0,22509.0,44076.0,n/a (full-length clip),ok,2.0,/media/toor/Seagate2/Mouse1639/Round3/TMaze_untrimmed/2024-10-21T13_35_16/miniscope2024-10-21T13_35_16.avi
/media/toor/SeagateClean/Mouse1639/Round3/TMaze/2024-10-22T13_16_52,measured,8273,8268.0,5.0,1.0,22505.0,45666.0,n/a (full-length clip),ok,2.0,/media/toor/Seagate2/Mouse1639/Round3/TMaze_untrimmed/2024-10-22T13_16_52/miniscope2024-10-22T13_16_52.avi
/media/toor/SeagateClean/Mouse1639/Round3/TMaze/2024-10-23T12_13_17,measured,8971,8964.0,7.0,1.0,9800.0,18764.0,CONFIRMS (truncated clip),ok,2.0,/media/toor/Seagate2/Mouse1639/Round3/TMaze_untrimmed/2024-10-23T12_13_17/miniscope2024-10-23T12_13_17.avi
/media/toor/SeagateClean/Mouse1639/Round3/TMaze/2024-10-23T12_33_51,measured,8470,8460.0,10.0,1.0,22510.0,39725.0,n/a (full-length clip),ok,2.0,/media/toor/Seagate2/Mouse1639/Round3/TMaze_untrimmed/2024-10-23T12_33_51/miniscope2024-10-23T12_33_51.avi
/media/toor/SeagateClean/Mouse1639/Round3/TMaze/2024-10-24T14_35_02,measured,9851,9840.0,11.0,1.0,22511.0,43781.0,n/a (full-length clip),ok,2.0,/media/toor/Seagate2/Mouse1639/Round3/TMaze_untrimmed/2024-10-24T14_35_02/miniscope2024-10-24T14_35_02.avi
/media/toor/SeagateClean/Mouse1639/Round3/TMaze/2024-10-25T12_18_16,measured,8377,8376.0,1.0,1.0,22501.0,42108.0,n/a (full-length clip),ok,2.0,/media/toor/Seagate2/Mouse1639/Round3/TMaze_untrimmed/2024-10-25T12_18_16/miniscope2024-10-25T12_18_16.avi
/media/toor/SeagateClean/Mouse1639/Round3/TMaze/2024-10-27T14_02_35,measured,8614,8604.0,10.0,1.0,22510.0,40450.0,n/a (full-length clip),ok,2.0,/media/toor/Seagate2/Mouse1639/Round3/TMaze_untrimmed/2024-10-27T14_02_35/miniscope2024-10-27T14_02_35.avi
/media/toor/SeagateClean/Mouse1639/Round3/TMaze/2024-10-28T15_19_05,measured,8778,8772.0,6.0,1.0,22506.0,41473.0,n/a (full-length clip),ok,2.0,/media/toor/Seagate2/Mouse1639/Round3/TMaze_untrimmed/2024-10-28T15_19_05/miniscope2024-10-28T15_19_05.avi
/media/toor/SeagateClean/Mouse1639/Round3/TMaze/2024-10-29T13_54_38,measured,8272,8268.0,4.0,1.0,22504.0,43581.0,n/a (full-length clip),ok,2.0,/media/toor/Seagate2/Mouse1639/Round3/TMaze_untrimmed/2024-10-29T13_54_38/miniscope2024-10-29T13_54_38.avi
/media/toor/SeagateClean/Mouse1639/Round3/TMaze/2024-10-30T15_01_42,measured,8839,8828.0,11.0,1.0,22511.0,42575.0,n/a (full-length clip),ok,2.0,/media/toor/Seagate2/Mouse1639/Round3/TMaze_untrimmed/2024-10-30T15_01_42/miniscope2024-10-30T15_01_42.avi
/media/toor/SeagateClean/Mouse943/Round1/2025-11-19T17_24_26 - LINEAR RECORDED AT 6 HZ,measured,8330,8329.0,1.0,1.0,4045.0,12374.0,CONFIRMS (truncated clip),ok,1.0,/media/toor/Seagate2/Mouse943/2025-11-19T17_24_26/Miniscope2025-11-19T17_24_26.avi
/media/toor/SeagateClean/Mouse943/Round1/2025-11-26T17_02_57 - appears with line in registration but otherwise fine,measured,8175,8171.0,4.0,1.0,22504.0,39806.0,n/a (full-length clip),ok,4.0,/media/toor/Seagate2/Mouse943/awaiting_dlc/2025-11-26T17_02_57/Miniscope2025-11-26T17_02_57.avi
/media/toor/SeagateClean/Mouse943/Round1/Linear/2025-11-17T17_15_35,measured,9251,9250.0,1.0,1.0,22501.0,47258.0,n/a (full-length clip),ok,4.0,/media/toor/Seagate2/Mouse943/2025-11-17T17_15_35/Miniscope2025-11-17T17_15_35.avi
/media/toor/SeagateClean/Mouse943/Round1/Linear/2025-11-18T17_44_50,measured,10216,10216.0,0.0,1.0,22500.0,44926.0,n/a (full-length clip),ok,5.0,/media/toor/Seagate2/Mouse943/2025-11-18T17_44_50/Miniscope2025-11-18T17_44_50.avi
/media/toor/SeagateClean/Mouse943/Round1/Linear/2025-11-19T17_32_53,measured,5007,4999.0,8.0,1.0,22508.0,35157.0,n/a (full-length clip),ok,2.0,/media/toor/Seagate2/Mouse943/2025-11-19T17_32_53/Miniscope2025-11-19T17_32_53.avi
/media/toor/SeagateClean/Mouse943/Round1/Linear/2025-11-20T16_55_03,measured,9142,9140.0,2.0,1.0,22502.0,50683.0,n/a (full-length clip),ok,4.0,/media/toor/Seagate2/Mouse943/untrimmed/2025-11-20T16_55_03/Miniscope2025-11-20T16_55_03.avi
/media/toor/SeagateClean/Mouse943/Round1/Linear/2025-11-21T17_35_42,measured,8390,8382.0,8.0,1.0,22508.0,53480.0,n/a (full-length clip),ok,4.0,/media/toor/Seagate2/Mouse943/2025-11-21T17_35_42/Miniscope2025-11-21T17_35_42.avi
/media/toor/SeagateClean/Mouse943/Round1/Linear/2025-11-22T17_18_48,measured,8439,8433.0,6.0,1.0,22506.0,45085.0,n/a (full-length clip),ok,4.0,/media/toor/Seagate2/Mouse943/2025-11-22T17_18_48/Miniscope2025-11-22T17_18_48.avi
/media/toor/SeagateClean/Mouse943/Round1/Linear/2025-11-23T17_04_03,measured,9010,9002.0,8.0,1.0,22508.0,41762.0,n/a (full-length clip),ok,3.0,/media/toor/Seagate2/Mouse943/untrimmed/2025-11-23T17_04_03/Miniscope2025-11-23T17_04_03.avi
/media/toor/SeagateClean/Mouse943/Round1/Linear/2025-11-24T17_32_55,measured,9315,9306.0,9.0,1.0,22509.0,63351.0,n/a (full-length clip),ok,1.0,/media/toor/Seagate2/Mouse943/untrimmed/2025-11-24T17_32_55/Miniscope2025-11-24T17_32_55.avi
/media/toor/SeagateClean/Mouse943/Round1/Linear/2025-11-25T17_31_54,measured,10515,10515.0,0.0,1.0,22500.0,33760.0,n/a (full-length clip),ok,3.0,/media/toor/Seagate2/Mouse943/awaiting_dlc/2025-11-25T17_31_54/Miniscope2025-11-25T17_31_54.avi
/media/toor/SeagateClean/Mouse943/Round1/Linear/2025-11-27T17_19_18,measured,8537,8537.0,0.0,1.0,22500.0,39614.0,n/a (full-length clip),ok,3.0,/media/toor/Seagate2/Mouse943/awaiting_dlc/2025-11-27T17_19_18/Miniscope2025-11-27T17_19_18.avi
/media/toor/SeagateClean/Mouse943/Round1/Linear/2025-11-29T17_45_37,measured,8186,8185.0,1.0,1.0,22501.0,37596.0,n/a (full-length clip),ok,2.0,/media/toor/Seagate2/Mouse943/awaiting_dlc/2025-11-29T17_45_37/Miniscope2025-11-29T17_45_37.avi
/media/toor/SeagateClean/Mouse943/Round1/Linear/2025-11-30T17_35_05,measured,8618,8613.0,5.0,1.0,22505.0,39471.0,n/a (full-length clip),ok,2.0,/media/toor/Seagate2/Mouse943/awaiting_dlc/2025-11-30T17_35_05/Miniscope2025-11-30T17_35_05.avi
/media/toor/SeagateClean/Mouse943/Round1/Linear/2025-12-01T17_49_14,measured,8687,8687.0,0.0,1.0,22500.0,41006.0,n/a (full-length clip),ok,3.0,/media/toor/Seagate2/Mouse943/awaiting_dlc/2025-12-01T17_49_14/Miniscope2025-12-01T17_49_14.avi
/media/toor/SeagateClean/Mouse945/Round1/Linear/2026-01-21T17_26_52,measured,11888,11879.0,9.0,1.0,24009.0,63438.0,n/a (full-length clip),ok,2.0,/media/toor/Seagate3/YOUNG_MICE/Mouse945/Linear/concat/2026-01-21T17_26_52/Miniscope2026-01-21T17_26_52.avi
/media/toor/SeagateClean/Mouse945/Round1/Linear/2026-01-22T16_13_55,measured,9522,9515.0,7.0,1.0,24007.0,52946.0,n/a (full-length clip),ok,2.0,/media/toor/Seagate3/YOUNG_MICE/Mouse945/Linear/concat/2026-01-22T16_13_55/Miniscope2026-01-22T16_13_55.avi
/media/toor/SeagateClean/Mouse945/Round1/Linear/2026-01-23T16_11_57,measured,12170,12164.0,6.0,1.0,24006.0,52384.0,n/a (full-length clip),ok,2.0,/media/toor/Seagate3/YOUNG_MICE/Mouse945/Linear/concat/2026-01-23T16_11_57/Miniscope2026-01-23T16_11_57.avi
/media/toor/SeagateClean/Mouse945/Round1/Linear/2026-01-24T16_07_58,measured,9464,9454.0,10.0,1.0,24010.0,47311.0,n/a (full-length clip),ok,2.0,/media/toor/Seagate3/YOUNG_MICE/Mouse945/Linear/concat/2026-01-24T16_07_58/Miniscope2026-01-24T16_07_58.avi
/media/toor/SeagateClean/Mouse945/Round1/Linear/2026-01-25T16_38_57,measured,10306,10298.0,8.0,1.0,24008.0,44192.0,n/a (full-length clip),ok,2.0,/media/toor/Seagate3/YOUNG_MICE/Mouse945/Linear/concat/2026-01-25T16_38_57/Miniscope2026-01-25T16_38_57.avi
/media/toor/SeagateClean/Mouse945/Round1/Linear/2026-01-26T17_01_36,measured,8810,8801.0,9.0,1.0,24009.0,40664.0,n/a (full-length clip),ok,2.0,/media/toor/Seagate3/YOUNG_MICE/Mouse945/Linear/concat/2026-01-26T17_01_36/Miniscope2026-01-26T17_01_36.avi
/media/toor/SeagateClean/Mouse945/Round1/Linear/2026-01-27T16_42_53,measured,9375,9371.0,4.0,1.0,24004.0,45655.0,n/a (full-length clip),ok,2.0,/media/toor/Seagate3/YOUNG_MICE/Mouse945/Linear/concat/2026-01-27T16_42_53/Miniscope2026-01-27T16_42_53.avi
/media/toor/SeagateClean/Mouse945/Round1/Linear/2026-01-28T16_39_36,measured,14110,14105.0,5.0,1.0,24005.0,47391.0,n/a (full-length clip),ok,2.0,/media/toor/Seagate3/YOUNG_MICE/Mouse945/Linear/concat/2026-01-28T16_39_36/Miniscope2026-01-28T16_39_36.avi
/media/toor/SeagateClean/Mouse945/Round1/Linear/2026-01-29T16_27_50,measured,8453,8448.0,5.0,1.0,24005.0,39595.0,n/a (full-length clip),ok,2.0,/media/toor/Seagate3/YOUNG_MICE/Mouse945/Linear/concat/2026-01-29T16_27_50/Miniscope2026-01-29T16_27_50.avi
/media/toor/SeagateClean/Mouse945/Round1/Linear/2026-01-30T17_14_09,measured,9029,9018.0,11.0,1.0,24011.0,43812.0,n/a (full-length clip),ok,2.0,/media/toor/Seagate3/YOUNG_MICE/Mouse945/Linear/concat/2026-01-30T17_14_09/Miniscope2026-01-30T17_14_09.avi
/media/toor/SeagateClean/Mouse945/Round1/Linear/2026-01-31T14_48_26,measured,8684,8681.0,3.0,1.0,24003.0,40577.0,n/a (full-length clip),ok,2.0,/media/toor/Seagate3/YOUNG_MICE/Mouse945/Linear/concat/2026-01-31T14_48_26/Miniscope2026-01-31T14_48_26.avi
/media/toor/SeagateClean/Mouse945/Round1/Linear/2026-02-01T16_25_53,measured,8500,8498.0,2.0,1.0,23078.0,31576.0,CONFIRMS (truncated clip),ok,2.0,/media/toor/Seagate3/YOUNG_MICE/Mouse945/Linear/concat/2026-02-01T16_25_53/Miniscope2026-02-01T16_25_53.avi
/media/toor/SeagateClean/Mouse945/Round1/Linear/2026-02-02T16_03_36,measured,9969,9964.0,5.0,1.0,24005.0,42199.0,n/a (full-length clip),ok,2.0,/media/toor/Seagate3/YOUNG_MICE/Mouse945/Linear/concat/2026-02-02T16_03_36/Miniscope2026-02-02T16_03_36.avi
/media/toor/SeagateClean/Mouse946/Round1/Linear/2026-01-21T16_01_20,measured,10918,10917.0,1.0,1.0,24001.0,58902.0,n/a (full-length clip),ok,6.0,/media/toor/Seagate2/YOUNG_MICE/Mouse946/Miniscope2026-01-21T16_01_20.avi
/media/toor/SeagateClean/Mouse946/Round1/Linear/2026-01-22T17_02_59,measured,10882,10882.0,0.0,1.0,24000.0,56823.0,n/a (full-length clip),ok,6.0,/media/toor/Seagate2/YOUNG_MICE/Mouse946/Miniscope2026-01-22T17_02_59.avi
/media/toor/SeagateClean/Mouse946/Round1/Linear/2026-01-23T15_38_26,measured,10363,10363.0,0.0,1.0,24000.0,42989.0,n/a (full-length clip),ok,6.0,/media/toor/Seagate2/YOUNG_MICE/Mouse946/Miniscope2026-01-23T15_38_26.avi
/media/toor/SeagateClean/Mouse946/Round1/Linear/2026-01-24T16_43_49,measured,9305,9305.0,0.0,1.0,24000.0,42109.0,n/a (full-length clip),ok,6.0,/media/toor/Seagate2/YOUNG_MICE/Mouse946/Miniscope2026-01-24T16_43_49.avi
/media/toor/SeagateClean/Mouse946/Round1/Linear/2026-01-25T16_08_08,measured,8625,8625.0,0.0,1.0,24000.0,41302.0,n/a (full-length clip),ok,6.0,/media/toor/Seagate2/YOUNG_MICE/Mouse946/Miniscope2026-01-25T16_08_08.avi
/media/toor/SeagateClean/Mouse946/Round1/Linear/2026-01-26T16_27_46,measured,10744,10744.0,0.0,1.0,24000.0,43901.0,n/a (full-length clip),ok,5.0,/media/toor/Seagate2/YOUNG_MICE/Mouse946/Miniscope2026-01-26T16_27_46.avi
/media/toor/SeagateClean/Mouse946/Round1/Linear/2026-01-27T16_08_54,measured,9065,9054.0,11.0,1.0,24011.0,40215.0,n/a (full-length clip),ok,6.0,/media/toor/Seagate2/YOUNG_MICE/Mouse946/Miniscope2026-01-27T16_08_54.avi
/media/toor/SeagateClean/Mouse946/Round1/Linear/2026-01-28T17_15_46,measured,9502,9501.0,1.0,1.0,24001.0,43261.0,n/a (full-length clip),ok,6.0,/media/toor/Seagate2/YOUNG_MICE/Mouse946/Miniscope2026-01-28T17_15_46.avi
/media/toor/SeagateClean/Mouse946/Round1/Linear/2026-01-29T15_55_09,measured,9069,9069.0,0.0,1.0,24000.0,42895.0,n/a (full-length clip),ok,6.0,/media/toor/Seagate2/YOUNG_MICE/Mouse946/Miniscope2026-01-29T15_55_09.avi
/media/toor/SeagateClean/Mouse946/Round1/Linear/2026-01-30T16_42_21,measured,10005,10004.0,1.0,1.0,24001.0,41199.0,n/a (full-length clip),ok,6.0,/media/toor/Seagate2/YOUNG_MICE/Mouse946/Miniscope2026-01-30T16_42_21.avi
/media/toor/SeagateClean/Mouse946/Round1/Linear/2026-01-31T15_19_37,measured,10463,10462.0,1.0,1.0,24001.0,42228.0,n/a (full-length clip),ok,6.0,/media/toor/Seagate2/YOUNG_MICE/Mouse946/Miniscope2026-01-31T15_19_37.avi
/media/toor/SeagateClean/Mouse946/Round1/Linear/2026-02-01T16_57_06,measured,11030,11030.0,0.0,1.0,24000.0,42473.0,n/a (full-length clip),ok,6.0,/media/toor/Seagate2/YOUNG_MICE/Mouse946/Miniscope2026-02-01T16_57_06.avi
/media/toor/SeagateClean/Mouse946/Round1/Linear/2026-02-02T16_35_57,measured,9799,9790.0,9.0,1.0,24009.0,41535.0,n/a (full-length clip),ok,5.0,/media/toor/Seagate2/YOUNG_MICE/Mouse946/Miniscope2026-02-02T16_35_57.avi
/media/toor/SeagateClean/Mouse946/Round1/Linear/2026-02-03T16_05_44,measured,9144,9142.0,2.0,1.0,24002.0,43372.0,n/a (full-length clip),ok,2.0,/media/toor/Seagate3/YOUNG_MICE/Mouse946/Linear/concat/2026-02-03T16_05_44/Miniscope2026-02-03T16_05_44.avi
/media/toor/SeagateClean/Mouse946/Round1/Linear/2026-02-04T15_40_49,measured,8768,8768.0,0.0,1.0,24000.0,40658.0,n/a (full-length clip),ok,2.0,/media/toor/Seagate3/YOUNG_MICE/Mouse946/Linear/concat/2026-02-04T15_40_49/Miniscope2026-02-04T15_40_49.avi
/media/toor/SeagateClean/Mouse946/Round1/Linear/2026-02-05T16_54_25,measured,10288,10280.0,8.0,1.0,24008.0,43306.0,n/a (full-length clip),ok,2.0,/media/toor/Seagate3/YOUNG_MICE/Mouse946/Linear/concat/2026-02-05T16_54_25/Miniscope2026-02-05T16_54_25.avi
/media/toor/SeagateClean/Mouse946/Round1/Linear/2026-02-06T16_02_16,measured,9162,9158.0,4.0,1.0,24004.0,41595.0,n/a (full-length clip),ok,2.0,/media/toor/Seagate3/YOUNG_MICE/Mouse946/Linear/concat/2026-02-06T16_02_16/Miniscope2026-02-06T16_02_16.avi
/media/toor/SeagateClean/Mouse946/Round1/Linear/2026-02-07T17_48_04,measured,7485,7478.0,7.0,1.0,24007.0,40520.0,n/a (full-length clip),ok,2.0,/media/toor/Seagate3/YOUNG_MICE/Mouse946/Linear/concat/2026-02-07T17_48_04/Miniscope2026-02-07T17_48_04.avi
/media/toor/SeagateClean/Mouse946/Round1/Linear/2026-02-08T15_10_35,measured,8299,8299.0,0.0,1.0,24000.0,41381.0,n/a (full-length clip),ok,2.0,/media/toor/Seagate3/YOUNG_MICE/Mouse946/Linear/concat/2026-02-08T15_10_35/Miniscope2026-02-08T15_10_35.avi
/media/toor/SeagateClean/Mouse946/Round1/Linear/2026-02-09T16_34_29,measured,8015,8007.0,8.0,1.0,24008.0,39443.0,n/a (full-length clip),ok,2.0,/media/toor/Seagate3/YOUNG_MICE/Mouse946/Linear/concat/2026-02-09T16_34_29/Miniscope2026-02-09T16_34_29.avi
